ts,strategy_id,symbol,event_type,market_state,regime,alpha_mode,reason,confidence,rr,compliance_ok,run_id,side,realized_r,hold_minutes
2026-03-11 23:34:36,A_VALIDATION_PIPELINE_V1,SPY,rejection_reason,CHOP,CHOP,OFF,alpha_mode_off,0.3349,2.0,True,,SELL,,
2026-03-11 23:34:36,A_VALIDATION_PIPELINE_V1,SPY,plan_skipped,CHOP,CHOP,OFF,alpha_mode_off,0.3349,2.0,True,,SELL,,
2026-03-11 23:34:41,A_VALIDATION_PIPELINE_V1,SPY,rejection_reason,CHOP,CHOP,OFF,alpha_mode_off,0.3349,2.0,True,,SELL,,
2026-03-11 23:34:41,A_VALIDATION_PIPELINE_V1,SPY,plan_skipped,CHOP,CHOP,OFF,alpha_mode_off,0.3349,2.0,True,,SELL,,
2026-03-11 23:34:45,A_VALIDATION_PIPELINE_V1,SPY,rejection_reason,CHOP,CHOP,OFF,alpha_mode_off,0.3349,2.0,True,,SELL,,
2026-03-11 23:34:45,A_VALIDATION_PIPELINE_V1,SPY,plan_skipped,CHOP,CHOP,OFF,alpha_mode_off,0.3349,2.0,True,,SELL,,
2026-03-11 23:34:50,A_VALIDATION_PIPELINE_V1,SPY,rejection_reason,CHOP,CHOP,OFF,alpha_mode_off,0.3349,2.0,True,,SELL,,
2026-03-11 23:34:50,A_VALIDATION_PIPELINE_V1,SPY,plan_skipped,CHOP,CHOP,OFF,alpha_mode_off,0.3349,2.0,True,,SELL,,
2026-03-11 23:34:54,A_VALIDATION_PIPELINE_V1,SPY,rejection_reason,CHOP,CHOP,OFF,alpha_mode_off,0.3349,2.0,True,,SELL,,
2026-03-11 23:34:54,A_VALIDATION_PIPELINE_V1,SPY,plan_skipped,CHOP,CHOP,OFF,alpha_mode_off,0.3349,2.0,True,,SELL,,
2026-03-11 23:34:58,A_VALIDATION_PIPELINE_V1,SPY,rejection_reason,CHOP,CHOP,OFF,alpha_mode_off,0.3349,2.0,True,,SELL,,
2026-03-11 23:34:58,A_VALIDATION_PIPELINE_V1,SPY,plan_skipped,CHOP,CHOP,OFF,alpha_mode_off,0.3349,2.0,True,,SELL,,
2026-03-11 23:35:03,A_VALIDATION_PIPELINE_V1,SPY,rejection_reason,CHOP,CHOP,OFF,alpha_mode_off,0.3349,2.0,True,,SELL,,
2026-03-11 23:35:03,A_VALIDATION_PIPELINE_V1,SPY,plan_skipped,CHOP,CHOP,OFF,alpha_mode_off,0.3349,2.0,True,,SELL,,
2026-03-11 23:35:07,A_VALIDATION_PIPELINE_V1,SPY,rejection_reason,CHOP,CHOP,OFF,alpha_mode_off,0.3349,2.0,True,,SELL,,
2026-03-11 23:35:07,A_VALIDATION_PIPELINE_V1,SPY,plan_skipped,CHOP,CHOP,OFF,alpha_mode_off,0.3349,2.0,True,,SELL,,
2026-03-11 23:35:12,A_VALIDATION_PIPELINE_V1,SPY,rejection_reason,CHOP,CHOP,OFF,alpha_mode_off,0.3349,2.0,True,,SELL,,
2026-03-11 23:35:12,A_VALIDATION_PIPELINE_V1,SPY,plan_skipped,CHOP,CHOP,OFF,alpha_mode_off,0.3349,2.0,True,,SELL,,
2026-03-11 23:35:16,A_VALIDATION_PIPELINE_V1,SPY,rejection_reason,CHOP,CHOP,OFF,alpha_mode_off,0.3349,2.0,True,,SELL,,
2026-03-11 23:35:16,A_VALIDATION_PIPELINE_V1,SPY,plan_skipped,CHOP,CHOP,OFF,alpha_mode_off,0.3349,2.0,True,,SELL,,
2026-03-11 23:35:21,A_VALIDATION_PIPELINE_V1,SPY,rejection_reason,CHOP,CHOP,OFF,alpha_mode_off,0.3349,2.0,True,,SELL,,
2026-03-11 23:35:21,A_VALIDATION_PIPELINE_V1,SPY,plan_skipped,CHOP,CHOP,OFF,alpha_mode_off,0.3349,2.0,True,,SELL,,
2026-03-11 23:35:25,A_VALIDATION_PIPELINE_V1,SPY,rejection_reason,CHOP,CHOP,OFF,alpha_mode_off,0.3349,2.0,True,,SELL,,
2026-03-11 23:35:25,A_VALIDATION_PIPELINE_V1,SPY,plan_skipped,CHOP,CHOP,OFF,alpha_mode_off,0.3349,2.0,True,,SELL,,
2026-03-11 23:35:30,A_VALIDATION_PIPELINE_V1,SPY,rejection_reason,CHOP,CHOP,OFF,alpha_mode_off,0.3349,2.0,True,,SELL,,
2026-03-11 23:35:30,A_VALIDATION_PIPELINE_V1,SPY,plan_skipped,CHOP,CHOP,OFF,alpha_mode_off,0.3349,2.0,True,,SELL,,
2026-03-11 23:35:34,A_VALIDATION_PIPELINE_V1,SPY,rejection_reason,CHOP,CHOP,OFF,alpha_mode_off,0.3349,2.0,True,,SELL,,
2026-03-11 23:35:34,A_VALIDATION_PIPELINE_V1,SPY,plan_skipped,CHOP,CHOP,OFF,alpha_mode_off,0.3349,2.0,True,,SELL,,
2026-03-11 23:35:39,A_VALIDATION_PIPELINE_V1,SPY,rejection_reason,CHOP,CHOP,OFF,alpha_mode_off,0.3349,2.0,True,,SELL,,
2026-03-11 23:35:39,A_VALIDATION_PIPELINE_V1,SPY,plan_skipped,CHOP,CHOP,OFF,alpha_mode_off,0.3349,2.0,True,,SELL,,
2026-03-11 23:35:43,A_VALIDATION_PIPELINE_V1,SPY,rejection_reason,CHOP,CHOP,OFF,alpha_mode_off,0.3349,2.0,True,,SELL,,
2026-03-11 23:35:43,A_VALIDATION_PIPELINE_V1,SPY,plan_skipped,CHOP,CHOP,OFF,alpha_mode_off,0.3349,2.0,True,,SELL,,
2026-03-11 23:35:48,A_VALIDATION_PIPELINE_V1,SPY,rejection_reason,CHOP,CHOP,OFF,alpha_mode_off,0.3349,2.0,True,,SELL,,
2026-03-11 23:35:48,A_VALIDATION_PIPELINE_V1,SPY,plan_skipped,CHOP,CHOP,OFF,alpha_mode_off,0.3349,2.0,True,,SELL,,
2026-03-11 23:35:52,A_VALIDATION_PIPELINE_V1,SPY,rejection_reason,CHOP,CHOP,OFF,alpha_mode_off,0.3349,2.0,True,,SELL,,
2026-03-11 23:35:52,A_VALIDATION_PIPELINE_V1,SPY,plan_skipped,CHOP,CHOP,OFF,alpha_mode_off,0.3349,2.0,True,,SELL,,
2026-03-11 23:35:57,A_VALIDATION_PIPELINE_V1,SPY,rejection_reason,CHOP,CHOP,OFF,alpha_mode_off,0.3349,2.0,True,,SELL,,
2026-03-11 23:35:57,A_VALIDATION_PIPELINE_V1,SPY,plan_skipped,CHOP,CHOP,OFF,alpha_mode_off,0.3349,2.0,True,,SELL,,
2026-03-11 23:36:02,A_VALIDATION_PIPELINE_V1,SPY,rejection_reason,CHOP,CHOP,OFF,alpha_mode_off,0.3349,2.0,True,,SELL,,
2026-03-11 23:36:02,A_VALIDATION_PIPELINE_V1,SPY,plan_skipped,CHOP,CHOP,OFF,alpha_mode_off,0.3349,2.0,True,,SELL,,
2026-03-11 23:36:06,A_VALIDATION_PIPELINE_V1,SPY,rejection_reason,CHOP,CHOP,OFF,alpha_mode_off,0.3349,2.0,True,,SELL,,
2026-03-11 23:36:06,A_VALIDATION_PIPELINE_V1,SPY,plan_skipped,CHOP,CHOP,OFF,alpha_mode_off,0.3349,2.0,True,,SELL,,
2026-03-11 23:36:11,A_VALIDATION_PIPELINE_V1,SPY,rejection_reason,CHOP,CHOP,OFF,alpha_mode_off,0.3349,2.0,True,,SELL,,
2026-03-11 23:36:11,A_VALIDATION_PIPELINE_V1,SPY,plan_skipped,CHOP,CHOP,OFF,alpha_mode_off,0.3349,2.0,True,,SELL,,
2026-03-11 23:36:15,A_VALIDATION_PIPELINE_V1,SPY,rejection_reason,CHOP,CHOP,OFF,alpha_mode_off,0.3349,2.0,True,,SELL,,
2026-03-11 23:36:15,A_VALIDATION_PIPELINE_V1,SPY,plan_skipped,CHOP,CHOP,OFF,alpha_mode_off,0.3349,2.0,True,,SELL,,
2026-03-11 23:36:20,A_VALIDATION_PIPELINE_V1,SPY,rejection_reason,CHOP,CHOP,OFF,alpha_mode_off,0.3349,2.0,True,,SELL,,
2026-03-11 23:36:20,A_VALIDATION_PIPELINE_V1,SPY,plan_skipped,CHOP,CHOP,OFF,alpha_mode_off,0.3349,2.0,True,,SELL,,
2026-03-11 23:36:24,A_VALIDATION_PIPELINE_V1,SPY,rejection_reason,CHOP,CHOP,OFF,alpha_mode_off,0.3349,2.0,True,,SELL,,
2026-03-11 23:36:24,A_VALIDATION_PIPELINE_V1,SPY,plan_skipped,CHOP,CHOP,OFF,alpha_mode_off,0.3349,2.0,True,,SELL,,
2026-03-11 23:36:29,A_VALIDATION_PIPELINE_V1,SPY,rejection_reason,CHOP,CHOP,OFF,alpha_mode_off,0.3349,2.0,True,,SELL,,
2026-03-11 23:36:29,A_VALIDATION_PIPELINE_V1,SPY,plan_skipped,CHOP,CHOP,OFF,alpha_mode_off,0.3349,2.0,True,,SELL,,
2026-03-11 23:36:33,A_VALIDATION_PIPELINE_V1,SPY,rejection_reason,CHOP,CHOP,OFF,alpha_mode_off,0.3349,2.0,True,,SELL,,
2026-03-11 23:36:33,A_VALIDATION_PIPELINE_V1,SPY,plan_skipped,CHOP,CHOP,OFF,alpha_mode_off,0.3349,2.0,True,,SELL,,
2026-03-11 23:36:37,A_VALIDATION_PIPELINE_V1,SPY,rejection_reason,CHOP,CHOP,OFF,alpha_mode_off,0.3349,2.0,True,,SELL,,
2026-03-11 23:36:37,A_VALIDATION_PIPELINE_V1,SPY,plan_skipped,CHOP,CHOP,OFF,alpha_mode_off,0.3349,2.0,True,,SELL,,
2026-03-11 23:36:42,A_VALIDATION_PIPELINE_V1,SPY,rejection_reason,CHOP,CHOP,OFF,alpha_mode_off,0.3349,2.0,True,,SELL,,
2026-03-11 23:36:42,A_VALIDATION_PIPELINE_V1,SPY,plan_skipped,CHOP,CHOP,OFF,alpha_mode_off,0.3349,2.0,True,,SELL,,
2026-03-11 23:36:46,A_VALIDATION_PIPELINE_V1,SPY,rejection_reason,CHOP,CHOP,OFF,alpha_mode_off,0.3349,2.0,True,,SELL,,
2026-03-11 23:36:46,A_VALIDATION_PIPELINE_V1,SPY,plan_skipped,CHOP,CHOP,OFF,alpha_mode_off,0.3349,2.0,True,,SELL,,
2026-03-11 23:36:51,A_VALIDATION_PIPELINE_V1,SPY,rejection_reason,CHOP,CHOP,OFF,alpha_mode_off,0.3349,2.0,True,,SELL,,
2026-03-11 23:36:51,A_VALIDATION_PIPELINE_V1,SPY,plan_skipped,CHOP,CHOP,OFF,alpha_mode_off,0.3349,2.0,True,,SELL,,
2026-03-11 23:36:55,A_VALIDATION_PIPELINE_V1,SPY,rejection_reason,CHOP,CHOP,OFF,alpha_mode_off,0.3349,2.0,True,,SELL,,
2026-03-11 23:36:55,A_VALIDATION_PIPELINE_V1,SPY,plan_skipped,CHOP,CHOP,OFF,alpha_mode_off,0.3349,2.0,True,,SELL,,
2026-03-11 23:37:00,A_VALIDATION_PIPELINE_V1,SPY,rejection_reason,CHOP,CHOP,OFF,alpha_mode_off,0.3349,2.0,True,,SELL,,
2026-03-11 23:37:00,A_VALIDATION_PIPELINE_V1,SPY,plan_skipped,CHOP,CHOP,OFF,alpha_mode_off,0.3349,2.0,True,,SELL,,
2026-03-11 23:37:04,A_VALIDATION_PIPELINE_V1,SPY,rejection_reason,CHOP,CHOP,OFF,alpha_mode_off,0.3349,2.0,True,,SELL,,
2026-03-11 23:37:04,A_VALIDATION_PIPELINE_V1,SPY,plan_skipped,CHOP,CHOP,OFF,alpha_mode_off,0.3349,2.0,True,,SELL,,
2026-03-11 23:37:09,A_VALIDATION_PIPELINE_V1,SPY,rejection_reason,CHOP,CHOP,OFF,alpha_mode_off,0.3349,2.0,True,,SELL,,
2026-03-11 23:37:09,A_VALIDATION_PIPELINE_V1,SPY,plan_skipped,CHOP,CHOP,OFF,alpha_mode_off,0.3349,2.0,True,,SELL,,
2026-03-11 23:37:13,A_VALIDATION_PIPELINE_V1,SPY,rejection_reason,CHOP,CHOP,OFF,alpha_mode_off,0.3349,2.0,True,,SELL,,
2026-03-11 23:37:13,A_VALIDATION_PIPELINE_V1,SPY,plan_skipped,CHOP,CHOP,OFF,alpha_mode_off,0.3349,2.0,True,,SELL,,
2026-03-11 23:37:19,A_VALIDATION_PIPELINE_V1,SPY,rejection_reason,CHOP,CHOP,OFF,alpha_mode_off,0.3349,2.0,True,,SELL,,
2026-03-11 23:37:19,A_VALIDATION_PIPELINE_V1,SPY,plan_skipped,CHOP,CHOP,OFF,alpha_mode_off,0.3349,2.0,True,,SELL,,
2026-03-11 23:37:23,A_VALIDATION_PIPELINE_V1,SPY,rejection_reason,CHOP,CHOP,OFF,alpha_mode_off,0.3349,2.0,True,,SELL,,
2026-03-11 23:37:23,A_VALIDATION_PIPELINE_V1,SPY,plan_skipped,CHOP,CHOP,OFF,alpha_mode_off,0.3349,2.0,True,,SELL,,
2026-03-11 23:37:27,A_VALIDATION_PIPELINE_V1,SPY,rejection_reason,CHOP,CHOP,OFF,alpha_mode_off,0.3349,2.0,True,,SELL,,
2026-03-11 23:37:27,A_VALIDATION_PIPELINE_V1,SPY,plan_skipped,CHOP,CHOP,OFF,alpha_mode_off,0.3349,2.0,True,,SELL,,
2026-03-11 23:37:32,A_VALIDATION_PIPELINE_V1,SPY,rejection_reason,CHOP,CHOP,OFF,alpha_mode_off,0.3349,2.0,True,,SELL,,
2026-03-11 23:37:32,A_VALIDATION_PIPELINE_V1,SPY,plan_skipped,CHOP,CHOP,OFF,alpha_mode_off,0.3349,2.0,True,,SELL,,
2026-03-11 23:37:36,A_VALIDATION_PIPELINE_V1,SPY,rejection_reason,CHOP,CHOP,OFF,alpha_mode_off,0.3349,2.0,True,,SELL,,
2026-03-11 23:37:36,A_VALIDATION_PIPELINE_V1,SPY,plan_skipped,CHOP,CHOP,OFF,alpha_mode_off,0.3349,2.0,True,,SELL,,
2026-03-11 23:37:41,A_VALIDATION_PIPELINE_V1,SPY,rejection_reason,CHOP,CHOP,OFF,alpha_mode_off,0.3349,2.0,True,,SELL,,
2026-03-11 23:37:41,A_VALIDATION_PIPELINE_V1,SPY,plan_skipped,CHOP,CHOP,OFF,alpha_mode_off,0.3349,2.0,True,,SELL,,
2026-03-11 23:37:45,A_VALIDATION_PIPELINE_V1,SPY,rejection_reason,CHOP,CHOP,OFF,alpha_mode_off,0.3349,2.0,True,,SELL,,
2026-03-11 23:37:45,A_VALIDATION_PIPELINE_V1,SPY,plan_skipped,CHOP,CHOP,OFF,alpha_mode_off,0.3349,2.0,True,,SELL,,
2026-03-11 23:37:50,A_VALIDATION_PIPELINE_V1,SPY,rejection_reason,CHOP,CHOP,OFF,alpha_mode_off,0.3349,2.0,True,,SELL,,
2026-03-11 23:37:50,A_VALIDATION_PIPELINE_V1,SPY,plan_skipped,CHOP,CHOP,OFF,alpha_mode_off,0.3349,2.0,True,,SELL,,
2026-03-11 23:37:54,A_VALIDATION_PIPELINE_V1,SPY,rejection_reason,CHOP,CHOP,OFF,alpha_mode_off,0.3349,2.0,True,,SELL,,
2026-03-11 23:37:54,A_VALIDATION_PIPELINE_V1,SPY,plan_skipped,CHOP,CHOP,OFF,alpha_mode_off,0.3349,2.0,True,,SELL,,
2026-03-11 23:37:59,A_VALIDATION_PIPELINE_V1,SPY,rejection_reason,CHOP,CHOP,OFF,alpha_mode_off,0.3349,2.0,True,,SELL,,
2026-03-11 23:37:59,A_VALIDATION_PIPELINE_V1,SPY,plan_skipped,CHOP,CHOP,OFF,alpha_mode_off,0.3349,2.0,True,,SELL,,
2026-03-11 23:38:03,A_VALIDATION_PIPELINE_V1,SPY,rejection_reason,CHOP,CHOP,OFF,alpha_mode_off,0.3349,2.0,True,,SELL,,
2026-03-11 23:38:03,A_VALIDATION_PIPELINE_V1,SPY,plan_skipped,CHOP,CHOP,OFF,alpha_mode_off,0.3349,2.0,True,,SELL,,
2026-03-11 23:38:08,A_VALIDATION_PIPELINE_V1,SPY,rejection_reason,CHOP,CHOP,OFF,alpha_mode_off,0.3349,2.0,True,,SELL,,
2026-03-11 23:38:08,A_VALIDATION_PIPELINE_V1,SPY,plan_skipped,CHOP,CHOP,OFF,alpha_mode_off,0.3349,2.0,True,,SELL,,
2026-03-11 23:38:12,A_VALIDATION_PIPELINE_V1,SPY,rejection_reason,CHOP,CHOP,OFF,alpha_mode_off,0.3349,2.0,True,,SELL,,
2026-03-11 23:38:12,A_VALIDATION_PIPELINE_V1,SPY,plan_skipped,CHOP,CHOP,OFF,alpha_mode_off,0.3349,2.0,True,,SELL,,
2026-03-11 23:38:17,A_VALIDATION_PIPELINE_V1,SPY,rejection_reason,CHOP,CHOP,OFF,alpha_mode_off,0.3349,2.0,True,,SELL,,
2026-03-11 23:38:17,A_VALIDATION_PIPELINE_V1,SPY,plan_skipped,CHOP,CHOP,OFF,alpha_mode_off,0.3349,2.0,True,,SELL,,
2026-03-11 23:38:21,A_VALIDATION_PIPELINE_V1,SPY,rejection_reason,CHOP,CHOP,OFF,alpha_mode_off,0.3349,2.0,True,,SELL,,
2026-03-11 23:38:21,A_VALIDATION_PIPELINE_V1,SPY,plan_skipped,CHOP,CHOP,OFF,alpha_mode_off,0.3349,2.0,True,,SELL,,
2026-03-11 23:38:26,A_VALIDATION_PIPELINE_V1,SPY,rejection_reason,CHOP,CHOP,OFF,alpha_mode_off,0.3349,2.0,True,,SELL,,
2026-03-11 23:38:26,A_VALIDATION_PIPELINE_V1,SPY,plan_skipped,CHOP,CHOP,OFF,alpha_mode_off,0.3349,2.0,True,,SELL,,
2026-03-11 23:38:30,A_VALIDATION_PIPELINE_V1,SPY,rejection_reason,CHOP,CHOP,OFF,alpha_mode_off,0.3349,2.0,True,,SELL,,
2026-03-11 23:38:30,A_VALIDATION_PIPELINE_V1,SPY,plan_skipped,CHOP,CHOP,OFF,alpha_mode_off,0.3349,2.0,True,,SELL,,
2026-03-11 23:38:34,A_VALIDATION_PIPELINE_V1,SPY,rejection_reason,CHOP,CHOP,OFF,alpha_mode_off,0.3349,2.0,True,,SELL,,
2026-03-11 23:38:34,A_VALIDATION_PIPELINE_V1,SPY,plan_skipped,CHOP,CHOP,OFF,alpha_mode_off,0.3349,2.0,True,,SELL,,
2026-03-11 23:38:39,A_VALIDATION_PIPELINE_V1,SPY,rejection_reason,CHOP,CHOP,OFF,alpha_mode_off,0.3349,2.0,True,,SELL,,
2026-03-11 23:38:39,A_VALIDATION_PIPELINE_V1,SPY,plan_skipped,CHOP,CHOP,OFF,alpha_mode_off,0.3349,2.0,True,,SELL,,
2026-03-11 23:38:44,A_VALIDATION_PIPELINE_V1,SPY,rejection_reason,CHOP,CHOP,OFF,alpha_mode_off,0.3349,2.0,True,,SELL,,
2026-03-11 23:38:44,A_VALIDATION_PIPELINE_V1,SPY,plan_skipped,CHOP,CHOP,OFF,alpha_mode_off,0.3349,2.0,True,,SELL,,
2026-03-11 23:38:48,A_VALIDATION_PIPELINE_V1,SPY,rejection_reason,CHOP,CHOP,OFF,alpha_mode_off,0.3349,2.0,True,,SELL,,
2026-03-11 23:38:48,A_VALIDATION_PIPELINE_V1,SPY,plan_skipped,CHOP,CHOP,OFF,alpha_mode_off,0.3349,2.0,True,,SELL,,
2026-03-11 23:38:53,A_VALIDATION_PIPELINE_V1,SPY,rejection_reason,CHOP,CHOP,OFF,alpha_mode_off,0.3349,2.0,True,,SELL,,
2026-03-11 23:38:53,A_VALIDATION_PIPELINE_V1,SPY,plan_skipped,CHOP,CHOP,OFF,alpha_mode_off,0.3349,2.0,True,,SELL,,
2026-03-11 23:38:57,A_VALIDATION_PIPELINE_V1,SPY,rejection_reason,CHOP,CHOP,OFF,alpha_mode_off,0.3349,2.0,True,,SELL,,
2026-03-11 23:38:57,A_VALIDATION_PIPELINE_V1,SPY,plan_skipped,CHOP,CHOP,OFF,alpha_mode_off,0.3349,2.0,True,,SELL,,
2026-03-11 23:39:02,A_VALIDATION_PIPELINE_V1,SPY,rejection_reason,CHOP,CHOP,OFF,alpha_mode_off,0.3349,2.0,True,,SELL,,
2026-03-11 23:39:02,A_VALIDATION_PIPELINE_V1,SPY,plan_skipped,CHOP,CHOP,OFF,alpha_mode_off,0.3349,2.0,True,,SELL,,
2026-03-11 23:39:06,A_VALIDATION_PIPELINE_V1,SPY,rejection_reason,CHOP,CHOP,OFF,alpha_mode_off,0.3349,2.0,True,,SELL,,
2026-03-11 23:39:06,A_VALIDATION_PIPELINE_V1,SPY,plan_skipped,CHOP,CHOP,OFF,alpha_mode_off,0.3349,2.0,True,,SELL,,
2026-03-11 23:39:11,A_VALIDATION_PIPELINE_V1,SPY,rejection_reason,CHOP,CHOP,OFF,alpha_mode_off,0.3349,2.0,True,,SELL,,
2026-03-11 23:39:11,A_VALIDATION_PIPELINE_V1,SPY,plan_skipped,CHOP,CHOP,OFF,alpha_mode_off,0.3349,2.0,True,,SELL,,
2026-03-11 23:39:16,A_VALIDATION_PIPELINE_V1,SPY,rejection_reason,CHOP,CHOP,OFF,alpha_mode_off,0.3349,2.0,True,,SELL,,
2026-03-11 23:39:16,A_VALIDATION_PIPELINE_V1,SPY,plan_skipped,CHOP,CHOP,OFF,alpha_mode_off,0.3349,2.0,True,,SELL,,
2026-03-11 23:39:20,A_VALIDATION_PIPELINE_V1,SPY,rejection_reason,CHOP,CHOP,OFF,alpha_mode_off,0.3349,2.0,True,,SELL,,
2026-03-11 23:39:20,A_VALIDATION_PIPELINE_V1,SPY,plan_skipped,CHOP,CHOP,OFF,alpha_mode_off,0.3349,2.0,True,,SELL,,
2026-03-11 23:39:25,A_VALIDATION_PIPELINE_V1,SPY,rejection_reason,CHOP,CHOP,OFF,alpha_mode_off,0.3349,2.0,True,,SELL,,
2026-03-11 23:39:25,A_VALIDATION_PIPELINE_V1,SPY,plan_skipped,CHOP,CHOP,OFF,alpha_mode_off,0.3349,2.0,True,,SELL,,
2026-03-11 23:39:29,A_VALIDATION_PIPELINE_V1,SPY,rejection_reason,CHOP,CHOP,OFF,alpha_mode_off,0.3349,2.0,True,,SELL,,
2026-03-11 23:39:29,A_VALIDATION_PIPELINE_V1,SPY,plan_skipped,CHOP,CHOP,OFF,alpha_mode_off,0.3349,2.0,True,,SELL,,
2026-03-11 23:39:34,A_VALIDATION_PIPELINE_V1,SPY,rejection_reason,CHOP,CHOP,OFF,alpha_mode_off,0.3349,2.0,True,,SELL,,
2026-03-11 23:39:34,A_VALIDATION_PIPELINE_V1,SPY,plan_skipped,CHOP,CHOP,OFF,alpha_mode_off,0.3349,2.0,True,,SELL,,
2026-03-11 23:39:38,A_VALIDATION_PIPELINE_V1,SPY,rejection_reason,CHOP,CHOP,OFF,alpha_mode_off,0.3349,2.0,True,,SELL,,
2026-03-11 23:39:38,A_VALIDATION_PIPELINE_V1,SPY,plan_skipped,CHOP,CHOP,OFF,alpha_mode_off,0.3349,2.0,True,,SELL,,
2026-03-11 23:39:43,A_VALIDATION_PIPELINE_V1,SPY,rejection_reason,CHOP,CHOP,OFF,alpha_mode_off,0.3349,2.0,True,,SELL,,
2026-03-11 23:39:43,A_VALIDATION_PIPELINE_V1,SPY,plan_skipped,CHOP,CHOP,OFF,alpha_mode_off,0.3349,2.0,True,,SELL,,
2026-03-11 23:39:47,A_VALIDATION_PIPELINE_V1,SPY,rejection_reason,CHOP,CHOP,OFF,alpha_mode_off,0.3349,2.0,True,,SELL,,
2026-03-11 23:39:47,A_VALIDATION_PIPELINE_V1,SPY,plan_skipped,CHOP,CHOP,OFF,alpha_mode_off,0.3349,2.0,True,,SELL,,
2026-03-11 23:39:52,A_VALIDATION_PIPELINE_V1,SPY,rejection_reason,CHOP,CHOP,OFF,alpha_mode_off,0.3349,2.0,True,,SELL,,
2026-03-11 23:39:52,A_VALIDATION_PIPELINE_V1,SPY,plan_skipped,CHOP,CHOP,OFF,alpha_mode_off,0.3349,2.0,True,,SELL,,
2026-03-11 23:39:56,A_VALIDATION_PIPELINE_V1,SPY,rejection_reason,CHOP,CHOP,OFF,alpha_mode_off,0.3349,2.0,True,,SELL,,
2026-03-11 23:39:56,A_VALIDATION_PIPELINE_V1,SPY,plan_skipped,CHOP,CHOP,OFF,alpha_mode_off,0.3349,2.0,True,,SELL,,
2026-03-11 23:40:00,A_VALIDATION_PIPELINE_V1,SPY,rejection_reason,CHOP,CHOP,OFF,alpha_mode_off,0.3349,2.0,True,,SELL,,
2026-03-11 23:40:00,A_VALIDATION_PIPELINE_V1,SPY,plan_skipped,CHOP,CHOP,OFF,alpha_mode_off,0.3349,2.0,True,,SELL,,
2026-03-11 23:40:05,A_VALIDATION_PIPELINE_V1,SPY,rejection_reason,CHOP,CHOP,OFF,alpha_mode_off,0.3349,2.0,True,,SELL,,
2026-03-11 23:40:05,A_VALIDATION_PIPELINE_V1,SPY,plan_skipped,CHOP,CHOP,OFF,alpha_mode_off,0.3349,2.0,True,,SELL,,
2026-03-11 23:40:10,A_VALIDATION_PIPELINE_V1,SPY,rejection_reason,CHOP,CHOP,OFF,alpha_mode_off,0.3349,2.0,True,,SELL,,
2026-03-11 23:40:10,A_VALIDATION_PIPELINE_V1,SPY,plan_skipped,CHOP,CHOP,OFF,alpha_mode_off,0.3349,2.0,True,,SELL,,
2026-03-11 23:40:14,A_VALIDATION_PIPELINE_V1,SPY,rejection_reason,CHOP,CHOP,OFF,alpha_mode_off,0.3349,2.0,True,,SELL,,
2026-03-11 23:40:14,A_VALIDATION_PIPELINE_V1,SPY,plan_skipped,CHOP,CHOP,OFF,alpha_mode_off,0.3349,2.0,True,,SELL,,
2026-03-11 23:40:19,A_VALIDATION_PIPELINE_V1,SPY,rejection_reason,CHOP,CHOP,OFF,alpha_mode_off,0.3349,2.0,True,,SELL,,
2026-03-11 23:40:19,A_VALIDATION_PIPELINE_V1,SPY,plan_skipped,CHOP,CHOP,OFF,alpha_mode_off,0.3349,2.0,True,,SELL,,
2026-03-11 23:40:23,A_VALIDATION_PIPELINE_V1,SPY,rejection_reason,CHOP,CHOP,OFF,alpha_mode_off,0.3349,2.0,True,,SELL,,
2026-03-11 23:40:23,A_VALIDATION_PIPELINE_V1,SPY,plan_skipped,CHOP,CHOP,OFF,alpha_mode_off,0.3349,2.0,True,,SELL,,
2026-03-11 23:40:28,A_VALIDATION_PIPELINE_V1,SPY,rejection_reason,CHOP,CHOP,OFF,alpha_mode_off,0.3349,2.0,True,,SELL,,
2026-03-11 23:40:28,A_VALIDATION_PIPELINE_V1,SPY,plan_skipped,CHOP,CHOP,OFF,alpha_mode_off,0.3349,2.0,True,,SELL,,
2026-03-11 23:40:32,A_VALIDATION_PIPELINE_V1,SPY,rejection_reason,CHOP,CHOP,OFF,alpha_mode_off,0.3349,2.0,True,,SELL,,
2026-03-11 23:40:32,A_VALIDATION_PIPELINE_V1,SPY,plan_skipped,CHOP,CHOP,OFF,alpha_mode_off,0.3349,2.0,True,,SELL,,
2026-03-11 23:40:37,A_VALIDATION_PIPELINE_V1,SPY,rejection_reason,CHOP,CHOP,OFF,alpha_mode_off,0.3349,2.0,True,,SELL,,
2026-03-11 23:40:37,A_VALIDATION_PIPELINE_V1,SPY,plan_skipped,CHOP,CHOP,OFF,alpha_mode_off,0.3349,2.0,True,,SELL,,
2026-03-11 23:40:41,A_VALIDATION_PIPELINE_V1,SPY,rejection_reason,CHOP,CHOP,OFF,alpha_mode_off,0.3349,2.0,True,,SELL,,
2026-03-11 23:40:41,A_VALIDATION_PIPELINE_V1,SPY,plan_skipped,CHOP,CHOP,OFF,alpha_mode_off,0.3349,2.0,True,,SELL,,
2026-03-11 23:40:46,A_VALIDATION_PIPELINE_V1,SPY,rejection_reason,CHOP,CHOP,OFF,alpha_mode_off,0.3349,2.0,True,,SELL,,
2026-03-11 23:40:46,A_VALIDATION_PIPELINE_V1,SPY,plan_skipped,CHOP,CHOP,OFF,alpha_mode_off,0.3349,2.0,True,,SELL,,
2026-03-11 23:40:50,A_VALIDATION_PIPELINE_V1,SPY,rejection_reason,CHOP,CHOP,OFF,alpha_mode_off,0.3349,2.0,True,,SELL,,
2026-03-11 23:40:50,A_VALIDATION_PIPELINE_V1,SPY,plan_skipped,CHOP,CHOP,OFF,alpha_mode_off,0.3349,2.0,True,,SELL,,
2026-03-11 23:40:55,A_VALIDATION_PIPELINE_V1,SPY,rejection_reason,CHOP,CHOP,OFF,alpha_mode_off,0.3349,2.0,True,,SELL,,
2026-03-11 23:40:55,A_VALIDATION_PIPELINE_V1,SPY,plan_skipped,CHOP,CHOP,OFF,alpha_mode_off,0.3349,2.0,True,,SELL,,
2026-03-11 23:40:59,A_VALIDATION_PIPELINE_V1,SPY,rejection_reason,CHOP,CHOP,OFF,alpha_mode_off,0.3349,2.0,True,,SELL,,
2026-03-11 23:40:59,A_VALIDATION_PIPELINE_V1,SPY,plan_skipped,CHOP,CHOP,OFF,alpha_mode_off,0.3349,2.0,True,,SELL,,
2026-03-11 23:41:04,A_VALIDATION_PIPELINE_V1,SPY,rejection_reason,CHOP,CHOP,OFF,alpha_mode_off,0.3349,2.0,True,,SELL,,
2026-03-11 23:41:04,A_VALIDATION_PIPELINE_V1,SPY,plan_skipped,CHOP,CHOP,OFF,alpha_mode_off,0.3349,2.0,True,,SELL,,
2026-03-11 23:41:08,A_VALIDATION_PIPELINE_V1,SPY,rejection_reason,CHOP,CHOP,OFF,alpha_mode_off,0.3349,2.0,True,,SELL,,
2026-03-11 23:41:08,A_VALIDATION_PIPELINE_V1,SPY,plan_skipped,CHOP,CHOP,OFF,alpha_mode_off,0.3349,2.0,True,,SELL,,
2026-03-11 23:41:12,A_VALIDATION_PIPELINE_V1,SPY,rejection_reason,CHOP,CHOP,OFF,alpha_mode_off,0.3349,2.0,True,,SELL,,
2026-03-11 23:41:12,A_VALIDATION_PIPELINE_V1,SPY,plan_skipped,CHOP,CHOP,OFF,alpha_mode_off,0.3349,2.0,True,,SELL,,
2026-03-11 23:41:17,A_VALIDATION_PIPELINE_V1,SPY,rejection_reason,CHOP,CHOP,OFF,alpha_mode_off,0.3349,2.0,True,,SELL,,
2026-03-11 23:41:17,A_VALIDATION_PIPELINE_V1,SPY,plan_skipped,CHOP,CHOP,OFF,alpha_mode_off,0.3349,2.0,True,,SELL,,
2026-03-11 23:41:22,A_VALIDATION_PIPELINE_V1,SPY,rejection_reason,CHOP,CHOP,OFF,alpha_mode_off,0.3349,2.0,True,,SELL,,
2026-03-11 23:41:22,A_VALIDATION_PIPELINE_V1,SPY,plan_skipped,CHOP,CHOP,OFF,alpha_mode_off,0.3349,2.0,True,,SELL,,
2026-03-11 23:41:26,A_VALIDATION_PIPELINE_V1,SPY,rejection_reason,CHOP,CHOP,OFF,alpha_mode_off,0.3349,2.0,True,,SELL,,
2026-03-11 23:41:26,A_VALIDATION_PIPELINE_V1,SPY,plan_skipped,CHOP,CHOP,OFF,alpha_mode_off,0.3349,2.0,True,,SELL,,
2026-03-11 23:41:30,A_VALIDATION_PIPELINE_V1,SPY,rejection_reason,CHOP,CHOP,OFF,alpha_mode_off,0.3349,2.0,True,,SELL,,
2026-03-11 23:41:30,A_VALIDATION_PIPELINE_V1,SPY,plan_skipped,CHOP,CHOP,OFF,alpha_mode_off,0.3349,2.0,True,,SELL,,
2026-03-11 23:41:35,A_VALIDATION_PIPELINE_V1,SPY,rejection_reason,CHOP,CHOP,OFF,alpha_mode_off,0.3349,2.0,True,,SELL,,
2026-03-11 23:41:35,A_VALIDATION_PIPELINE_V1,SPY,plan_skipped,CHOP,CHOP,OFF,alpha_mode_off,0.3349,2.0,True,,SELL,,
2026-03-11 23:41:39,A_VALIDATION_PIPELINE_V1,SPY,rejection_reason,CHOP,CHOP,OFF,alpha_mode_off,0.3349,2.0,True,,SELL,,
2026-03-11 23:41:39,A_VALIDATION_PIPELINE_V1,SPY,plan_skipped,CHOP,CHOP,OFF,alpha_mode_off,0.3349,2.0,True,,SELL,,
2026-03-11 23:41:44,A_VALIDATION_PIPELINE_V1,SPY,rejection_reason,CHOP,CHOP,OFF,alpha_mode_off,0.3349,2.0,True,,SELL,,
2026-03-11 23:41:44,A_VALIDATION_PIPELINE_V1,SPY,plan_skipped,CHOP,CHOP,OFF,alpha_mode_off,0.3349,2.0,True,,SELL,,
2026-03-11 23:41:48,A_VALIDATION_PIPELINE_V1,SPY,rejection_reason,CHOP,CHOP,OFF,alpha_mode_off,0.3349,2.0,True,,SELL,,
2026-03-11 23:41:48,A_VALIDATION_PIPELINE_V1,SPY,plan_skipped,CHOP,CHOP,OFF,alpha_mode_off,0.3349,2.0,True,,SELL,,
2026-03-11 23:41:53,A_VALIDATION_PIPELINE_V1,SPY,rejection_reason,CHOP,CHOP,OFF,alpha_mode_off,0.3349,2.0,True,,SELL,,
2026-03-11 23:41:53,A_VALIDATION_PIPELINE_V1,SPY,plan_skipped,CHOP,CHOP,OFF,alpha_mode_off,0.3349,2.0,True,,SELL,,
2026-03-11 23:41:57,A_VALIDATION_PIPELINE_V1,SPY,rejection_reason,CHOP,CHOP,OFF,alpha_mode_off,0.3349,2.0,True,,SELL,,
2026-03-11 23:41:57,A_VALIDATION_PIPELINE_V1,SPY,plan_skipped,CHOP,CHOP,OFF,alpha_mode_off,0.3349,2.0,True,,SELL,,
2026-03-11 23:42:02,A_VALIDATION_PIPELINE_V1,SPY,rejection_reason,CHOP,CHOP,OFF,alpha_mode_off,0.3349,2.0,True,,SELL,,
2026-03-11 23:42:02,A_VALIDATION_PIPELINE_V1,SPY,plan_skipped,CHOP,CHOP,OFF,alpha_mode_off,0.3349,2.0,True,,SELL,,
2026-03-11 23:42:06,A_VALIDATION_PIPELINE_V1,SPY,rejection_reason,CHOP,CHOP,OFF,alpha_mode_off,0.3349,2.0,True,,SELL,,
2026-03-11 23:42:06,A_VALIDATION_PIPELINE_V1,SPY,plan_skipped,CHOP,CHOP,OFF,alpha_mode_off,0.3349,2.0,True,,SELL,,
2026-03-11 23:42:11,A_VALIDATION_PIPELINE_V1,SPY,rejection_reason,CHOP,CHOP,OFF,alpha_mode_off,0.3349,2.0,True,,SELL,,
2026-03-11 23:42:11,A_VALIDATION_PIPELINE_V1,SPY,plan_skipped,CHOP,CHOP,OFF,alpha_mode_off,0.3349,2.0,True,,SELL,,
2026-03-11 23:42:15,A_VALIDATION_PIPELINE_V1,SPY,rejection_reason,CHOP,CHOP,OFF,alpha_mode_off,0.3349,2.0,True,,SELL,,
2026-03-11 23:42:15,A_VALIDATION_PIPELINE_V1,SPY,plan_skipped,CHOP,CHOP,OFF,alpha_mode_off,0.3349,2.0,True,,SELL,,
2026-03-11 23:42:20,A_VALIDATION_PIPELINE_V1,SPY,rejection_reason,CHOP,CHOP,OFF,alpha_mode_off,0.3349,2.0,True,,SELL,,
2026-03-11 23:42:20,A_VALIDATION_PIPELINE_V1,SPY,plan_skipped,CHOP,CHOP,OFF,alpha_mode_off,0.3349,2.0,True,,SELL,,
2026-03-11 23:42:24,A_VALIDATION_PIPELINE_V1,SPY,rejection_reason,CHOP,CHOP,OFF,alpha_mode_off,0.3349,2.0,True,,SELL,,
2026-03-11 23:42:24,A_VALIDATION_PIPELINE_V1,SPY,plan_skipped,CHOP,CHOP,OFF,alpha_mode_off,0.3349,2.0,True,,SELL,,
2026-03-11 23:42:28,A_VALIDATION_PIPELINE_V1,SPY,rejection_reason,CHOP,CHOP,OFF,alpha_mode_off,0.3349,2.0,True,,SELL,,
2026-03-11 23:42:28,A_VALIDATION_PIPELINE_V1,SPY,plan_skipped,CHOP,CHOP,OFF,alpha_mode_off,0.3349,2.0,True,,SELL,,
2026-03-11 23:42:33,A_VALIDATION_PIPELINE_V1,SPY,rejection_reason,CHOP,CHOP,OFF,alpha_mode_off,0.3349,2.0,True,,SELL,,
2026-03-11 23:42:33,A_VALIDATION_PIPELINE_V1,SPY,plan_skipped,CHOP,CHOP,OFF,alpha_mode_off,0.3349,2.0,True,,SELL,,
2026-03-11 23:42:37,A_VALIDATION_PIPELINE_V1,SPY,rejection_reason,CHOP,CHOP,OFF,alpha_mode_off,0.3349,2.0,True,,SELL,,
2026-03-11 23:42:37,A_VALIDATION_PIPELINE_V1,SPY,plan_skipped,CHOP,CHOP,OFF,alpha_mode_off,0.3349,2.0,True,,SELL,,
2026-03-11 23:42:42,A_VALIDATION_PIPELINE_V1,SPY,rejection_reason,CHOP,CHOP,OFF,alpha_mode_off,0.3349,2.0,True,,SELL,,
2026-03-11 23:42:42,A_VALIDATION_PIPELINE_V1,SPY,plan_skipped,CHOP,CHOP,OFF,alpha_mode_off,0.3349,2.0,True,,SELL,,
2026-03-11 23:42:46,A_VALIDATION_PIPELINE_V1,SPY,rejection_reason,CHOP,CHOP,OFF,alpha_mode_off,0.3349,2.0,True,,SELL,,
2026-03-11 23:42:46,A_VALIDATION_PIPELINE_V1,SPY,plan_skipped,CHOP,CHOP,OFF,alpha_mode_off,0.3349,2.0,True,,SELL,,
2026-03-11 23:42:51,A_VALIDATION_PIPELINE_V1,SPY,rejection_reason,CHOP,CHOP,OFF,alpha_mode_off,0.3349,2.0,True,,SELL,,
2026-03-11 23:42:51,A_VALIDATION_PIPELINE_V1,SPY,plan_skipped,CHOP,CHOP,OFF,alpha_mode_off,0.3349,2.0,True,,SELL,,
2026-03-11 23:42:55,A_VALIDATION_PIPELINE_V1,SPY,rejection_reason,CHOP,CHOP,OFF,alpha_mode_off,0.3349,2.0,True,,SELL,,
2026-03-11 23:42:55,A_VALIDATION_PIPELINE_V1,SPY,plan_skipped,CHOP,CHOP,OFF,alpha_mode_off,0.3349,2.0,True,,SELL,,
2026-03-11 23:43:00,A_VALIDATION_PIPELINE_V1,SPY,rejection_reason,CHOP,CHOP,OFF,alpha_mode_off,0.3349,2.0,True,,SELL,,
2026-03-11 23:43:00,A_VALIDATION_PIPELINE_V1,SPY,plan_skipped,CHOP,CHOP,OFF,alpha_mode_off,0.3349,2.0,True,,SELL,,
2026-03-11 23:43:04,A_VALIDATION_PIPELINE_V1,SPY,rejection_reason,CHOP,CHOP,OFF,alpha_mode_off,0.3349,2.0,True,,SELL,,
2026-03-11 23:43:04,A_VALIDATION_PIPELINE_V1,SPY,plan_skipped,CHOP,CHOP,OFF,alpha_mode_off,0.3349,2.0,True,,SELL,,
2026-03-11 23:43:09,A_VALIDATION_PIPELINE_V1,SPY,rejection_reason,CHOP,CHOP,OFF,alpha_mode_off,0.3349,2.0,True,,SELL,,
2026-03-11 23:43:09,A_VALIDATION_PIPELINE_V1,SPY,plan_skipped,CHOP,CHOP,OFF,alpha_mode_off,0.3349,2.0,True,,SELL,,
2026-03-11 23:43:13,A_VALIDATION_PIPELINE_V1,SPY,rejection_reason,CHOP,CHOP,OFF,alpha_mode_off,0.3349,2.0,True,,SELL,,
2026-03-11 23:43:13,A_VALIDATION_PIPELINE_V1,SPY,plan_skipped,CHOP,CHOP,OFF,alpha_mode_off,0.3349,2.0,True,,SELL,,
2026-03-11 23:43:18,A_VALIDATION_PIPELINE_V1,SPY,rejection_reason,CHOP,CHOP,OFF,alpha_mode_off,0.3349,2.0,True,,SELL,,
2026-03-11 23:43:18,A_VALIDATION_PIPELINE_V1,SPY,plan_skipped,CHOP,CHOP,OFF,alpha_mode_off,0.3349,2.0,True,,SELL,,
2026-03-11 23:43:22,A_VALIDATION_PIPELINE_V1,SPY,rejection_reason,CHOP,CHOP,OFF,alpha_mode_off,0.3349,2.0,True,,SELL,,
2026-03-11 23:43:22,A_VALIDATION_PIPELINE_V1,SPY,plan_skipped,CHOP,CHOP,OFF,alpha_mode_off,0.3349,2.0,True,,SELL,,
2026-03-11 23:43:26,A_VALIDATION_PIPELINE_V1,SPY,rejection_reason,CHOP,CHOP,OFF,alpha_mode_off,0.3349,2.0,True,,SELL,,
2026-03-11 23:43:26,A_VALIDATION_PIPELINE_V1,SPY,plan_skipped,CHOP,CHOP,OFF,alpha_mode_off,0.3349,2.0,True,,SELL,,
2026-03-11 23:43:31,A_VALIDATION_PIPELINE_V1,SPY,rejection_reason,CHOP,CHOP,OFF,alpha_mode_off,0.3349,2.0,True,,SELL,,
2026-03-11 23:43:31,A_VALIDATION_PIPELINE_V1,SPY,plan_skipped,CHOP,CHOP,OFF,alpha_mode_off,0.3349,2.0,True,,SELL,,
2026-03-11 23:43:35,A_VALIDATION_PIPELINE_V1,SPY,rejection_reason,CHOP,CHOP,OFF,alpha_mode_off,0.3349,2.0,True,,SELL,,
2026-03-11 23:43:35,A_VALIDATION_PIPELINE_V1,SPY,plan_skipped,CHOP,CHOP,OFF,alpha_mode_off,0.3349,2.0,True,,SELL,,
2026-03-11 23:43:40,A_VALIDATION_PIPELINE_V1,SPY,rejection_reason,CHOP,CHOP,OFF,alpha_mode_off,0.3349,2.0,True,,SELL,,
2026-03-11 23:43:40,A_VALIDATION_PIPELINE_V1,SPY,plan_skipped,CHOP,CHOP,OFF,alpha_mode_off,0.3349,2.0,True,,SELL,,
2026-03-11 23:43:44,A_VALIDATION_PIPELINE_V1,SPY,rejection_reason,CHOP,CHOP,OFF,alpha_mode_off,0.3349,2.0,True,,SELL,,
2026-03-11 23:43:44,A_VALIDATION_PIPELINE_V1,SPY,plan_skipped,CHOP,CHOP,OFF,alpha_mode_off,0.3349,2.0,True,,SELL,,
2026-03-11 23:43:49,A_VALIDATION_PIPELINE_V1,SPY,rejection_reason,CHOP,CHOP,OFF,alpha_mode_off,0.3349,2.0,True,,SELL,,
2026-03-11 23:43:49,A_VALIDATION_PIPELINE_V1,SPY,plan_skipped,CHOP,CHOP,OFF,alpha_mode_off,0.3349,2.0,True,,SELL,,
2026-03-11 23:43:53,A_VALIDATION_PIPELINE_V1,SPY,rejection_reason,CHOP,CHOP,OFF,alpha_mode_off,0.3349,2.0,True,,SELL,,
2026-03-11 23:43:53,A_VALIDATION_PIPELINE_V1,SPY,plan_skipped,CHOP,CHOP,OFF,alpha_mode_off,0.3349,2.0,True,,SELL,,
2026-03-11 23:43:58,A_VALIDATION_PIPELINE_V1,SPY,rejection_reason,CHOP,CHOP,OFF,alpha_mode_off,0.3349,2.0,True,,SELL,,
2026-03-11 23:43:58,A_VALIDATION_PIPELINE_V1,SPY,plan_skipped,CHOP,CHOP,OFF,alpha_mode_off,0.3349,2.0,True,,SELL,,
2026-03-11 23:44:02,A_VALIDATION_PIPELINE_V1,SPY,rejection_reason,CHOP,CHOP,OFF,alpha_mode_off,0.3349,2.0,True,,SELL,,
2026-03-11 23:44:02,A_VALIDATION_PIPELINE_V1,SPY,plan_skipped,CHOP,CHOP,OFF,alpha_mode_off,0.3349,2.0,True,,SELL,,
2026-03-11 23:44:07,A_VALIDATION_PIPELINE_V1,SPY,rejection_reason,CHOP,CHOP,OFF,alpha_mode_off,0.3349,2.0,True,,SELL,,
2026-03-11 23:44:07,A_VALIDATION_PIPELINE_V1,SPY,plan_skipped,CHOP,CHOP,OFF,alpha_mode_off,0.3349,2.0,True,,SELL,,
2026-03-11 23:44:11,A_VALIDATION_PIPELINE_V1,SPY,rejection_reason,CHOP,CHOP,OFF,alpha_mode_off,0.3349,2.0,True,,SELL,,
2026-03-11 23:44:11,A_VALIDATION_PIPELINE_V1,SPY,plan_skipped,CHOP,CHOP,OFF,alpha_mode_off,0.3349,2.0,True,,SELL,,
2026-03-11 23:44:16,A_VALIDATION_PIPELINE_V1,SPY,rejection_reason,CHOP,CHOP,OFF,alpha_mode_off,0.3349,2.0,True,,SELL,,
2026-03-11 23:44:16,A_VALIDATION_PIPELINE_V1,SPY,plan_skipped,CHOP,CHOP,OFF,alpha_mode_off,0.3349,2.0,True,,SELL,,
2026-03-11 23:44:20,A_VALIDATION_PIPELINE_V1,SPY,rejection_reason,CHOP,CHOP,OFF,alpha_mode_off,0.3349,2.0,True,,SELL,,
2026-03-11 23:44:20,A_VALIDATION_PIPELINE_V1,SPY,plan_skipped,CHOP,CHOP,OFF,alpha_mode_off,0.3349,2.0,True,,SELL,,
2026-03-11 23:44:24,A_VALIDATION_PIPELINE_V1,SPY,rejection_reason,CHOP,CHOP,OFF,alpha_mode_off,0.3349,2.0,True,,SELL,,
2026-03-11 23:44:24,A_VALIDATION_PIPELINE_V1,SPY,plan_skipped,CHOP,CHOP,OFF,alpha_mode_off,0.3349,2.0,True,,SELL,,
2026-03-11 23:44:29,A_VALIDATION_PIPELINE_V1,SPY,rejection_reason,CHOP,CHOP,OFF,alpha_mode_off,0.3349,2.0,True,,SELL,,
2026-03-11 23:44:29,A_VALIDATION_PIPELINE_V1,SPY,plan_skipped,CHOP,CHOP,OFF,alpha_mode_off,0.3349,2.0,True,,SELL,,
2026-03-11 23:44:33,A_VALIDATION_PIPELINE_V1,SPY,rejection_reason,CHOP,CHOP,OFF,alpha_mode_off,0.3349,2.0,True,,SELL,,
2026-03-11 23:44:33,A_VALIDATION_PIPELINE_V1,SPY,plan_skipped,CHOP,CHOP,OFF,alpha_mode_off,0.3349,2.0,True,,SELL,,
2026-03-11 23:44:38,A_VALIDATION_PIPELINE_V1,SPY,rejection_reason,CHOP,CHOP,OFF,alpha_mode_off,0.3349,2.0,True,,SELL,,
2026-03-11 23:44:38,A_VALIDATION_PIPELINE_V1,SPY,plan_skipped,CHOP,CHOP,OFF,alpha_mode_off,0.3349,2.0,True,,SELL,,
2026-03-11 23:44:42,A_VALIDATION_PIPELINE_V1,SPY,rejection_reason,CHOP,CHOP,OFF,alpha_mode_off,0.3349,2.0,True,,SELL,,
2026-03-11 23:44:42,A_VALIDATION_PIPELINE_V1,SPY,plan_skipped,CHOP,CHOP,OFF,alpha_mode_off,0.3349,2.0,True,,SELL,,
2026-03-11 23:44:47,A_VALIDATION_PIPELINE_V1,SPY,rejection_reason,CHOP,CHOP,OFF,alpha_mode_off,0.3349,2.0,True,,SELL,,
2026-03-11 23:44:47,A_VALIDATION_PIPELINE_V1,SPY,plan_skipped,CHOP,CHOP,OFF,alpha_mode_off,0.3349,2.0,True,,SELL,,
2026-03-11 23:44:51,A_VALIDATION_PIPELINE_V1,SPY,rejection_reason,CHOP,CHOP,OFF,alpha_mode_off,0.3349,2.0,True,,SELL,,
2026-03-11 23:44:51,A_VALIDATION_PIPELINE_V1,SPY,plan_skipped,CHOP,CHOP,OFF,alpha_mode_off,0.3349,2.0,True,,SELL,,
2026-03-11 23:44:56,A_VALIDATION_PIPELINE_V1,SPY,rejection_reason,CHOP,CHOP,OFF,alpha_mode_off,0.3349,2.0,True,,SELL,,
2026-03-11 23:44:56,A_VALIDATION_PIPELINE_V1,SPY,plan_skipped,CHOP,CHOP,OFF,alpha_mode_off,0.3349,2.0,True,,SELL,,
2026-03-11 23:45:00,A_VALIDATION_PIPELINE_V1,SPY,rejection_reason,CHOP,CHOP,OFF,alpha_mode_off,0.3349,2.0,True,,SELL,,
2026-03-11 23:45:00,A_VALIDATION_PIPELINE_V1,SPY,plan_skipped,CHOP,CHOP,OFF,alpha_mode_off,0.3349,2.0,True,,SELL,,
2026-03-11 23:45:05,A_VALIDATION_PIPELINE_V1,SPY,rejection_reason,CHOP,CHOP,OFF,alpha_mode_off,0.3349,2.0,True,,SELL,,
2026-03-11 23:45:05,A_VALIDATION_PIPELINE_V1,SPY,plan_skipped,CHOP,CHOP,OFF,alpha_mode_off,0.3349,2.0,True,,SELL,,
2026-03-11 23:45:09,A_VALIDATION_PIPELINE_V1,SPY,rejection_reason,CHOP,CHOP,OFF,alpha_mode_off,0.3349,2.0,True,,SELL,,
2026-03-11 23:45:09,A_VALIDATION_PIPELINE_V1,SPY,plan_skipped,CHOP,CHOP,OFF,alpha_mode_off,0.3349,2.0,True,,SELL,,
2026-03-11 23:45:14,A_VALIDATION_PIPELINE_V1,SPY,rejection_reason,CHOP,CHOP,OFF,alpha_mode_off,0.3349,2.0,True,,SELL,,
2026-03-11 23:45:14,A_VALIDATION_PIPELINE_V1,SPY,plan_skipped,CHOP,CHOP,OFF,alpha_mode_off,0.3349,2.0,True,,SELL,,
2026-03-11 23:45:18,A_VALIDATION_PIPELINE_V1,SPY,rejection_reason,CHOP,CHOP,OFF,alpha_mode_off,0.3349,2.0,True,,SELL,,
2026-03-11 23:45:18,A_VALIDATION_PIPELINE_V1,SPY,plan_skipped,CHOP,CHOP,OFF,alpha_mode_off,0.3349,2.0,True,,SELL,,
2026-03-11 23:45:23,A_VALIDATION_PIPELINE_V1,SPY,rejection_reason,CHOP,CHOP,OFF,alpha_mode_off,0.3349,2.0,True,,SELL,,
2026-03-11 23:45:23,A_VALIDATION_PIPELINE_V1,SPY,plan_skipped,CHOP,CHOP,OFF,alpha_mode_off,0.3349,2.0,True,,SELL,,
2026-03-11 23:45:27,A_VALIDATION_PIPELINE_V1,SPY,rejection_reason,CHOP,CHOP,OFF,alpha_mode_off,0.3349,2.0,True,,SELL,,
2026-03-11 23:45:27,A_VALIDATION_PIPELINE_V1,SPY,plan_skipped,CHOP,CHOP,OFF,alpha_mode_off,0.3349,2.0,True,,SELL,,
2026-03-11 23:45:32,A_VALIDATION_PIPELINE_V1,SPY,rejection_reason,CHOP,CHOP,OFF,alpha_mode_off,0.3349,2.0,True,,SELL,,
2026-03-11 23:45:32,A_VALIDATION_PIPELINE_V1,SPY,plan_skipped,CHOP,CHOP,OFF,alpha_mode_off,0.3349,2.0,True,,SELL,,
2026-03-11 23:45:36,A_VALIDATION_PIPELINE_V1,SPY,rejection_reason,CHOP,CHOP,OFF,alpha_mode_off,0.3349,2.0,True,,SELL,,
2026-03-11 23:45:36,A_VALIDATION_PIPELINE_V1,SPY,plan_skipped,CHOP,CHOP,OFF,alpha_mode_off,0.3349,2.0,True,,SELL,,
2026-03-11 23:45:41,A_VALIDATION_PIPELINE_V1,SPY,rejection_reason,CHOP,CHOP,OFF,alpha_mode_off,0.3349,2.0,True,,SELL,,
2026-03-11 23:45:41,A_VALIDATION_PIPELINE_V1,SPY,plan_skipped,CHOP,CHOP,OFF,alpha_mode_off,0.3349,2.0,True,,SELL,,
2026-03-11 23:45:45,A_VALIDATION_PIPELINE_V1,SPY,rejection_reason,CHOP,CHOP,OFF,alpha_mode_off,0.3349,2.0,True,,SELL,,
2026-03-11 23:45:45,A_VALIDATION_PIPELINE_V1,SPY,plan_skipped,CHOP,CHOP,OFF,alpha_mode_off,0.3349,2.0,True,,SELL,,
2026-03-11 23:45:50,A_VALIDATION_PIPELINE_V1,SPY,rejection_reason,CHOP,CHOP,OFF,alpha_mode_off,0.3349,2.0,True,,SELL,,
2026-03-11 23:45:50,A_VALIDATION_PIPELINE_V1,SPY,plan_skipped,CHOP,CHOP,OFF,alpha_mode_off,0.3349,2.0,True,,SELL,,
2026-03-11 23:45:54,A_VALIDATION_PIPELINE_V1,SPY,rejection_reason,CHOP,CHOP,OFF,alpha_mode_off,0.3349,2.0,True,,SELL,,
2026-03-11 23:45:54,A_VALIDATION_PIPELINE_V1,SPY,plan_skipped,CHOP,CHOP,OFF,alpha_mode_off,0.3349,2.0,True,,SELL,,
2026-03-11 23:45:59,A_VALIDATION_PIPELINE_V1,SPY,rejection_reason,CHOP,CHOP,OFF,alpha_mode_off,0.3349,2.0,True,,SELL,,
2026-03-11 23:45:59,A_VALIDATION_PIPELINE_V1,SPY,plan_skipped,CHOP,CHOP,OFF,alpha_mode_off,0.3349,2.0,True,,SELL,,
2026-03-11 23:46:03,A_VALIDATION_PIPELINE_V1,SPY,rejection_reason,CHOP,CHOP,OFF,alpha_mode_off,0.3349,2.0,True,,SELL,,
2026-03-11 23:46:03,A_VALIDATION_PIPELINE_V1,SPY,plan_skipped,CHOP,CHOP,OFF,alpha_mode_off,0.3349,2.0,True,,SELL,,
2026-03-11 23:46:08,A_VALIDATION_PIPELINE_V1,SPY,rejection_reason,CHOP,CHOP,OFF,alpha_mode_off,0.3349,2.0,True,,SELL,,
2026-03-11 23:46:08,A_VALIDATION_PIPELINE_V1,SPY,plan_skipped,CHOP,CHOP,OFF,alpha_mode_off,0.3349,2.0,True,,SELL,,
2026-03-11 23:46:12,A_VALIDATION_PIPELINE_V1,SPY,rejection_reason,CHOP,CHOP,OFF,alpha_mode_off,0.3349,2.0,True,,SELL,,
2026-03-11 23:46:12,A_VALIDATION_PIPELINE_V1,SPY,plan_skipped,CHOP,CHOP,OFF,alpha_mode_off,0.3349,2.0,True,,SELL,,
2026-03-11 23:46:17,A_VALIDATION_PIPELINE_V1,SPY,rejection_reason,CHOP,CHOP,OFF,alpha_mode_off,0.3349,2.0,True,,SELL,,
2026-03-11 23:46:17,A_VALIDATION_PIPELINE_V1,SPY,plan_skipped,CHOP,CHOP,OFF,alpha_mode_off,0.3349,2.0,True,,SELL,,
2026-03-11 23:46:21,A_VALIDATION_PIPELINE_V1,SPY,rejection_reason,CHOP,CHOP,OFF,alpha_mode_off,0.3349,2.0,True,,SELL,,
2026-03-11 23:46:21,A_VALIDATION_PIPELINE_V1,SPY,plan_skipped,CHOP,CHOP,OFF,alpha_mode_off,0.3349,2.0,True,,SELL,,
2026-03-11 23:46:26,A_VALIDATION_PIPELINE_V1,SPY,rejection_reason,CHOP,CHOP,OFF,alpha_mode_off,0.3349,2.0,True,,SELL,,
2026-03-11 23:46:26,A_VALIDATION_PIPELINE_V1,SPY,plan_skipped,CHOP,CHOP,OFF,alpha_mode_off,0.3349,2.0,True,,SELL,,
2026-03-11 23:46:30,A_VALIDATION_PIPELINE_V1,SPY,rejection_reason,CHOP,CHOP,OFF,alpha_mode_off,0.3349,2.0,True,,SELL,,
2026-03-11 23:46:30,A_VALIDATION_PIPELINE_V1,SPY,plan_skipped,CHOP,CHOP,OFF,alpha_mode_off,0.3349,2.0,True,,SELL,,
2026-03-11 23:46:34,A_VALIDATION_PIPELINE_V1,SPY,rejection_reason,CHOP,CHOP,OFF,alpha_mode_off,0.3349,2.0,True,,SELL,,
2026-03-11 23:46:34,A_VALIDATION_PIPELINE_V1,SPY,plan_skipped,CHOP,CHOP,OFF,alpha_mode_off,0.3349,2.0,True,,SELL,,
2026-03-11 23:46:39,A_VALIDATION_PIPELINE_V1,SPY,rejection_reason,CHOP,CHOP,OFF,alpha_mode_off,0.3349,2.0,True,,SELL,,
2026-03-11 23:46:39,A_VALIDATION_PIPELINE_V1,SPY,plan_skipped,CHOP,CHOP,OFF,alpha_mode_off,0.3349,2.0,True,,SELL,,
2026-03-11 23:46:43,A_VALIDATION_PIPELINE_V1,SPY,rejection_reason,CHOP,CHOP,OFF,alpha_mode_off,0.3349,2.0,True,,SELL,,
2026-03-11 23:46:43,A_VALIDATION_PIPELINE_V1,SPY,plan_skipped,CHOP,CHOP,OFF,alpha_mode_off,0.3349,2.0,True,,SELL,,
2026-03-11 23:46:48,A_VALIDATION_PIPELINE_V1,SPY,rejection_reason,CHOP,CHOP,OFF,alpha_mode_off,0.3349,2.0,True,,SELL,,
2026-03-11 23:46:48,A_VALIDATION_PIPELINE_V1,SPY,plan_skipped,CHOP,CHOP,OFF,alpha_mode_off,0.3349,2.0,True,,SELL,,
2026-03-11 23:46:52,A_VALIDATION_PIPELINE_V1,SPY,rejection_reason,CHOP,CHOP,OFF,alpha_mode_off,0.3349,2.0,True,,SELL,,
2026-03-11 23:46:52,A_VALIDATION_PIPELINE_V1,SPY,plan_skipped,CHOP,CHOP,OFF,alpha_mode_off,0.3349,2.0,True,,SELL,,
2026-03-11 23:46:57,A_VALIDATION_PIPELINE_V1,SPY,rejection_reason,CHOP,CHOP,OFF,alpha_mode_off,0.3349,2.0,True,,SELL,,
2026-03-11 23:46:57,A_VALIDATION_PIPELINE_V1,SPY,plan_skipped,CHOP,CHOP,OFF,alpha_mode_off,0.3349,2.0,True,,SELL,,
2026-03-11 23:47:01,A_VALIDATION_PIPELINE_V1,SPY,rejection_reason,CHOP,CHOP,OFF,alpha_mode_off,0.3349,2.0,True,,SELL,,
2026-03-11 23:47:01,A_VALIDATION_PIPELINE_V1,SPY,plan_skipped,CHOP,CHOP,OFF,alpha_mode_off,0.3349,2.0,True,,SELL,,
2026-03-11 23:47:06,A_VALIDATION_PIPELINE_V1,SPY,rejection_reason,CHOP,CHOP,OFF,alpha_mode_off,0.3349,2.0,True,,SELL,,
2026-03-11 23:47:06,A_VALIDATION_PIPELINE_V1,SPY,plan_skipped,CHOP,CHOP,OFF,alpha_mode_off,0.3349,2.0,True,,SELL,,
2026-03-11 23:47:10,A_VALIDATION_PIPELINE_V1,SPY,rejection_reason,CHOP,CHOP,OFF,alpha_mode_off,0.3349,2.0,True,,SELL,,
2026-03-11 23:47:10,A_VALIDATION_PIPELINE_V1,SPY,plan_skipped,CHOP,CHOP,OFF,alpha_mode_off,0.3349,2.0,True,,SELL,,
2026-03-11 23:47:15,A_VALIDATION_PIPELINE_V1,SPY,rejection_reason,CHOP,CHOP,OFF,alpha_mode_off,0.3349,2.0,True,,SELL,,
2026-03-11 23:47:15,A_VALIDATION_PIPELINE_V1,SPY,plan_skipped,CHOP,CHOP,OFF,alpha_mode_off,0.3349,2.0,True,,SELL,,
2026-03-11 23:47:19,A_VALIDATION_PIPELINE_V1,SPY,rejection_reason,CHOP,CHOP,OFF,alpha_mode_off,0.3349,2.0,True,,SELL,,
2026-03-11 23:47:19,A_VALIDATION_PIPELINE_V1,SPY,plan_skipped,CHOP,CHOP,OFF,alpha_mode_off,0.3349,2.0,True,,SELL,,
2026-03-11 23:47:23,A_VALIDATION_PIPELINE_V1,SPY,rejection_reason,CHOP,CHOP,OFF,alpha_mode_off,0.3349,2.0,True,,SELL,,
2026-03-11 23:47:23,A_VALIDATION_PIPELINE_V1,SPY,plan_skipped,CHOP,CHOP,OFF,alpha_mode_off,0.3349,2.0,True,,SELL,,
2026-03-11 23:47:28,A_VALIDATION_PIPELINE_V1,SPY,rejection_reason,CHOP,CHOP,OFF,alpha_mode_off,0.3349,2.0,True,,SELL,,
2026-03-11 23:47:28,A_VALIDATION_PIPELINE_V1,SPY,plan_skipped,CHOP,CHOP,OFF,alpha_mode_off,0.3349,2.0,True,,SELL,,
2026-03-11 23:47:32,A_VALIDATION_PIPELINE_V1,SPY,rejection_reason,CHOP,CHOP,OFF,alpha_mode_off,0.3349,2.0,True,,SELL,,
2026-03-11 23:47:32,A_VALIDATION_PIPELINE_V1,SPY,plan_skipped,CHOP,CHOP,OFF,alpha_mode_off,0.3349,2.0,True,,SELL,,
2026-03-11 23:47:37,A_VALIDATION_PIPELINE_V1,SPY,rejection_reason,CHOP,CHOP,OFF,alpha_mode_off,0.3349,2.0,True,,SELL,,
2026-03-11 23:47:37,A_VALIDATION_PIPELINE_V1,SPY,plan_skipped,CHOP,CHOP,OFF,alpha_mode_off,0.3349,2.0,True,,SELL,,
2026-03-11 23:47:41,A_VALIDATION_PIPELINE_V1,SPY,rejection_reason,CHOP,CHOP,OFF,alpha_mode_off,0.3349,2.0,True,,SELL,,
2026-03-11 23:47:41,A_VALIDATION_PIPELINE_V1,SPY,plan_skipped,CHOP,CHOP,OFF,alpha_mode_off,0.3349,2.0,True,,SELL,,
2026-03-11 23:47:46,A_VALIDATION_PIPELINE_V1,SPY,rejection_reason,CHOP,CHOP,OFF,alpha_mode_off,0.3349,2.0,True,,SELL,,
2026-03-11 23:47:46,A_VALIDATION_PIPELINE_V1,SPY,plan_skipped,CHOP,CHOP,OFF,alpha_mode_off,0.3349,2.0,True,,SELL,,
2026-03-11 23:47:50,A_VALIDATION_PIPELINE_V1,SPY,rejection_reason,CHOP,CHOP,OFF,alpha_mode_off,0.3349,2.0,True,,SELL,,
2026-03-11 23:47:50,A_VALIDATION_PIPELINE_V1,SPY,plan_skipped,CHOP,CHOP,OFF,alpha_mode_off,0.3349,2.0,True,,SELL,,
2026-03-11 23:47:55,A_VALIDATION_PIPELINE_V1,SPY,rejection_reason,CHOP,CHOP,OFF,alpha_mode_off,0.3349,2.0,True,,SELL,,
2026-03-11 23:47:55,A_VALIDATION_PIPELINE_V1,SPY,plan_skipped,CHOP,CHOP,OFF,alpha_mode_off,0.3349,2.0,True,,SELL,,
2026-03-11 23:47:59,A_VALIDATION_PIPELINE_V1,SPY,rejection_reason,CHOP,CHOP,OFF,alpha_mode_off,0.3349,2.0,True,,SELL,,
2026-03-11 23:47:59,A_VALIDATION_PIPELINE_V1,SPY,plan_skipped,CHOP,CHOP,OFF,alpha_mode_off,0.3349,2.0,True,,SELL,,
2026-03-11 23:48:04,A_VALIDATION_PIPELINE_V1,SPY,rejection_reason,CHOP,CHOP,OFF,alpha_mode_off,0.3349,2.0,True,,SELL,,
2026-03-11 23:48:04,A_VALIDATION_PIPELINE_V1,SPY,plan_skipped,CHOP,CHOP,OFF,alpha_mode_off,0.3349,2.0,True,,SELL,,
2026-03-11 23:48:09,A_VALIDATION_PIPELINE_V1,SPY,rejection_reason,CHOP,CHOP,OFF,alpha_mode_off,0.3349,2.0,True,,SELL,,
2026-03-11 23:48:09,A_VALIDATION_PIPELINE_V1,SPY,plan_skipped,CHOP,CHOP,OFF,alpha_mode_off,0.3349,2.0,True,,SELL,,
2026-03-11 23:48:13,A_VALIDATION_PIPELINE_V1,SPY,rejection_reason,CHOP,CHOP,OFF,alpha_mode_off,0.3349,2.0,True,,SELL,,
2026-03-11 23:48:13,A_VALIDATION_PIPELINE_V1,SPY,plan_skipped,CHOP,CHOP,OFF,alpha_mode_off,0.3349,2.0,True,,SELL,,
2026-03-11 23:48:18,A_VALIDATION_PIPELINE_V1,SPY,rejection_reason,CHOP,CHOP,OFF,alpha_mode_off,0.3349,2.0,True,,SELL,,
2026-03-11 23:48:18,A_VALIDATION_PIPELINE_V1,SPY,plan_skipped,CHOP,CHOP,OFF,alpha_mode_off,0.3349,2.0,True,,SELL,,
2026-03-11 23:48:22,A_VALIDATION_PIPELINE_V1,SPY,rejection_reason,CHOP,CHOP,OFF,alpha_mode_off,0.3349,2.0,True,,SELL,,
2026-03-11 23:48:22,A_VALIDATION_PIPELINE_V1,SPY,plan_skipped,CHOP,CHOP,OFF,alpha_mode_off,0.3349,2.0,True,,SELL,,
2026-03-11 23:48:27,A_VALIDATION_PIPELINE_V1,SPY,rejection_reason,CHOP,CHOP,OFF,alpha_mode_off,0.3349,2.0,True,,SELL,,
2026-03-11 23:48:27,A_VALIDATION_PIPELINE_V1,SPY,plan_skipped,CHOP,CHOP,OFF,alpha_mode_off,0.3349,2.0,True,,SELL,,
2026-03-11 23:48:31,A_VALIDATION_PIPELINE_V1,SPY,rejection_reason,CHOP,CHOP,OFF,alpha_mode_off,0.3349,2.0,True,,SELL,,
2026-03-11 23:48:31,A_VALIDATION_PIPELINE_V1,SPY,plan_skipped,CHOP,CHOP,OFF,alpha_mode_off,0.3349,2.0,True,,SELL,,
2026-03-11 23:48:36,A_VALIDATION_PIPELINE_V1,SPY,rejection_reason,CHOP,CHOP,OFF,alpha_mode_off,0.3349,2.0,True,,SELL,,
2026-03-11 23:48:36,A_VALIDATION_PIPELINE_V1,SPY,plan_skipped,CHOP,CHOP,OFF,alpha_mode_off,0.3349,2.0,True,,SELL,,
2026-03-11 23:48:40,A_VALIDATION_PIPELINE_V1,SPY,rejection_reason,CHOP,CHOP,OFF,alpha_mode_off,0.3349,2.0,True,,SELL,,
2026-03-11 23:48:40,A_VALIDATION_PIPELINE_V1,SPY,plan_skipped,CHOP,CHOP,OFF,alpha_mode_off,0.3349,2.0,True,,SELL,,
2026-03-11 23:48:45,A_VALIDATION_PIPELINE_V1,SPY,rejection_reason,CHOP,CHOP,OFF,alpha_mode_off,0.3349,2.0,True,,SELL,,
2026-03-11 23:48:45,A_VALIDATION_PIPELINE_V1,SPY,plan_skipped,CHOP,CHOP,OFF,alpha_mode_off,0.3349,2.0,True,,SELL,,
2026-03-11 23:48:49,A_VALIDATION_PIPELINE_V1,SPY,rejection_reason,CHOP,CHOP,OFF,alpha_mode_off,0.3349,2.0,True,,SELL,,
2026-03-11 23:48:49,A_VALIDATION_PIPELINE_V1,SPY,plan_skipped,CHOP,CHOP,OFF,alpha_mode_off,0.3349,2.0,True,,SELL,,
2026-03-11 23:48:54,A_VALIDATION_PIPELINE_V1,SPY,rejection_reason,CHOP,CHOP,OFF,alpha_mode_off,0.3349,2.0,True,,SELL,,
2026-03-11 23:48:54,A_VALIDATION_PIPELINE_V1,SPY,plan_skipped,CHOP,CHOP,OFF,alpha_mode_off,0.3349,2.0,True,,SELL,,
2026-03-11 23:48:58,A_VALIDATION_PIPELINE_V1,SPY,rejection_reason,CHOP,CHOP,OFF,alpha_mode_off,0.3349,2.0,True,,SELL,,
2026-03-11 23:48:58,A_VALIDATION_PIPELINE_V1,SPY,plan_skipped,CHOP,CHOP,OFF,alpha_mode_off,0.3349,2.0,True,,SELL,,
2026-03-11 23:49:03,A_VALIDATION_PIPELINE_V1,SPY,rejection_reason,CHOP,CHOP,OFF,alpha_mode_off,0.3349,2.0,True,,SELL,,
2026-03-11 23:49:03,A_VALIDATION_PIPELINE_V1,SPY,plan_skipped,CHOP,CHOP,OFF,alpha_mode_off,0.3349,2.0,True,,SELL,,
2026-03-11 23:49:07,A_VALIDATION_PIPELINE_V1,SPY,rejection_reason,CHOP,CHOP,OFF,alpha_mode_off,0.3349,2.0,True,,SELL,,
2026-03-11 23:49:07,A_VALIDATION_PIPELINE_V1,SPY,plan_skipped,CHOP,CHOP,OFF,alpha_mode_off,0.3349,2.0,True,,SELL,,
2026-03-11 23:49:11,A_VALIDATION_PIPELINE_V1,SPY,rejection_reason,CHOP,CHOP,OFF,alpha_mode_off,0.3349,2.0,True,,SELL,,
2026-03-11 23:49:11,A_VALIDATION_PIPELINE_V1,SPY,plan_skipped,CHOP,CHOP,OFF,alpha_mode_off,0.3349,2.0,True,,SELL,,
2026-03-11 23:49:16,A_VALIDATION_PIPELINE_V1,SPY,rejection_reason,CHOP,CHOP,OFF,alpha_mode_off,0.3349,2.0,True,,SELL,,
2026-03-11 23:49:16,A_VALIDATION_PIPELINE_V1,SPY,plan_skipped,CHOP,CHOP,OFF,alpha_mode_off,0.3349,2.0,True,,SELL,,
2026-03-11 23:49:20,A_VALIDATION_PIPELINE_V1,SPY,rejection_reason,CHOP,CHOP,OFF,alpha_mode_off,0.3349,2.0,True,,SELL,,
2026-03-11 23:49:20,A_VALIDATION_PIPELINE_V1,SPY,plan_skipped,CHOP,CHOP,OFF,alpha_mode_off,0.3349,2.0,True,,SELL,,
2026-03-11 23:49:25,A_VALIDATION_PIPELINE_V1,SPY,rejection_reason,CHOP,CHOP,OFF,alpha_mode_off,0.3349,2.0,True,,SELL,,
2026-03-11 23:49:25,A_VALIDATION_PIPELINE_V1,SPY,plan_skipped,CHOP,CHOP,OFF,alpha_mode_off,0.3349,2.0,True,,SELL,,
2026-03-11 23:49:29,A_VALIDATION_PIPELINE_V1,SPY,rejection_reason,CHOP,CHOP,OFF,alpha_mode_off,0.3349,2.0,True,,SELL,,
2026-03-11 23:49:29,A_VALIDATION_PIPELINE_V1,SPY,plan_skipped,CHOP,CHOP,OFF,alpha_mode_off,0.3349,2.0,True,,SELL,,
2026-03-11 23:49:34,A_VALIDATION_PIPELINE_V1,SPY,rejection_reason,CHOP,CHOP,OFF,alpha_mode_off,0.3349,2.0,True,,SELL,,
2026-03-11 23:49:34,A_VALIDATION_PIPELINE_V1,SPY,plan_skipped,CHOP,CHOP,OFF,alpha_mode_off,0.3349,2.0,True,,SELL,,
2026-03-11 23:49:38,A_VALIDATION_PIPELINE_V1,SPY,rejection_reason,CHOP,CHOP,OFF,alpha_mode_off,0.3349,2.0,True,,SELL,,
2026-03-11 23:49:38,A_VALIDATION_PIPELINE_V1,SPY,plan_skipped,CHOP,CHOP,OFF,alpha_mode_off,0.3349,2.0,True,,SELL,,
2026-03-11 23:49:42,A_VALIDATION_PIPELINE_V1,SPY,rejection_reason,CHOP,CHOP,OFF,alpha_mode_off,0.3349,2.0,True,,SELL,,
2026-03-11 23:49:42,A_VALIDATION_PIPELINE_V1,SPY,plan_skipped,CHOP,CHOP,OFF,alpha_mode_off,0.3349,2.0,True,,SELL,,
2026-03-11 23:49:47,A_VALIDATION_PIPELINE_V1,SPY,rejection_reason,CHOP,CHOP,OFF,alpha_mode_off,0.3349,2.0,True,,SELL,,
2026-03-11 23:49:47,A_VALIDATION_PIPELINE_V1,SPY,plan_skipped,CHOP,CHOP,OFF,alpha_mode_off,0.3349,2.0,True,,SELL,,
2026-03-11 23:49:51,A_VALIDATION_PIPELINE_V1,SPY,rejection_reason,CHOP,CHOP,OFF,alpha_mode_off,0.3349,2.0,True,,SELL,,
2026-03-11 23:49:51,A_VALIDATION_PIPELINE_V1,SPY,plan_skipped,CHOP,CHOP,OFF,alpha_mode_off,0.3349,2.0,True,,SELL,,
2026-03-11 23:49:56,A_VALIDATION_PIPELINE_V1,SPY,rejection_reason,CHOP,CHOP,OFF,alpha_mode_off,0.3349,2.0,True,,SELL,,
2026-03-11 23:49:56,A_VALIDATION_PIPELINE_V1,SPY,plan_skipped,CHOP,CHOP,OFF,alpha_mode_off,0.3349,2.0,True,,SELL,,
2026-03-11 23:50:00,A_VALIDATION_PIPELINE_V1,SPY,rejection_reason,CHOP,CHOP,OFF,alpha_mode_off,0.3349,2.0,True,,SELL,,
2026-03-11 23:50:00,A_VALIDATION_PIPELINE_V1,SPY,plan_skipped,CHOP,CHOP,OFF,alpha_mode_off,0.3349,2.0,True,,SELL,,
2026-03-11 23:50:05,A_VALIDATION_PIPELINE_V1,SPY,rejection_reason,CHOP,CHOP,OFF,alpha_mode_off,0.3349,2.0,True,,SELL,,
2026-03-11 23:50:05,A_VALIDATION_PIPELINE_V1,SPY,plan_skipped,CHOP,CHOP,OFF,alpha_mode_off,0.3349,2.0,True,,SELL,,
2026-03-11 23:50:09,A_VALIDATION_PIPELINE_V1,SPY,rejection_reason,CHOP,CHOP,OFF,alpha_mode_off,0.3349,2.0,True,,SELL,,
2026-03-11 23:50:09,A_VALIDATION_PIPELINE_V1,SPY,plan_skipped,CHOP,CHOP,OFF,alpha_mode_off,0.3349,2.0,True,,SELL,,
2026-03-11 23:50:14,A_VALIDATION_PIPELINE_V1,SPY,rejection_reason,CHOP,CHOP,OFF,alpha_mode_off,0.3349,2.0,True,,SELL,,
2026-03-11 23:50:14,A_VALIDATION_PIPELINE_V1,SPY,plan_skipped,CHOP,CHOP,OFF,alpha_mode_off,0.3349,2.0,True,,SELL,,
2026-03-11 23:50:18,A_VALIDATION_PIPELINE_V1,SPY,rejection_reason,CHOP,CHOP,OFF,alpha_mode_off,0.3349,2.0,True,,SELL,,
2026-03-11 23:50:18,A_VALIDATION_PIPELINE_V1,SPY,plan_skipped,CHOP,CHOP,OFF,alpha_mode_off,0.3349,2.0,True,,SELL,,
2026-03-11 23:50:23,A_VALIDATION_PIPELINE_V1,SPY,rejection_reason,CHOP,CHOP,OFF,alpha_mode_off,0.3349,2.0,True,,SELL,,
2026-03-11 23:50:23,A_VALIDATION_PIPELINE_V1,SPY,plan_skipped,CHOP,CHOP,OFF,alpha_mode_off,0.3349,2.0,True,,SELL,,
2026-03-11 23:50:27,A_VALIDATION_PIPELINE_V1,SPY,rejection_reason,CHOP,CHOP,OFF,alpha_mode_off,0.3349,2.0,True,,SELL,,
2026-03-11 23:50:27,A_VALIDATION_PIPELINE_V1,SPY,plan_skipped,CHOP,CHOP,OFF,alpha_mode_off,0.3349,2.0,True,,SELL,,
2026-03-11 23:50:32,A_VALIDATION_PIPELINE_V1,SPY,rejection_reason,CHOP,CHOP,OFF,alpha_mode_off,0.3349,2.0,True,,SELL,,
2026-03-11 23:50:32,A_VALIDATION_PIPELINE_V1,SPY,plan_skipped,CHOP,CHOP,OFF,alpha_mode_off,0.3349,2.0,True,,SELL,,
2026-03-11 23:50:36,A_VALIDATION_PIPELINE_V1,SPY,rejection_reason,CHOP,CHOP,OFF,alpha_mode_off,0.3349,2.0,True,,SELL,,
2026-03-11 23:50:36,A_VALIDATION_PIPELINE_V1,SPY,plan_skipped,CHOP,CHOP,OFF,alpha_mode_off,0.3349,2.0,True,,SELL,,
2026-03-11 23:50:41,A_VALIDATION_PIPELINE_V1,SPY,rejection_reason,CHOP,CHOP,OFF,alpha_mode_off,0.3349,2.0,True,,SELL,,
2026-03-11 23:50:41,A_VALIDATION_PIPELINE_V1,SPY,plan_skipped,CHOP,CHOP,OFF,alpha_mode_off,0.3349,2.0,True,,SELL,,
2026-03-11 23:50:45,A_VALIDATION_PIPELINE_V1,SPY,rejection_reason,CHOP,CHOP,OFF,alpha_mode_off,0.3349,2.0,True,,SELL,,
2026-03-11 23:50:45,A_VALIDATION_PIPELINE_V1,SPY,plan_skipped,CHOP,CHOP,OFF,alpha_mode_off,0.3349,2.0,True,,SELL,,
2026-03-11 23:50:50,A_VALIDATION_PIPELINE_V1,SPY,rejection_reason,CHOP,CHOP,OFF,alpha_mode_off,0.3349,2.0,True,,SELL,,
2026-03-11 23:50:50,A_VALIDATION_PIPELINE_V1,SPY,plan_skipped,CHOP,CHOP,OFF,alpha_mode_off,0.3349,2.0,True,,SELL,,
2026-03-11 23:50:54,A_VALIDATION_PIPELINE_V1,SPY,rejection_reason,CHOP,CHOP,OFF,alpha_mode_off,0.3349,2.0,True,,SELL,,
2026-03-11 23:50:54,A_VALIDATION_PIPELINE_V1,SPY,plan_skipped,CHOP,CHOP,OFF,alpha_mode_off,0.3349,2.0,True,,SELL,,
2026-03-11 23:50:59,A_VALIDATION_PIPELINE_V1,SPY,rejection_reason,CHOP,CHOP,OFF,alpha_mode_off,0.3349,2.0,True,,SELL,,
2026-03-11 23:50:59,A_VALIDATION_PIPELINE_V1,SPY,plan_skipped,CHOP,CHOP,OFF,alpha_mode_off,0.3349,2.0,True,,SELL,,
2026-03-11 23:51:03,A_VALIDATION_PIPELINE_V1,SPY,rejection_reason,CHOP,CHOP,OFF,alpha_mode_off,0.3349,2.0,True,,SELL,,
2026-03-11 23:51:03,A_VALIDATION_PIPELINE_V1,SPY,plan_skipped,CHOP,CHOP,OFF,alpha_mode_off,0.3349,2.0,True,,SELL,,
2026-03-11 23:51:07,A_VALIDATION_PIPELINE_V1,SPY,rejection_reason,CHOP,CHOP,OFF,alpha_mode_off,0.3349,2.0,True,,SELL,,
2026-03-11 23:51:07,A_VALIDATION_PIPELINE_V1,SPY,plan_skipped,CHOP,CHOP,OFF,alpha_mode_off,0.3349,2.0,True,,SELL,,
2026-03-11 23:51:12,A_VALIDATION_PIPELINE_V1,SPY,rejection_reason,CHOP,CHOP,OFF,alpha_mode_off,0.3349,2.0,True,,SELL,,
2026-03-11 23:51:12,A_VALIDATION_PIPELINE_V1,SPY,plan_skipped,CHOP,CHOP,OFF,alpha_mode_off,0.3349,2.0,True,,SELL,,
2026-03-11 23:51:16,A_VALIDATION_PIPELINE_V1,SPY,rejection_reason,CHOP,CHOP,OFF,alpha_mode_off,0.3349,2.0,True,,SELL,,
2026-03-11 23:51:16,A_VALIDATION_PIPELINE_V1,SPY,plan_skipped,CHOP,CHOP,OFF,alpha_mode_off,0.3349,2.0,True,,SELL,,
2026-03-11 23:51:21,A_VALIDATION_PIPELINE_V1,SPY,rejection_reason,CHOP,CHOP,OFF,alpha_mode_off,0.3349,2.0,True,,SELL,,
2026-03-11 23:51:21,A_VALIDATION_PIPELINE_V1,SPY,plan_skipped,CHOP,CHOP,OFF,alpha_mode_off,0.3349,2.0,True,,SELL,,
2026-03-11 23:51:25,A_VALIDATION_PIPELINE_V1,SPY,rejection_reason,CHOP,CHOP,OFF,alpha_mode_off,0.3349,2.0,True,,SELL,,
2026-03-11 23:51:25,A_VALIDATION_PIPELINE_V1,SPY,plan_skipped,CHOP,CHOP,OFF,alpha_mode_off,0.3349,2.0,True,,SELL,,
2026-03-11 23:51:30,A_VALIDATION_PIPELINE_V1,SPY,rejection_reason,CHOP,CHOP,OFF,alpha_mode_off,0.3349,2.0,True,,SELL,,
2026-03-11 23:51:30,A_VALIDATION_PIPELINE_V1,SPY,plan_skipped,CHOP,CHOP,OFF,alpha_mode_off,0.3349,2.0,True,,SELL,,
2026-03-11 23:51:34,A_VALIDATION_PIPELINE_V1,SPY,rejection_reason,CHOP,CHOP,OFF,alpha_mode_off,0.3349,2.0,True,,SELL,,
2026-03-11 23:51:34,A_VALIDATION_PIPELINE_V1,SPY,plan_skipped,CHOP,CHOP,OFF,alpha_mode_off,0.3349,2.0,True,,SELL,,
2026-03-11 23:51:39,A_VALIDATION_PIPELINE_V1,SPY,rejection_reason,CHOP,CHOP,OFF,alpha_mode_off,0.3349,2.0,True,,SELL,,
2026-03-11 23:51:39,A_VALIDATION_PIPELINE_V1,SPY,plan_skipped,CHOP,CHOP,OFF,alpha_mode_off,0.3349,2.0,True,,SELL,,
2026-03-11 23:51:43,A_VALIDATION_PIPELINE_V1,SPY,rejection_reason,CHOP,CHOP,OFF,alpha_mode_off,0.3349,2.0,True,,SELL,,
2026-03-11 23:51:43,A_VALIDATION_PIPELINE_V1,SPY,plan_skipped,CHOP,CHOP,OFF,alpha_mode_off,0.3349,2.0,True,,SELL,,
2026-03-11 23:51:48,A_VALIDATION_PIPELINE_V1,SPY,rejection_reason,CHOP,CHOP,OFF,alpha_mode_off,0.3349,2.0,True,,SELL,,
2026-03-11 23:51:48,A_VALIDATION_PIPELINE_V1,SPY,plan_skipped,CHOP,CHOP,OFF,alpha_mode_off,0.3349,2.0,True,,SELL,,
2026-03-11 23:51:52,A_VALIDATION_PIPELINE_V1,SPY,rejection_reason,CHOP,CHOP,OFF,alpha_mode_off,0.3349,2.0,True,,SELL,,
2026-03-11 23:51:52,A_VALIDATION_PIPELINE_V1,SPY,plan_skipped,CHOP,CHOP,OFF,alpha_mode_off,0.3349,2.0,True,,SELL,,
2026-03-11 23:51:57,A_VALIDATION_PIPELINE_V1,SPY,rejection_reason,CHOP,CHOP,OFF,alpha_mode_off,0.3349,2.0,True,,SELL,,
2026-03-11 23:51:57,A_VALIDATION_PIPELINE_V1,SPY,plan_skipped,CHOP,CHOP,OFF,alpha_mode_off,0.3349,2.0,True,,SELL,,
2026-03-11 23:52:01,A_VALIDATION_PIPELINE_V1,SPY,rejection_reason,CHOP,CHOP,OFF,alpha_mode_off,0.3349,2.0,True,,SELL,,
2026-03-11 23:52:01,A_VALIDATION_PIPELINE_V1,SPY,plan_skipped,CHOP,CHOP,OFF,alpha_mode_off,0.3349,2.0,True,,SELL,,
2026-03-11 23:52:05,A_VALIDATION_PIPELINE_V1,SPY,rejection_reason,CHOP,CHOP,OFF,alpha_mode_off,0.3349,2.0,True,,SELL,,
2026-03-11 23:52:05,A_VALIDATION_PIPELINE_V1,SPY,plan_skipped,CHOP,CHOP,OFF,alpha_mode_off,0.3349,2.0,True,,SELL,,
2026-03-11 23:52:10,A_VALIDATION_PIPELINE_V1,SPY,rejection_reason,CHOP,CHOP,OFF,alpha_mode_off,0.3349,2.0,True,,SELL,,
2026-03-11 23:52:10,A_VALIDATION_PIPELINE_V1,SPY,plan_skipped,CHOP,CHOP,OFF,alpha_mode_off,0.3349,2.0,True,,SELL,,
2026-03-11 23:52:14,A_VALIDATION_PIPELINE_V1,SPY,rejection_reason,CHOP,CHOP,OFF,alpha_mode_off,0.3349,2.0,True,,SELL,,
2026-03-11 23:52:14,A_VALIDATION_PIPELINE_V1,SPY,plan_skipped,CHOP,CHOP,OFF,alpha_mode_off,0.3349,2.0,True,,SELL,,
2026-03-11 23:52:19,A_VALIDATION_PIPELINE_V1,SPY,rejection_reason,CHOP,CHOP,OFF,alpha_mode_off,0.3349,2.0,True,,SELL,,
2026-03-11 23:52:19,A_VALIDATION_PIPELINE_V1,SPY,plan_skipped,CHOP,CHOP,OFF,alpha_mode_off,0.3349,2.0,True,,SELL,,
2026-03-11 23:52:23,A_VALIDATION_PIPELINE_V1,SPY,rejection_reason,CHOP,CHOP,OFF,alpha_mode_off,0.3349,2.0,True,,SELL,,
2026-03-11 23:52:23,A_VALIDATION_PIPELINE_V1,SPY,plan_skipped,CHOP,CHOP,OFF,alpha_mode_off,0.3349,2.0,True,,SELL,,
2026-03-11 23:52:28,A_VALIDATION_PIPELINE_V1,SPY,rejection_reason,CHOP,CHOP,OFF,alpha_mode_off,0.3349,2.0,True,,SELL,,
2026-03-11 23:52:28,A_VALIDATION_PIPELINE_V1,SPY,plan_skipped,CHOP,CHOP,OFF,alpha_mode_off,0.3349,2.0,True,,SELL,,
2026-03-11 23:52:32,A_VALIDATION_PIPELINE_V1,SPY,rejection_reason,CHOP,CHOP,OFF,alpha_mode_off,0.3349,2.0,True,,SELL,,
2026-03-11 23:52:32,A_VALIDATION_PIPELINE_V1,SPY,plan_skipped,CHOP,CHOP,OFF,alpha_mode_off,0.3349,2.0,True,,SELL,,
2026-03-11 23:52:37,A_VALIDATION_PIPELINE_V1,SPY,rejection_reason,CHOP,CHOP,OFF,alpha_mode_off,0.3349,2.0,True,,SELL,,
2026-03-11 23:52:37,A_VALIDATION_PIPELINE_V1,SPY,plan_skipped,CHOP,CHOP,OFF,alpha_mode_off,0.3349,2.0,True,,SELL,,
2026-03-11 23:52:41,A_VALIDATION_PIPELINE_V1,SPY,rejection_reason,CHOP,CHOP,OFF,alpha_mode_off,0.3349,2.0,True,,SELL,,
2026-03-11 23:52:41,A_VALIDATION_PIPELINE_V1,SPY,plan_skipped,CHOP,CHOP,OFF,alpha_mode_off,0.3349,2.0,True,,SELL,,
2026-03-11 23:52:46,A_VALIDATION_PIPELINE_V1,SPY,rejection_reason,CHOP,CHOP,OFF,alpha_mode_off,0.3349,2.0,True,,SELL,,
2026-03-11 23:52:46,A_VALIDATION_PIPELINE_V1,SPY,plan_skipped,CHOP,CHOP,OFF,alpha_mode_off,0.3349,2.0,True,,SELL,,
2026-03-11 23:52:50,A_VALIDATION_PIPELINE_V1,SPY,rejection_reason,CHOP,CHOP,OFF,alpha_mode_off,0.3349,2.0,True,,SELL,,
2026-03-11 23:52:50,A_VALIDATION_PIPELINE_V1,SPY,plan_skipped,CHOP,CHOP,OFF,alpha_mode_off,0.3349,2.0,True,,SELL,,
2026-03-11 23:52:55,A_VALIDATION_PIPELINE_V1,SPY,rejection_reason,CHOP,CHOP,OFF,alpha_mode_off,0.3349,2.0,True,,SELL,,
2026-03-11 23:52:55,A_VALIDATION_PIPELINE_V1,SPY,plan_skipped,CHOP,CHOP,OFF,alpha_mode_off,0.3349,2.0,True,,SELL,,
2026-03-11 23:52:59,A_VALIDATION_PIPELINE_V1,SPY,rejection_reason,CHOP,CHOP,OFF,alpha_mode_off,0.3349,2.0,True,,SELL,,
2026-03-11 23:52:59,A_VALIDATION_PIPELINE_V1,SPY,plan_skipped,CHOP,CHOP,OFF,alpha_mode_off,0.3349,2.0,True,,SELL,,
2026-03-11 23:53:04,A_VALIDATION_PIPELINE_V1,SPY,rejection_reason,CHOP,CHOP,OFF,alpha_mode_off,0.3349,2.0,True,,SELL,,
2026-03-11 23:53:04,A_VALIDATION_PIPELINE_V1,SPY,plan_skipped,CHOP,CHOP,OFF,alpha_mode_off,0.3349,2.0,True,,SELL,,
2026-03-11 23:53:08,A_VALIDATION_PIPELINE_V1,SPY,rejection_reason,CHOP,CHOP,OFF,alpha_mode_off,0.3349,2.0,True,,SELL,,
2026-03-11 23:53:08,A_VALIDATION_PIPELINE_V1,SPY,plan_skipped,CHOP,CHOP,OFF,alpha_mode_off,0.3349,2.0,True,,SELL,,
2026-03-11 23:53:13,A_VALIDATION_PIPELINE_V1,SPY,rejection_reason,CHOP,CHOP,OFF,alpha_mode_off,0.3349,2.0,True,,SELL,,
2026-03-11 23:53:13,A_VALIDATION_PIPELINE_V1,SPY,plan_skipped,CHOP,CHOP,OFF,alpha_mode_off,0.3349,2.0,True,,SELL,,
2026-03-11 23:53:18,A_VALIDATION_PIPELINE_V1,SPY,rejection_reason,CHOP,CHOP,OFF,alpha_mode_off,0.3349,2.0,True,,SELL,,
2026-03-11 23:53:18,A_VALIDATION_PIPELINE_V1,SPY,plan_skipped,CHOP,CHOP,OFF,alpha_mode_off,0.3349,2.0,True,,SELL,,
2026-03-11 23:53:22,A_VALIDATION_PIPELINE_V1,SPY,rejection_reason,CHOP,CHOP,OFF,alpha_mode_off,0.3349,2.0,True,,SELL,,
2026-03-11 23:53:22,A_VALIDATION_PIPELINE_V1,SPY,plan_skipped,CHOP,CHOP,OFF,alpha_mode_off,0.3349,2.0,True,,SELL,,
2026-03-11 23:53:27,A_VALIDATION_PIPELINE_V1,SPY,rejection_reason,CHOP,CHOP,OFF,alpha_mode_off,0.3349,2.0,True,,SELL,,
2026-03-11 23:53:27,A_VALIDATION_PIPELINE_V1,SPY,plan_skipped,CHOP,CHOP,OFF,alpha_mode_off,0.3349,2.0,True,,SELL,,
2026-03-11 23:53:31,A_VALIDATION_PIPELINE_V1,SPY,rejection_reason,CHOP,CHOP,OFF,alpha_mode_off,0.3349,2.0,True,,SELL,,
2026-03-11 23:53:31,A_VALIDATION_PIPELINE_V1,SPY,plan_skipped,CHOP,CHOP,OFF,alpha_mode_off,0.3349,2.0,True,,SELL,,
2026-03-11 23:53:36,A_VALIDATION_PIPELINE_V1,SPY,rejection_reason,CHOP,CHOP,OFF,alpha_mode_off,0.3349,2.0,True,,SELL,,
2026-03-11 23:53:36,A_VALIDATION_PIPELINE_V1,SPY,plan_skipped,CHOP,CHOP,OFF,alpha_mode_off,0.3349,2.0,True,,SELL,,
2026-03-11 23:53:40,A_VALIDATION_PIPELINE_V1,SPY,rejection_reason,CHOP,CHOP,OFF,alpha_mode_off,0.3349,2.0,True,,SELL,,
2026-03-11 23:53:40,A_VALIDATION_PIPELINE_V1,SPY,plan_skipped,CHOP,CHOP,OFF,alpha_mode_off,0.3349,2.0,True,,SELL,,
2026-03-11 23:53:45,A_VALIDATION_PIPELINE_V1,SPY,rejection_reason,CHOP,CHOP,OFF,alpha_mode_off,0.3349,2.0,True,,SELL,,
2026-03-11 23:53:45,A_VALIDATION_PIPELINE_V1,SPY,plan_skipped,CHOP,CHOP,OFF,alpha_mode_off,0.3349,2.0,True,,SELL,,
2026-03-11 23:53:49,A_VALIDATION_PIPELINE_V1,SPY,rejection_reason,CHOP,CHOP,OFF,alpha_mode_off,0.3349,2.0,True,,SELL,,
2026-03-11 23:53:49,A_VALIDATION_PIPELINE_V1,SPY,plan_skipped,CHOP,CHOP,OFF,alpha_mode_off,0.3349,2.0,True,,SELL,,
2026-03-11 23:53:54,A_VALIDATION_PIPELINE_V1,SPY,rejection_reason,CHOP,CHOP,OFF,alpha_mode_off,0.3349,2.0,True,,SELL,,
2026-03-11 23:53:54,A_VALIDATION_PIPELINE_V1,SPY,plan_skipped,CHOP,CHOP,OFF,alpha_mode_off,0.3349,2.0,True,,SELL,,
2026-03-11 23:53:58,A_VALIDATION_PIPELINE_V1,SPY,rejection_reason,CHOP,CHOP,OFF,alpha_mode_off,0.3349,2.0,True,,SELL,,
2026-03-11 23:53:58,A_VALIDATION_PIPELINE_V1,SPY,plan_skipped,CHOP,CHOP,OFF,alpha_mode_off,0.3349,2.0,True,,SELL,,
2026-03-11 23:54:03,A_VALIDATION_PIPELINE_V1,SPY,rejection_reason,CHOP,CHOP,OFF,alpha_mode_off,0.3349,2.0,True,,SELL,,
2026-03-11 23:54:03,A_VALIDATION_PIPELINE_V1,SPY,plan_skipped,CHOP,CHOP,OFF,alpha_mode_off,0.3349,2.0,True,,SELL,,
2026-03-11 23:54:07,A_VALIDATION_PIPELINE_V1,SPY,rejection_reason,CHOP,CHOP,OFF,alpha_mode_off,0.3349,2.0,True,,SELL,,
2026-03-11 23:54:07,A_VALIDATION_PIPELINE_V1,SPY,plan_skipped,CHOP,CHOP,OFF,alpha_mode_off,0.3349,2.0,True,,SELL,,
2026-03-11 23:54:12,A_VALIDATION_PIPELINE_V1,SPY,rejection_reason,CHOP,CHOP,OFF,alpha_mode_off,0.3349,2.0,True,,SELL,,
2026-03-11 23:54:12,A_VALIDATION_PIPELINE_V1,SPY,plan_skipped,CHOP,CHOP,OFF,alpha_mode_off,0.3349,2.0,True,,SELL,,
2026-03-11 23:54:16,A_VALIDATION_PIPELINE_V1,SPY,rejection_reason,CHOP,CHOP,OFF,alpha_mode_off,0.3349,2.0,True,,SELL,,
2026-03-11 23:54:16,A_VALIDATION_PIPELINE_V1,SPY,plan_skipped,CHOP,CHOP,OFF,alpha_mode_off,0.3349,2.0,True,,SELL,,
2026-03-11 23:54:20,A_VALIDATION_PIPELINE_V1,SPY,rejection_reason,CHOP,CHOP,OFF,alpha_mode_off,0.3349,2.0,True,,SELL,,
2026-03-11 23:54:20,A_VALIDATION_PIPELINE_V1,SPY,plan_skipped,CHOP,CHOP,OFF,alpha_mode_off,0.3349,2.0,True,,SELL,,
2026-03-11 23:54:25,A_VALIDATION_PIPELINE_V1,SPY,rejection_reason,CHOP,CHOP,OFF,alpha_mode_off,0.3349,2.0,True,,SELL,,
2026-03-11 23:54:25,A_VALIDATION_PIPELINE_V1,SPY,plan_skipped,CHOP,CHOP,OFF,alpha_mode_off,0.3349,2.0,True,,SELL,,
2026-03-11 23:54:29,A_VALIDATION_PIPELINE_V1,SPY,rejection_reason,CHOP,CHOP,OFF,alpha_mode_off,0.3349,2.0,True,,SELL,,
2026-03-11 23:54:29,A_VALIDATION_PIPELINE_V1,SPY,plan_skipped,CHOP,CHOP,OFF,alpha_mode_off,0.3349,2.0,True,,SELL,,
2026-03-11 23:54:34,A_VALIDATION_PIPELINE_V1,SPY,rejection_reason,CHOP,CHOP,OFF,alpha_mode_off,0.3349,2.0,True,,SELL,,
2026-03-11 23:54:34,A_VALIDATION_PIPELINE_V1,SPY,plan_skipped,CHOP,CHOP,OFF,alpha_mode_off,0.3349,2.0,True,,SELL,,
2026-03-11 23:54:39,A_VALIDATION_PIPELINE_V1,SPY,rejection_reason,CHOP,CHOP,OFF,alpha_mode_off,0.3349,2.0,True,,SELL,,
2026-03-11 23:54:39,A_VALIDATION_PIPELINE_V1,SPY,plan_skipped,CHOP,CHOP,OFF,alpha_mode_off,0.3349,2.0,True,,SELL,,
2026-03-11 23:54:43,A_VALIDATION_PIPELINE_V1,SPY,rejection_reason,CHOP,CHOP,OFF,alpha_mode_off,0.3349,2.0,True,,SELL,,
2026-03-11 23:54:43,A_VALIDATION_PIPELINE_V1,SPY,plan_skipped,CHOP,CHOP,OFF,alpha_mode_off,0.3349,2.0,True,,SELL,,
2026-03-11 23:54:47,A_VALIDATION_PIPELINE_V1,SPY,rejection_reason,CHOP,CHOP,OFF,alpha_mode_off,0.3349,2.0,True,,SELL,,
2026-03-11 23:54:47,A_VALIDATION_PIPELINE_V1,SPY,plan_skipped,CHOP,CHOP,OFF,alpha_mode_off,0.3349,2.0,True,,SELL,,
2026-03-11 23:54:52,A_VALIDATION_PIPELINE_V1,SPY,rejection_reason,CHOP,CHOP,OFF,alpha_mode_off,0.3349,2.0,True,,SELL,,
2026-03-11 23:54:52,A_VALIDATION_PIPELINE_V1,SPY,plan_skipped,CHOP,CHOP,OFF,alpha_mode_off,0.3349,2.0,True,,SELL,,
2026-03-11 23:54:56,A_VALIDATION_PIPELINE_V1,SPY,rejection_reason,CHOP,CHOP,OFF,alpha_mode_off,0.3349,2.0,True,,SELL,,
2026-03-11 23:54:56,A_VALIDATION_PIPELINE_V1,SPY,plan_skipped,CHOP,CHOP,OFF,alpha_mode_off,0.3349,2.0,True,,SELL,,
2026-03-11 23:55:01,A_VALIDATION_PIPELINE_V1,SPY,rejection_reason,CHOP,CHOP,OFF,alpha_mode_off,0.3349,2.0,True,,SELL,,
2026-03-11 23:55:01,A_VALIDATION_PIPELINE_V1,SPY,plan_skipped,CHOP,CHOP,OFF,alpha_mode_off,0.3349,2.0,True,,SELL,,
2026-03-11 23:55:05,A_VALIDATION_PIPELINE_V1,SPY,rejection_reason,CHOP,CHOP,OFF,alpha_mode_off,0.3349,2.0,True,,SELL,,
2026-03-11 23:55:05,A_VALIDATION_PIPELINE_V1,SPY,plan_skipped,CHOP,CHOP,OFF,alpha_mode_off,0.3349,2.0,True,,SELL,,
2026-03-11 23:55:10,A_VALIDATION_PIPELINE_V1,SPY,rejection_reason,CHOP,CHOP,OFF,alpha_mode_off,0.3349,2.0,True,,SELL,,
2026-03-11 23:55:10,A_VALIDATION_PIPELINE_V1,SPY,plan_skipped,CHOP,CHOP,OFF,alpha_mode_off,0.3349,2.0,True,,SELL,,
2026-03-11 23:55:14,A_VALIDATION_PIPELINE_V1,SPY,rejection_reason,CHOP,CHOP,OFF,alpha_mode_off,0.3349,2.0,True,,SELL,,
2026-03-11 23:55:14,A_VALIDATION_PIPELINE_V1,SPY,plan_skipped,CHOP,CHOP,OFF,alpha_mode_off,0.3349,2.0,True,,SELL,,
2026-03-11 23:55:19,A_VALIDATION_PIPELINE_V1,SPY,rejection_reason,CHOP,CHOP,OFF,alpha_mode_off,0.3349,2.0,True,,SELL,,
2026-03-11 23:55:19,A_VALIDATION_PIPELINE_V1,SPY,plan_skipped,CHOP,CHOP,OFF,alpha_mode_off,0.3349,2.0,True,,SELL,,
2026-03-11 23:55:23,A_VALIDATION_PIPELINE_V1,SPY,rejection_reason,CHOP,CHOP,OFF,alpha_mode_off,0.3349,2.0,True,,SELL,,
2026-03-11 23:55:23,A_VALIDATION_PIPELINE_V1,SPY,plan_skipped,CHOP,CHOP,OFF,alpha_mode_off,0.3349,2.0,True,,SELL,,
2026-03-11 23:55:27,A_VALIDATION_PIPELINE_V1,SPY,rejection_reason,CHOP,CHOP,OFF,alpha_mode_off,0.3349,2.0,True,,SELL,,
2026-03-11 23:55:27,A_VALIDATION_PIPELINE_V1,SPY,plan_skipped,CHOP,CHOP,OFF,alpha_mode_off,0.3349,2.0,True,,SELL,,
2026-03-11 23:55:32,A_VALIDATION_PIPELINE_V1,SPY,rejection_reason,CHOP,CHOP,OFF,alpha_mode_off,0.3349,2.0,True,,SELL,,
2026-03-11 23:55:32,A_VALIDATION_PIPELINE_V1,SPY,plan_skipped,CHOP,CHOP,OFF,alpha_mode_off,0.3349,2.0,True,,SELL,,
2026-03-11 23:55:36,A_VALIDATION_PIPELINE_V1,SPY,rejection_reason,CHOP,CHOP,OFF,alpha_mode_off,0.3349,2.0,True,,SELL,,
2026-03-11 23:55:36,A_VALIDATION_PIPELINE_V1,SPY,plan_skipped,CHOP,CHOP,OFF,alpha_mode_off,0.3349,2.0,True,,SELL,,
2026-03-11 23:55:41,A_VALIDATION_PIPELINE_V1,SPY,rejection_reason,CHOP,CHOP,OFF,alpha_mode_off,0.3349,2.0,True,,SELL,,
2026-03-11 23:55:41,A_VALIDATION_PIPELINE_V1,SPY,plan_skipped,CHOP,CHOP,OFF,alpha_mode_off,0.3349,2.0,True,,SELL,,
2026-03-11 23:55:45,A_VALIDATION_PIPELINE_V1,SPY,rejection_reason,CHOP,CHOP,OFF,alpha_mode_off,0.3349,2.0,True,,SELL,,
2026-03-11 23:55:45,A_VALIDATION_PIPELINE_V1,SPY,plan_skipped,CHOP,CHOP,OFF,alpha_mode_off,0.3349,2.0,True,,SELL,,
2026-03-11 23:55:50,A_VALIDATION_PIPELINE_V1,SPY,rejection_reason,CHOP,CHOP,OFF,alpha_mode_off,0.3349,2.0,True,,SELL,,
2026-03-11 23:55:50,A_VALIDATION_PIPELINE_V1,SPY,plan_skipped,CHOP,CHOP,OFF,alpha_mode_off,0.3349,2.0,True,,SELL,,
2026-03-11 23:55:54,A_VALIDATION_PIPELINE_V1,SPY,rejection_reason,CHOP,CHOP,OFF,alpha_mode_off,0.3349,2.0,True,,SELL,,
2026-03-11 23:55:54,A_VALIDATION_PIPELINE_V1,SPY,plan_skipped,CHOP,CHOP,OFF,alpha_mode_off,0.3349,2.0,True,,SELL,,
2026-03-11 23:55:59,A_VALIDATION_PIPELINE_V1,SPY,rejection_reason,CHOP,CHOP,OFF,alpha_mode_off,0.3349,2.0,True,,SELL,,
2026-03-11 23:55:59,A_VALIDATION_PIPELINE_V1,SPY,plan_skipped,CHOP,CHOP,OFF,alpha_mode_off,0.3349,2.0,True,,SELL,,
2026-03-11 23:56:03,A_VALIDATION_PIPELINE_V1,SPY,rejection_reason,CHOP,CHOP,OFF,alpha_mode_off,0.3349,2.0,True,,SELL,,
2026-03-11 23:56:03,A_VALIDATION_PIPELINE_V1,SPY,plan_skipped,CHOP,CHOP,OFF,alpha_mode_off,0.3349,2.0,True,,SELL,,
2026-03-11 23:56:08,A_VALIDATION_PIPELINE_V1,SPY,rejection_reason,CHOP,CHOP,OFF,alpha_mode_off,0.3349,2.0,True,,SELL,,
2026-03-11 23:56:08,A_VALIDATION_PIPELINE_V1,SPY,plan_skipped,CHOP,CHOP,OFF,alpha_mode_off,0.3349,2.0,True,,SELL,,
2026-03-11 23:56:12,A_VALIDATION_PIPELINE_V1,SPY,rejection_reason,CHOP,CHOP,OFF,alpha_mode_off,0.3349,2.0,True,,SELL,,
2026-03-11 23:56:12,A_VALIDATION_PIPELINE_V1,SPY,plan_skipped,CHOP,CHOP,OFF,alpha_mode_off,0.3349,2.0,True,,SELL,,
2026-03-11 23:56:17,A_VALIDATION_PIPELINE_V1,SPY,rejection_reason,CHOP,CHOP,OFF,alpha_mode_off,0.3349,2.0,True,,SELL,,
2026-03-11 23:56:17,A_VALIDATION_PIPELINE_V1,SPY,plan_skipped,CHOP,CHOP,OFF,alpha_mode_off,0.3349,2.0,True,,SELL,,
2026-03-11 23:56:21,A_VALIDATION_PIPELINE_V1,SPY,rejection_reason,CHOP,CHOP,OFF,alpha_mode_off,0.3349,2.0,True,,SELL,,
2026-03-11 23:56:21,A_VALIDATION_PIPELINE_V1,SPY,plan_skipped,CHOP,CHOP,OFF,alpha_mode_off,0.3349,2.0,True,,SELL,,
2026-03-11 23:56:26,A_VALIDATION_PIPELINE_V1,SPY,rejection_reason,CHOP,CHOP,OFF,alpha_mode_off,0.3349,2.0,True,,SELL,,
2026-03-11 23:56:26,A_VALIDATION_PIPELINE_V1,SPY,plan_skipped,CHOP,CHOP,OFF,alpha_mode_off,0.3349,2.0,True,,SELL,,
2026-03-11 23:56:30,A_VALIDATION_PIPELINE_V1,SPY,rejection_reason,CHOP,CHOP,OFF,alpha_mode_off,0.3349,2.0,True,,SELL,,
2026-03-11 23:56:30,A_VALIDATION_PIPELINE_V1,SPY,plan_skipped,CHOP,CHOP,OFF,alpha_mode_off,0.3349,2.0,True,,SELL,,
2026-03-11 23:56:35,A_VALIDATION_PIPELINE_V1,SPY,rejection_reason,CHOP,CHOP,OFF,alpha_mode_off,0.3349,2.0,True,,SELL,,
2026-03-11 23:56:35,A_VALIDATION_PIPELINE_V1,SPY,plan_skipped,CHOP,CHOP,OFF,alpha_mode_off,0.3349,2.0,True,,SELL,,
2026-03-11 23:56:39,A_VALIDATION_PIPELINE_V1,SPY,rejection_reason,CHOP,CHOP,OFF,alpha_mode_off,0.3349,2.0,True,,SELL,,
2026-03-11 23:56:39,A_VALIDATION_PIPELINE_V1,SPY,plan_skipped,CHOP,CHOP,OFF,alpha_mode_off,0.3349,2.0,True,,SELL,,
2026-03-11 23:56:44,A_VALIDATION_PIPELINE_V1,SPY,rejection_reason,CHOP,CHOP,OFF,alpha_mode_off,0.3349,2.0,True,,SELL,,
2026-03-11 23:56:44,A_VALIDATION_PIPELINE_V1,SPY,plan_skipped,CHOP,CHOP,OFF,alpha_mode_off,0.3349,2.0,True,,SELL,,
2026-03-11 23:56:48,A_VALIDATION_PIPELINE_V1,SPY,rejection_reason,CHOP,CHOP,OFF,alpha_mode_off,0.3349,2.0,True,,SELL,,
2026-03-11 23:56:48,A_VALIDATION_PIPELINE_V1,SPY,plan_skipped,CHOP,CHOP,OFF,alpha_mode_off,0.3349,2.0,True,,SELL,,
2026-03-11 23:56:53,A_VALIDATION_PIPELINE_V1,SPY,rejection_reason,CHOP,CHOP,OFF,alpha_mode_off,0.3349,2.0,True,,SELL,,
2026-03-11 23:56:53,A_VALIDATION_PIPELINE_V1,SPY,plan_skipped,CHOP,CHOP,OFF,alpha_mode_off,0.3349,2.0,True,,SELL,,
2026-03-11 23:56:57,A_VALIDATION_PIPELINE_V1,SPY,rejection_reason,CHOP,CHOP,OFF,alpha_mode_off,0.3349,2.0,True,,SELL,,
2026-03-11 23:56:57,A_VALIDATION_PIPELINE_V1,SPY,plan_skipped,CHOP,CHOP,OFF,alpha_mode_off,0.3349,2.0,True,,SELL,,
2026-03-11 23:57:02,A_VALIDATION_PIPELINE_V1,SPY,rejection_reason,CHOP,CHOP,OFF,alpha_mode_off,0.3349,2.0,True,,SELL,,
2026-03-11 23:57:02,A_VALIDATION_PIPELINE_V1,SPY,plan_skipped,CHOP,CHOP,OFF,alpha_mode_off,0.3349,2.0,True,,SELL,,
2026-03-11 23:57:06,A_VALIDATION_PIPELINE_V1,SPY,rejection_reason,CHOP,CHOP,OFF,alpha_mode_off,0.3349,2.0,True,,SELL,,
2026-03-11 23:57:06,A_VALIDATION_PIPELINE_V1,SPY,plan_skipped,CHOP,CHOP,OFF,alpha_mode_off,0.3349,2.0,True,,SELL,,
2026-03-11 23:57:11,A_VALIDATION_PIPELINE_V1,SPY,rejection_reason,CHOP,CHOP,OFF,alpha_mode_off,0.3349,2.0,True,,SELL,,
2026-03-11 23:57:11,A_VALIDATION_PIPELINE_V1,SPY,plan_skipped,CHOP,CHOP,OFF,alpha_mode_off,0.3349,2.0,True,,SELL,,
2026-03-11 23:57:15,A_VALIDATION_PIPELINE_V1,SPY,rejection_reason,CHOP,CHOP,OFF,alpha_mode_off,0.3349,2.0,True,,SELL,,
2026-03-11 23:57:15,A_VALIDATION_PIPELINE_V1,SPY,plan_skipped,CHOP,CHOP,OFF,alpha_mode_off,0.3349,2.0,True,,SELL,,
2026-03-11 23:57:19,A_VALIDATION_PIPELINE_V1,SPY,rejection_reason,CHOP,CHOP,OFF,alpha_mode_off,0.3349,2.0,True,,SELL,,
2026-03-11 23:57:19,A_VALIDATION_PIPELINE_V1,SPY,plan_skipped,CHOP,CHOP,OFF,alpha_mode_off,0.3349,2.0,True,,SELL,,
2026-03-11 23:57:24,A_VALIDATION_PIPELINE_V1,SPY,rejection_reason,CHOP,CHOP,OFF,alpha_mode_off,0.3349,2.0,True,,SELL,,
2026-03-11 23:57:24,A_VALIDATION_PIPELINE_V1,SPY,plan_skipped,CHOP,CHOP,OFF,alpha_mode_off,0.3349,2.0,True,,SELL,,
2026-03-11 23:57:28,A_VALIDATION_PIPELINE_V1,SPY,rejection_reason,CHOP,CHOP,OFF,alpha_mode_off,0.3349,2.0,True,,SELL,,
2026-03-11 23:57:28,A_VALIDATION_PIPELINE_V1,SPY,plan_skipped,CHOP,CHOP,OFF,alpha_mode_off,0.3349,2.0,True,,SELL,,
2026-03-11 23:57:33,A_VALIDATION_PIPELINE_V1,SPY,rejection_reason,CHOP,CHOP,OFF,alpha_mode_off,0.3349,2.0,True,,SELL,,
2026-03-11 23:57:33,A_VALIDATION_PIPELINE_V1,SPY,plan_skipped,CHOP,CHOP,OFF,alpha_mode_off,0.3349,2.0,True,,SELL,,
2026-03-11 23:57:37,A_VALIDATION_PIPELINE_V1,SPY,rejection_reason,CHOP,CHOP,OFF,alpha_mode_off,0.3349,2.0,True,,SELL,,
2026-03-11 23:57:37,A_VALIDATION_PIPELINE_V1,SPY,plan_skipped,CHOP,CHOP,OFF,alpha_mode_off,0.3349,2.0,True,,SELL,,
2026-03-11 23:57:42,A_VALIDATION_PIPELINE_V1,SPY,rejection_reason,CHOP,CHOP,OFF,alpha_mode_off,0.3349,2.0,True,,SELL,,
2026-03-11 23:57:42,A_VALIDATION_PIPELINE_V1,SPY,plan_skipped,CHOP,CHOP,OFF,alpha_mode_off,0.3349,2.0,True,,SELL,,
2026-03-11 23:57:46,A_VALIDATION_PIPELINE_V1,SPY,rejection_reason,CHOP,CHOP,OFF,alpha_mode_off,0.3349,2.0,True,,SELL,,
2026-03-11 23:57:46,A_VALIDATION_PIPELINE_V1,SPY,plan_skipped,CHOP,CHOP,OFF,alpha_mode_off,0.3349,2.0,True,,SELL,,
2026-03-11 23:57:51,A_VALIDATION_PIPELINE_V1,SPY,rejection_reason,CHOP,CHOP,OFF,alpha_mode_off,0.3349,2.0,True,,SELL,,
2026-03-11 23:57:51,A_VALIDATION_PIPELINE_V1,SPY,plan_skipped,CHOP,CHOP,OFF,alpha_mode_off,0.3349,2.0,True,,SELL,,
2026-03-11 23:57:55,A_VALIDATION_PIPELINE_V1,SPY,rejection_reason,CHOP,CHOP,OFF,alpha_mode_off,0.3349,2.0,True,,SELL,,
2026-03-11 23:57:55,A_VALIDATION_PIPELINE_V1,SPY,plan_skipped,CHOP,CHOP,OFF,alpha_mode_off,0.3349,2.0,True,,SELL,,
2026-03-11 23:58:00,A_VALIDATION_PIPELINE_V1,SPY,rejection_reason,CHOP,CHOP,OFF,alpha_mode_off,0.3349,2.0,True,,SELL,,
2026-03-11 23:58:00,A_VALIDATION_PIPELINE_V1,SPY,plan_skipped,CHOP,CHOP,OFF,alpha_mode_off,0.3349,2.0,True,,SELL,,
2026-03-11 23:58:04,A_VALIDATION_PIPELINE_V1,SPY,rejection_reason,CHOP,CHOP,OFF,alpha_mode_off,0.3349,2.0,True,,SELL,,
2026-03-11 23:58:04,A_VALIDATION_PIPELINE_V1,SPY,plan_skipped,CHOP,CHOP,OFF,alpha_mode_off,0.3349,2.0,True,,SELL,,
2026-03-11 23:58:09,A_VALIDATION_PIPELINE_V1,SPY,rejection_reason,CHOP,CHOP,OFF,alpha_mode_off,0.3349,2.0,True,,SELL,,
2026-03-11 23:58:09,A_VALIDATION_PIPELINE_V1,SPY,plan_skipped,CHOP,CHOP,OFF,alpha_mode_off,0.3349,2.0,True,,SELL,,
2026-03-11 23:58:13,A_VALIDATION_PIPELINE_V1,SPY,rejection_reason,CHOP,CHOP,OFF,alpha_mode_off,0.3349,2.0,True,,SELL,,
2026-03-11 23:58:13,A_VALIDATION_PIPELINE_V1,SPY,plan_skipped,CHOP,CHOP,OFF,alpha_mode_off,0.3349,2.0,True,,SELL,,
2026-03-11 23:58:18,A_VALIDATION_PIPELINE_V1,SPY,rejection_reason,CHOP,CHOP,OFF,alpha_mode_off,0.3349,2.0,True,,SELL,,
2026-03-11 23:58:18,A_VALIDATION_PIPELINE_V1,SPY,plan_skipped,CHOP,CHOP,OFF,alpha_mode_off,0.3349,2.0,True,,SELL,,
2026-03-11 23:58:22,A_VALIDATION_PIPELINE_V1,SPY,rejection_reason,CHOP,CHOP,OFF,alpha_mode_off,0.3349,2.0,True,,SELL,,
2026-03-11 23:58:22,A_VALIDATION_PIPELINE_V1,SPY,plan_skipped,CHOP,CHOP,OFF,alpha_mode_off,0.3349,2.0,True,,SELL,,
2026-03-11 23:58:26,A_VALIDATION_PIPELINE_V1,SPY,rejection_reason,CHOP,CHOP,OFF,alpha_mode_off,0.3349,2.0,True,,SELL,,
2026-03-11 23:58:26,A_VALIDATION_PIPELINE_V1,SPY,plan_skipped,CHOP,CHOP,OFF,alpha_mode_off,0.3349,2.0,True,,SELL,,
2026-03-11 23:58:31,A_VALIDATION_PIPELINE_V1,SPY,rejection_reason,CHOP,CHOP,OFF,alpha_mode_off,0.3349,2.0,True,,SELL,,
2026-03-11 23:58:31,A_VALIDATION_PIPELINE_V1,SPY,plan_skipped,CHOP,CHOP,OFF,alpha_mode_off,0.3349,2.0,True,,SELL,,
2026-03-11 23:58:35,A_VALIDATION_PIPELINE_V1,SPY,rejection_reason,CHOP,CHOP,OFF,alpha_mode_off,0.3349,2.0,True,,SELL,,
2026-03-11 23:58:35,A_VALIDATION_PIPELINE_V1,SPY,plan_skipped,CHOP,CHOP,OFF,alpha_mode_off,0.3349,2.0,True,,SELL,,
2026-03-11 23:58:40,A_VALIDATION_PIPELINE_V1,SPY,rejection_reason,CHOP,CHOP,OFF,alpha_mode_off,0.3349,2.0,True,,SELL,,
2026-03-11 23:58:40,A_VALIDATION_PIPELINE_V1,SPY,plan_skipped,CHOP,CHOP,OFF,alpha_mode_off,0.3349,2.0,True,,SELL,,
2026-03-11 23:58:44,A_VALIDATION_PIPELINE_V1,SPY,rejection_reason,CHOP,CHOP,OFF,alpha_mode_off,0.3349,2.0,True,,SELL,,
2026-03-11 23:58:44,A_VALIDATION_PIPELINE_V1,SPY,plan_skipped,CHOP,CHOP,OFF,alpha_mode_off,0.3349,2.0,True,,SELL,,
2026-03-11 23:58:49,A_VALIDATION_PIPELINE_V1,SPY,rejection_reason,CHOP,CHOP,OFF,alpha_mode_off,0.3349,2.0,True,,SELL,,
2026-03-11 23:58:49,A_VALIDATION_PIPELINE_V1,SPY,plan_skipped,CHOP,CHOP,OFF,alpha_mode_off,0.3349,2.0,True,,SELL,,
2026-03-11 23:58:53,A_VALIDATION_PIPELINE_V1,SPY,rejection_reason,CHOP,CHOP,OFF,alpha_mode_off,0.3349,2.0,True,,SELL,,
2026-03-11 23:58:53,A_VALIDATION_PIPELINE_V1,SPY,plan_skipped,CHOP,CHOP,OFF,alpha_mode_off,0.3349,2.0,True,,SELL,,
2026-03-11 23:58:58,A_VALIDATION_PIPELINE_V1,SPY,rejection_reason,CHOP,CHOP,OFF,alpha_mode_off,0.3349,2.0,True,,SELL,,
2026-03-11 23:58:58,A_VALIDATION_PIPELINE_V1,SPY,plan_skipped,CHOP,CHOP,OFF,alpha_mode_off,0.3349,2.0,True,,SELL,,
2026-03-11 23:59:02,A_VALIDATION_PIPELINE_V1,SPY,rejection_reason,CHOP,CHOP,OFF,alpha_mode_off,0.3349,2.0,True,,SELL,,
2026-03-11 23:59:02,A_VALIDATION_PIPELINE_V1,SPY,plan_skipped,CHOP,CHOP,OFF,alpha_mode_off,0.3349,2.0,True,,SELL,,
2026-03-11 23:59:06,A_VALIDATION_PIPELINE_V1,SPY,rejection_reason,CHOP,CHOP,OFF,alpha_mode_off,0.3349,2.0,True,,SELL,,
2026-03-11 23:59:06,A_VALIDATION_PIPELINE_V1,SPY,plan_skipped,CHOP,CHOP,OFF,alpha_mode_off,0.3349,2.0,True,,SELL,,
2026-03-11 23:59:11,A_VALIDATION_PIPELINE_V1,SPY,rejection_reason,CHOP,CHOP,OFF,alpha_mode_off,0.3349,2.0,True,,SELL,,
2026-03-11 23:59:11,A_VALIDATION_PIPELINE_V1,SPY,plan_skipped,CHOP,CHOP,OFF,alpha_mode_off,0.3349,2.0,True,,SELL,,
2026-03-11 23:59:15,A_VALIDATION_PIPELINE_V1,SPY,rejection_reason,CHOP,CHOP,OFF,alpha_mode_off,0.3349,2.0,True,,SELL,,
2026-03-11 23:59:15,A_VALIDATION_PIPELINE_V1,SPY,plan_skipped,CHOP,CHOP,OFF,alpha_mode_off,0.3349,2.0,True,,SELL,,
2026-03-11 23:59:20,A_VALIDATION_PIPELINE_V1,SPY,rejection_reason,CHOP,CHOP,OFF,alpha_mode_off,0.3349,2.0,True,,SELL,,
2026-03-11 23:59:20,A_VALIDATION_PIPELINE_V1,SPY,plan_skipped,CHOP,CHOP,OFF,alpha_mode_off,0.3349,2.0,True,,SELL,,
2026-03-11 23:59:24,A_VALIDATION_PIPELINE_V1,SPY,rejection_reason,CHOP,CHOP,OFF,alpha_mode_off,0.3349,2.0,True,,SELL,,
2026-03-11 23:59:24,A_VALIDATION_PIPELINE_V1,SPY,plan_skipped,CHOP,CHOP,OFF,alpha_mode_off,0.3349,2.0,True,,SELL,,
2026-03-11 23:59:29,A_VALIDATION_PIPELINE_V1,SPY,rejection_reason,CHOP,CHOP,OFF,alpha_mode_off,0.3349,2.0,True,,SELL,,
2026-03-11 23:59:29,A_VALIDATION_PIPELINE_V1,SPY,plan_skipped,CHOP,CHOP,OFF,alpha_mode_off,0.3349,2.0,True,,SELL,,
2026-03-11 23:59:33,A_VALIDATION_PIPELINE_V1,SPY,rejection_reason,CHOP,CHOP,OFF,alpha_mode_off,0.3349,2.0,True,,SELL,,
2026-03-11 23:59:33,A_VALIDATION_PIPELINE_V1,SPY,plan_skipped,CHOP,CHOP,OFF,alpha_mode_off,0.3349,2.0,True,,SELL,,
2026-03-11 23:59:38,A_VALIDATION_PIPELINE_V1,SPY,rejection_reason,CHOP,CHOP,OFF,alpha_mode_off,0.3349,2.0,True,,SELL,,
2026-03-11 23:59:38,A_VALIDATION_PIPELINE_V1,SPY,plan_skipped,CHOP,CHOP,OFF,alpha_mode_off,0.3349,2.0,True,,SELL,,
2026-03-11 23:59:42,A_VALIDATION_PIPELINE_V1,SPY,rejection_reason,CHOP,CHOP,OFF,alpha_mode_off,0.3349,2.0,True,,SELL,,
2026-03-11 23:59:42,A_VALIDATION_PIPELINE_V1,SPY,plan_skipped,CHOP,CHOP,OFF,alpha_mode_off,0.3349,2.0,True,,SELL,,
2026-03-11 23:59:47,A_VALIDATION_PIPELINE_V1,SPY,rejection_reason,CHOP,CHOP,OFF,alpha_mode_off,0.3349,2.0,True,,SELL,,
2026-03-11 23:59:47,A_VALIDATION_PIPELINE_V1,SPY,plan_skipped,CHOP,CHOP,OFF,alpha_mode_off,0.3349,2.0,True,,SELL,,
2026-03-11 23:59:51,A_VALIDATION_PIPELINE_V1,SPY,rejection_reason,CHOP,CHOP,OFF,alpha_mode_off,0.3349,2.0,True,,SELL,,
2026-03-11 23:59:51,A_VALIDATION_PIPELINE_V1,SPY,plan_skipped,CHOP,CHOP,OFF,alpha_mode_off,0.3349,2.0,True,,SELL,,
2026-03-11 23:59:55,A_VALIDATION_PIPELINE_V1,SPY,rejection_reason,CHOP,CHOP,OFF,alpha_mode_off,0.3349,2.0,True,,SELL,,
2026-03-11 23:59:55,A_VALIDATION_PIPELINE_V1,SPY,plan_skipped,CHOP,CHOP,OFF,alpha_mode_off,0.3349,2.0,True,,SELL,,
2026-03-12 00:00:00,A_VALIDATION_PIPELINE_V1,SPY,rejection_reason,CHOP,CHOP,OFF,alpha_mode_off,0.3349,2.0,True,,SELL,,
2026-03-12 00:00:00,A_VALIDATION_PIPELINE_V1,SPY,plan_skipped,CHOP,CHOP,OFF,alpha_mode_off,0.3349,2.0,True,,SELL,,
2026-03-12 00:00:04,A_VALIDATION_PIPELINE_V1,SPY,rejection_reason,CHOP,CHOP,OFF,alpha_mode_off,0.3349,2.0,True,,SELL,,
2026-03-12 00:00:04,A_VALIDATION_PIPELINE_V1,SPY,plan_skipped,CHOP,CHOP,OFF,alpha_mode_off,0.3349,2.0,True,,SELL,,
2026-03-12 00:00:09,A_VALIDATION_PIPELINE_V1,SPY,rejection_reason,CHOP,CHOP,OFF,alpha_mode_off,0.3349,2.0,True,,SELL,,
2026-03-12 00:00:09,A_VALIDATION_PIPELINE_V1,SPY,plan_skipped,CHOP,CHOP,OFF,alpha_mode_off,0.3349,2.0,True,,SELL,,
2026-03-12 00:00:14,A_VALIDATION_PIPELINE_V1,SPY,rejection_reason,CHOP,CHOP,OFF,alpha_mode_off,0.3349,2.0,True,,SELL,,
2026-03-12 00:00:14,A_VALIDATION_PIPELINE_V1,SPY,plan_skipped,CHOP,CHOP,OFF,alpha_mode_off,0.3349,2.0,True,,SELL,,
2026-03-12 00:00:18,A_VALIDATION_PIPELINE_V1,SPY,rejection_reason,CHOP,CHOP,OFF,alpha_mode_off,0.3349,2.0,True,,SELL,,
2026-03-12 00:00:18,A_VALIDATION_PIPELINE_V1,SPY,plan_skipped,CHOP,CHOP,OFF,alpha_mode_off,0.3349,2.0,True,,SELL,,
2026-03-12 00:00:22,A_VALIDATION_PIPELINE_V1,SPY,rejection_reason,CHOP,CHOP,OFF,alpha_mode_off,0.3349,2.0,True,,SELL,,
2026-03-12 00:00:22,A_VALIDATION_PIPELINE_V1,SPY,plan_skipped,CHOP,CHOP,OFF,alpha_mode_off,0.3349,2.0,True,,SELL,,
2026-03-12 00:00:27,A_VALIDATION_PIPELINE_V1,SPY,rejection_reason,CHOP,CHOP,OFF,alpha_mode_off,0.3349,2.0,True,,SELL,,
2026-03-12 00:00:27,A_VALIDATION_PIPELINE_V1,SPY,plan_skipped,CHOP,CHOP,OFF,alpha_mode_off,0.3349,2.0,True,,SELL,,
2026-03-12 00:00:31,A_VALIDATION_PIPELINE_V1,SPY,rejection_reason,CHOP,CHOP,OFF,alpha_mode_off,0.3349,2.0,True,,SELL,,
2026-03-12 00:00:31,A_VALIDATION_PIPELINE_V1,SPY,plan_skipped,CHOP,CHOP,OFF,alpha_mode_off,0.3349,2.0,True,,SELL,,
2026-03-12 00:00:36,A_VALIDATION_PIPELINE_V1,SPY,rejection_reason,CHOP,CHOP,OFF,alpha_mode_off,0.3349,2.0,True,,SELL,,
2026-03-12 00:00:36,A_VALIDATION_PIPELINE_V1,SPY,plan_skipped,CHOP,CHOP,OFF,alpha_mode_off,0.3349,2.0,True,,SELL,,
2026-03-12 00:00:40,A_VALIDATION_PIPELINE_V1,SPY,rejection_reason,CHOP,CHOP,OFF,alpha_mode_off,0.3349,2.0,True,,SELL,,
2026-03-12 00:00:40,A_VALIDATION_PIPELINE_V1,SPY,plan_skipped,CHOP,CHOP,OFF,alpha_mode_off,0.3349,2.0,True,,SELL,,
2026-03-12 00:00:45,A_VALIDATION_PIPELINE_V1,SPY,rejection_reason,CHOP,CHOP,OFF,alpha_mode_off,0.3349,2.0,True,,SELL,,
2026-03-12 00:00:45,A_VALIDATION_PIPELINE_V1,SPY,plan_skipped,CHOP,CHOP,OFF,alpha_mode_off,0.3349,2.0,True,,SELL,,
2026-03-12 00:00:49,A_VALIDATION_PIPELINE_V1,SPY,rejection_reason,CHOP,CHOP,OFF,alpha_mode_off,0.3349,2.0,True,,SELL,,
2026-03-12 00:00:49,A_VALIDATION_PIPELINE_V1,SPY,plan_skipped,CHOP,CHOP,OFF,alpha_mode_off,0.3349,2.0,True,,SELL,,
2026-03-12 00:00:54,A_VALIDATION_PIPELINE_V1,SPY,rejection_reason,CHOP,CHOP,OFF,alpha_mode_off,0.3349,2.0,True,,SELL,,
2026-03-12 00:00:54,A_VALIDATION_PIPELINE_V1,SPY,plan_skipped,CHOP,CHOP,OFF,alpha_mode_off,0.3349,2.0,True,,SELL,,
2026-03-12 00:00:58,A_VALIDATION_PIPELINE_V1,SPY,rejection_reason,CHOP,CHOP,OFF,alpha_mode_off,0.3349,2.0,True,,SELL,,
2026-03-12 00:00:58,A_VALIDATION_PIPELINE_V1,SPY,plan_skipped,CHOP,CHOP,OFF,alpha_mode_off,0.3349,2.0,True,,SELL,,
2026-03-12 00:01:03,A_VALIDATION_PIPELINE_V1,SPY,rejection_reason,CHOP,CHOP,OFF,alpha_mode_off,0.3349,2.0,True,,SELL,,
2026-03-12 00:01:03,A_VALIDATION_PIPELINE_V1,SPY,plan_skipped,CHOP,CHOP,OFF,alpha_mode_off,0.3349,2.0,True,,SELL,,
2026-03-12 00:01:07,A_VALIDATION_PIPELINE_V1,SPY,rejection_reason,CHOP,CHOP,OFF,alpha_mode_off,0.3349,2.0,True,,SELL,,
2026-03-12 00:01:07,A_VALIDATION_PIPELINE_V1,SPY,plan_skipped,CHOP,CHOP,OFF,alpha_mode_off,0.3349,2.0,True,,SELL,,
2026-03-12 00:01:12,A_VALIDATION_PIPELINE_V1,SPY,rejection_reason,CHOP,CHOP,OFF,alpha_mode_off,0.3349,2.0,True,,SELL,,
2026-03-12 00:01:12,A_VALIDATION_PIPELINE_V1,SPY,plan_skipped,CHOP,CHOP,OFF,alpha_mode_off,0.3349,2.0,True,,SELL,,
2026-03-12 00:01:16,A_VALIDATION_PIPELINE_V1,SPY,rejection_reason,CHOP,CHOP,OFF,alpha_mode_off,0.3349,2.0,True,,SELL,,
2026-03-12 00:01:16,A_VALIDATION_PIPELINE_V1,SPY,plan_skipped,CHOP,CHOP,OFF,alpha_mode_off,0.3349,2.0,True,,SELL,,
2026-03-12 00:01:21,A_VALIDATION_PIPELINE_V1,SPY,rejection_reason,CHOP,CHOP,OFF,alpha_mode_off,0.3349,2.0,True,,SELL,,
2026-03-12 00:01:21,A_VALIDATION_PIPELINE_V1,SPY,plan_skipped,CHOP,CHOP,OFF,alpha_mode_off,0.3349,2.0,True,,SELL,,
2026-03-12 00:01:25,A_VALIDATION_PIPELINE_V1,SPY,rejection_reason,CHOP,CHOP,OFF,alpha_mode_off,0.3349,2.0,True,,SELL,,
2026-03-12 00:01:25,A_VALIDATION_PIPELINE_V1,SPY,plan_skipped,CHOP,CHOP,OFF,alpha_mode_off,0.3349,2.0,True,,SELL,,
2026-03-12 00:01:30,A_VALIDATION_PIPELINE_V1,SPY,rejection_reason,CHOP,CHOP,OFF,alpha_mode_off,0.3349,2.0,True,,SELL,,
2026-03-12 00:01:30,A_VALIDATION_PIPELINE_V1,SPY,plan_skipped,CHOP,CHOP,OFF,alpha_mode_off,0.3349,2.0,True,,SELL,,
2026-03-12 00:01:34,A_VALIDATION_PIPELINE_V1,SPY,rejection_reason,CHOP,CHOP,OFF,alpha_mode_off,0.3349,2.0,True,,SELL,,
2026-03-12 00:01:34,A_VALIDATION_PIPELINE_V1,SPY,plan_skipped,CHOP,CHOP,OFF,alpha_mode_off,0.3349,2.0,True,,SELL,,
2026-03-12 00:01:39,A_VALIDATION_PIPELINE_V1,SPY,rejection_reason,CHOP,CHOP,OFF,alpha_mode_off,0.3349,2.0,True,,SELL,,
2026-03-12 00:01:39,A_VALIDATION_PIPELINE_V1,SPY,plan_skipped,CHOP,CHOP,OFF,alpha_mode_off,0.3349,2.0,True,,SELL,,
2026-03-12 00:01:43,A_VALIDATION_PIPELINE_V1,SPY,rejection_reason,CHOP,CHOP,OFF,alpha_mode_off,0.3349,2.0,True,,SELL,,
2026-03-12 00:01:43,A_VALIDATION_PIPELINE_V1,SPY,plan_skipped,CHOP,CHOP,OFF,alpha_mode_off,0.3349,2.0,True,,SELL,,
2026-03-12 00:01:48,A_VALIDATION_PIPELINE_V1,SPY,rejection_reason,CHOP,CHOP,OFF,alpha_mode_off,0.3349,2.0,True,,SELL,,
2026-03-12 00:01:48,A_VALIDATION_PIPELINE_V1,SPY,plan_skipped,CHOP,CHOP,OFF,alpha_mode_off,0.3349,2.0,True,,SELL,,
2026-03-12 00:01:52,A_VALIDATION_PIPELINE_V1,SPY,rejection_reason,CHOP,CHOP,OFF,alpha_mode_off,0.3349,2.0,True,,SELL,,
2026-03-12 00:01:52,A_VALIDATION_PIPELINE_V1,SPY,plan_skipped,CHOP,CHOP,OFF,alpha_mode_off,0.3349,2.0,True,,SELL,,
2026-03-12 00:01:56,A_VALIDATION_PIPELINE_V1,SPY,rejection_reason,CHOP,CHOP,OFF,alpha_mode_off,0.3349,2.0,True,,SELL,,
2026-03-12 00:01:56,A_VALIDATION_PIPELINE_V1,SPY,plan_skipped,CHOP,CHOP,OFF,alpha_mode_off,0.3349,2.0,True,,SELL,,
2026-03-12 00:02:01,A_VALIDATION_PIPELINE_V1,SPY,rejection_reason,CHOP,CHOP,OFF,alpha_mode_off,0.3349,2.0,True,,SELL,,
2026-03-12 00:02:01,A_VALIDATION_PIPELINE_V1,SPY,plan_skipped,CHOP,CHOP,OFF,alpha_mode_off,0.3349,2.0,True,,SELL,,
2026-03-12 00:02:05,A_VALIDATION_PIPELINE_V1,SPY,rejection_reason,CHOP,CHOP,OFF,alpha_mode_off,0.3349,2.0,True,,SELL,,
2026-03-12 00:02:05,A_VALIDATION_PIPELINE_V1,SPY,plan_skipped,CHOP,CHOP,OFF,alpha_mode_off,0.3349,2.0,True,,SELL,,
2026-03-12 00:02:10,A_VALIDATION_PIPELINE_V1,SPY,rejection_reason,CHOP,CHOP,OFF,alpha_mode_off,0.3349,2.0,True,,SELL,,
2026-03-12 00:02:10,A_VALIDATION_PIPELINE_V1,SPY,plan_skipped,CHOP,CHOP,OFF,alpha_mode_off,0.3349,2.0,True,,SELL,,
2026-03-12 00:02:14,A_VALIDATION_PIPELINE_V1,SPY,rejection_reason,CHOP,CHOP,OFF,alpha_mode_off,0.3349,2.0,True,,SELL,,
2026-03-12 00:02:14,A_VALIDATION_PIPELINE_V1,SPY,plan_skipped,CHOP,CHOP,OFF,alpha_mode_off,0.3349,2.0,True,,SELL,,
2026-03-12 00:02:19,A_VALIDATION_PIPELINE_V1,SPY,rejection_reason,CHOP,CHOP,OFF,alpha_mode_off,0.3349,2.0,True,,SELL,,
2026-03-12 00:02:19,A_VALIDATION_PIPELINE_V1,SPY,plan_skipped,CHOP,CHOP,OFF,alpha_mode_off,0.3349,2.0,True,,SELL,,
2026-03-12 00:02:23,A_VALIDATION_PIPELINE_V1,SPY,rejection_reason,CHOP,CHOP,OFF,alpha_mode_off,0.3349,2.0,True,,SELL,,
2026-03-12 00:02:23,A_VALIDATION_PIPELINE_V1,SPY,plan_skipped,CHOP,CHOP,OFF,alpha_mode_off,0.3349,2.0,True,,SELL,,
2026-03-12 00:02:28,A_VALIDATION_PIPELINE_V1,SPY,rejection_reason,CHOP,CHOP,OFF,alpha_mode_off,0.3349,2.0,True,,SELL,,
2026-03-12 00:02:28,A_VALIDATION_PIPELINE_V1,SPY,plan_skipped,CHOP,CHOP,OFF,alpha_mode_off,0.3349,2.0,True,,SELL,,
2026-03-12 00:02:32,A_VALIDATION_PIPELINE_V1,SPY,rejection_reason,CHOP,CHOP,OFF,alpha_mode_off,0.3349,2.0,True,,SELL,,
2026-03-12 00:02:32,A_VALIDATION_PIPELINE_V1,SPY,plan_skipped,CHOP,CHOP,OFF,alpha_mode_off,0.3349,2.0,True,,SELL,,
2026-03-12 00:02:37,A_VALIDATION_PIPELINE_V1,SPY,rejection_reason,CHOP,CHOP,OFF,alpha_mode_off,0.3349,2.0,True,,SELL,,
2026-03-12 00:02:37,A_VALIDATION_PIPELINE_V1,SPY,plan_skipped,CHOP,CHOP,OFF,alpha_mode_off,0.3349,2.0,True,,SELL,,
2026-03-12 00:02:41,A_VALIDATION_PIPELINE_V1,SPY,rejection_reason,CHOP,CHOP,OFF,alpha_mode_off,0.3349,2.0,True,,SELL,,
2026-03-12 00:02:41,A_VALIDATION_PIPELINE_V1,SPY,plan_skipped,CHOP,CHOP,OFF,alpha_mode_off,0.3349,2.0,True,,SELL,,
2026-03-12 00:02:46,A_VALIDATION_PIPELINE_V1,SPY,rejection_reason,CHOP,CHOP,OFF,alpha_mode_off,0.3349,2.0,True,,SELL,,
2026-03-12 00:02:46,A_VALIDATION_PIPELINE_V1,SPY,plan_skipped,CHOP,CHOP,OFF,alpha_mode_off,0.3349,2.0,True,,SELL,,
2026-03-12 00:02:50,A_VALIDATION_PIPELINE_V1,SPY,rejection_reason,CHOP,CHOP,OFF,alpha_mode_off,0.3349,2.0,True,,SELL,,
2026-03-12 00:02:50,A_VALIDATION_PIPELINE_V1,SPY,plan_skipped,CHOP,CHOP,OFF,alpha_mode_off,0.3349,2.0,True,,SELL,,
2026-03-12 00:02:55,A_VALIDATION_PIPELINE_V1,SPY,rejection_reason,CHOP,CHOP,OFF,alpha_mode_off,0.3349,2.0,True,,SELL,,
2026-03-12 00:02:55,A_VALIDATION_PIPELINE_V1,SPY,plan_skipped,CHOP,CHOP,OFF,alpha_mode_off,0.3349,2.0,True,,SELL,,
2026-03-12 00:02:59,A_VALIDATION_PIPELINE_V1,SPY,rejection_reason,CHOP,CHOP,OFF,alpha_mode_off,0.3349,2.0,True,,SELL,,
2026-03-12 00:02:59,A_VALIDATION_PIPELINE_V1,SPY,plan_skipped,CHOP,CHOP,OFF,alpha_mode_off,0.3349,2.0,True,,SELL,,
2026-03-12 00:03:04,A_VALIDATION_PIPELINE_V1,SPY,rejection_reason,CHOP,CHOP,OFF,alpha_mode_off,0.3349,2.0,True,,SELL,,
2026-03-12 00:03:04,A_VALIDATION_PIPELINE_V1,SPY,plan_skipped,CHOP,CHOP,OFF,alpha_mode_off,0.3349,2.0,True,,SELL,,
2026-03-12 00:03:08,A_VALIDATION_PIPELINE_V1,SPY,rejection_reason,CHOP,CHOP,OFF,alpha_mode_off,0.3349,2.0,True,,SELL,,
2026-03-12 00:03:08,A_VALIDATION_PIPELINE_V1,SPY,plan_skipped,CHOP,CHOP,OFF,alpha_mode_off,0.3349,2.0,True,,SELL,,
2026-03-12 00:03:13,A_VALIDATION_PIPELINE_V1,SPY,rejection_reason,CHOP,CHOP,OFF,alpha_mode_off,0.3349,2.0,True,,SELL,,
2026-03-12 00:03:13,A_VALIDATION_PIPELINE_V1,SPY,plan_skipped,CHOP,CHOP,OFF,alpha_mode_off,0.3349,2.0,True,,SELL,,
2026-03-12 00:03:17,A_VALIDATION_PIPELINE_V1,SPY,rejection_reason,CHOP,CHOP,OFF,alpha_mode_off,0.3349,2.0,True,,SELL,,
2026-03-12 00:03:17,A_VALIDATION_PIPELINE_V1,SPY,plan_skipped,CHOP,CHOP,OFF,alpha_mode_off,0.3349,2.0,True,,SELL,,
2026-03-12 00:03:22,A_VALIDATION_PIPELINE_V1,SPY,rejection_reason,CHOP,CHOP,OFF,alpha_mode_off,0.3349,2.0,True,,SELL,,
2026-03-12 00:03:22,A_VALIDATION_PIPELINE_V1,SPY,plan_skipped,CHOP,CHOP,OFF,alpha_mode_off,0.3349,2.0,True,,SELL,,
2026-03-12 00:03:26,A_VALIDATION_PIPELINE_V1,SPY,rejection_reason,CHOP,CHOP,OFF,alpha_mode_off,0.3349,2.0,True,,SELL,,
2026-03-12 00:03:26,A_VALIDATION_PIPELINE_V1,SPY,plan_skipped,CHOP,CHOP,OFF,alpha_mode_off,0.3349,2.0,True,,SELL,,
2026-03-12 00:03:31,A_VALIDATION_PIPELINE_V1,SPY,rejection_reason,CHOP,CHOP,OFF,alpha_mode_off,0.3349,2.0,True,,SELL,,
2026-03-12 00:03:31,A_VALIDATION_PIPELINE_V1,SPY,plan_skipped,CHOP,CHOP,OFF,alpha_mode_off,0.3349,2.0,True,,SELL,,
2026-03-12 00:03:35,A_VALIDATION_PIPELINE_V1,SPY,rejection_reason,CHOP,CHOP,OFF,alpha_mode_off,0.3349,2.0,True,,SELL,,
2026-03-12 00:03:35,A_VALIDATION_PIPELINE_V1,SPY,plan_skipped,CHOP,CHOP,OFF,alpha_mode_off,0.3349,2.0,True,,SELL,,
2026-03-12 00:03:40,A_VALIDATION_PIPELINE_V1,SPY,rejection_reason,CHOP,CHOP,OFF,alpha_mode_off,0.3349,2.0,True,,SELL,,
2026-03-12 00:03:40,A_VALIDATION_PIPELINE_V1,SPY,plan_skipped,CHOP,CHOP,OFF,alpha_mode_off,0.3349,2.0,True,,SELL,,
2026-03-12 00:03:44,A_VALIDATION_PIPELINE_V1,SPY,rejection_reason,CHOP,CHOP,OFF,alpha_mode_off,0.3349,2.0,True,,SELL,,
2026-03-12 00:03:44,A_VALIDATION_PIPELINE_V1,SPY,plan_skipped,CHOP,CHOP,OFF,alpha_mode_off,0.3349,2.0,True,,SELL,,
2026-03-12 00:03:49,A_VALIDATION_PIPELINE_V1,SPY,rejection_reason,CHOP,CHOP,OFF,alpha_mode_off,0.3349,2.0,True,,SELL,,
2026-03-12 00:03:49,A_VALIDATION_PIPELINE_V1,SPY,plan_skipped,CHOP,CHOP,OFF,alpha_mode_off,0.3349,2.0,True,,SELL,,
2026-03-12 00:03:53,A_VALIDATION_PIPELINE_V1,SPY,rejection_reason,CHOP,CHOP,OFF,alpha_mode_off,0.3349,2.0,True,,SELL,,
2026-03-12 00:03:53,A_VALIDATION_PIPELINE_V1,SPY,plan_skipped,CHOP,CHOP,OFF,alpha_mode_off,0.3349,2.0,True,,SELL,,
2026-03-12 00:03:57,A_VALIDATION_PIPELINE_V1,SPY,rejection_reason,CHOP,CHOP,OFF,alpha_mode_off,0.3349,2.0,True,,SELL,,
2026-03-12 00:03:57,A_VALIDATION_PIPELINE_V1,SPY,plan_skipped,CHOP,CHOP,OFF,alpha_mode_off,0.3349,2.0,True,,SELL,,
2026-03-12 00:04:02,A_VALIDATION_PIPELINE_V1,SPY,rejection_reason,CHOP,CHOP,OFF,alpha_mode_off,0.3349,2.0,True,,SELL,,
2026-03-12 00:04:02,A_VALIDATION_PIPELINE_V1,SPY,plan_skipped,CHOP,CHOP,OFF,alpha_mode_off,0.3349,2.0,True,,SELL,,
2026-03-12 00:04:06,A_VALIDATION_PIPELINE_V1,SPY,rejection_reason,CHOP,CHOP,OFF,alpha_mode_off,0.3349,2.0,True,,SELL,,
2026-03-12 00:04:06,A_VALIDATION_PIPELINE_V1,SPY,plan_skipped,CHOP,CHOP,OFF,alpha_mode_off,0.3349,2.0,True,,SELL,,
2026-03-12 00:04:11,A_VALIDATION_PIPELINE_V1,SPY,rejection_reason,CHOP,CHOP,OFF,alpha_mode_off,0.3349,2.0,True,,SELL,,
2026-03-12 00:04:11,A_VALIDATION_PIPELINE_V1,SPY,plan_skipped,CHOP,CHOP,OFF,alpha_mode_off,0.3349,2.0,True,,SELL,,
2026-03-12 00:04:15,A_VALIDATION_PIPELINE_V1,SPY,rejection_reason,CHOP,CHOP,OFF,alpha_mode_off,0.3349,2.0,True,,SELL,,
2026-03-12 00:04:15,A_VALIDATION_PIPELINE_V1,SPY,plan_skipped,CHOP,CHOP,OFF,alpha_mode_off,0.3349,2.0,True,,SELL,,
2026-03-12 00:04:20,A_VALIDATION_PIPELINE_V1,SPY,rejection_reason,CHOP,CHOP,OFF,alpha_mode_off,0.3349,2.0,True,,SELL,,
2026-03-12 00:04:20,A_VALIDATION_PIPELINE_V1,SPY,plan_skipped,CHOP,CHOP,OFF,alpha_mode_off,0.3349,2.0,True,,SELL,,
2026-03-12 00:04:24,A_VALIDATION_PIPELINE_V1,SPY,rejection_reason,CHOP,CHOP,OFF,alpha_mode_off,0.3349,2.0,True,,SELL,,
2026-03-12 00:04:24,A_VALIDATION_PIPELINE_V1,SPY,plan_skipped,CHOP,CHOP,OFF,alpha_mode_off,0.3349,2.0,True,,SELL,,
2026-03-12 00:04:29,A_VALIDATION_PIPELINE_V1,SPY,rejection_reason,CHOP,CHOP,OFF,alpha_mode_off,0.3349,2.0,True,,SELL,,
2026-03-12 00:04:29,A_VALIDATION_PIPELINE_V1,SPY,plan_skipped,CHOP,CHOP,OFF,alpha_mode_off,0.3349,2.0,True,,SELL,,
2026-03-12 00:04:33,A_VALIDATION_PIPELINE_V1,SPY,rejection_reason,CHOP,CHOP,OFF,alpha_mode_off,0.3349,2.0,True,,SELL,,
2026-03-12 00:04:33,A_VALIDATION_PIPELINE_V1,SPY,plan_skipped,CHOP,CHOP,OFF,alpha_mode_off,0.3349,2.0,True,,SELL,,
2026-03-12 00:04:38,A_VALIDATION_PIPELINE_V1,SPY,rejection_reason,CHOP,CHOP,OFF,alpha_mode_off,0.3349,2.0,True,,SELL,,
2026-03-12 00:04:38,A_VALIDATION_PIPELINE_V1,SPY,plan_skipped,CHOP,CHOP,OFF,alpha_mode_off,0.3349,2.0,True,,SELL,,
2026-03-12 00:04:42,A_VALIDATION_PIPELINE_V1,SPY,rejection_reason,CHOP,CHOP,OFF,alpha_mode_off,0.3349,2.0,True,,SELL,,
2026-03-12 00:04:42,A_VALIDATION_PIPELINE_V1,SPY,plan_skipped,CHOP,CHOP,OFF,alpha_mode_off,0.3349,2.0,True,,SELL,,
2026-03-12 00:04:47,A_VALIDATION_PIPELINE_V1,SPY,rejection_reason,CHOP,CHOP,OFF,alpha_mode_off,0.3349,2.0,True,,SELL,,
2026-03-12 00:04:47,A_VALIDATION_PIPELINE_V1,SPY,plan_skipped,CHOP,CHOP,OFF,alpha_mode_off,0.3349,2.0,True,,SELL,,
2026-03-12 00:04:51,A_VALIDATION_PIPELINE_V1,SPY,rejection_reason,CHOP,CHOP,OFF,alpha_mode_off,0.3349,2.0,True,,SELL,,
2026-03-12 00:04:51,A_VALIDATION_PIPELINE_V1,SPY,plan_skipped,CHOP,CHOP,OFF,alpha_mode_off,0.3349,2.0,True,,SELL,,
2026-03-12 00:04:56,A_VALIDATION_PIPELINE_V1,SPY,rejection_reason,CHOP,CHOP,OFF,alpha_mode_off,0.3349,2.0,True,,SELL,,
2026-03-12 00:04:56,A_VALIDATION_PIPELINE_V1,SPY,plan_skipped,CHOP,CHOP,OFF,alpha_mode_off,0.3349,2.0,True,,SELL,,
2026-03-12 00:05:00,A_VALIDATION_PIPELINE_V1,SPY,rejection_reason,CHOP,CHOP,OFF,alpha_mode_off,0.3349,2.0,True,,SELL,,
2026-03-12 00:05:00,A_VALIDATION_PIPELINE_V1,SPY,plan_skipped,CHOP,CHOP,OFF,alpha_mode_off,0.3349,2.0,True,,SELL,,
2026-03-12 00:05:04,A_VALIDATION_PIPELINE_V1,SPY,rejection_reason,CHOP,CHOP,OFF,alpha_mode_off,0.3349,2.0,True,,SELL,,
2026-03-12 00:05:04,A_VALIDATION_PIPELINE_V1,SPY,plan_skipped,CHOP,CHOP,OFF,alpha_mode_off,0.3349,2.0,True,,SELL,,
2026-03-12 00:05:09,A_VALIDATION_PIPELINE_V1,SPY,rejection_reason,CHOP,CHOP,OFF,alpha_mode_off,0.3349,2.0,True,,SELL,,
2026-03-12 00:05:09,A_VALIDATION_PIPELINE_V1,SPY,plan_skipped,CHOP,CHOP,OFF,alpha_mode_off,0.3349,2.0,True,,SELL,,
2026-03-12 00:05:13,A_VALIDATION_PIPELINE_V1,SPY,rejection_reason,CHOP,CHOP,OFF,alpha_mode_off,0.3349,2.0,True,,SELL,,
2026-03-12 00:05:13,A_VALIDATION_PIPELINE_V1,SPY,plan_skipped,CHOP,CHOP,OFF,alpha_mode_off,0.3349,2.0,True,,SELL,,
2026-03-12 00:05:18,A_VALIDATION_PIPELINE_V1,SPY,rejection_reason,CHOP,CHOP,OFF,alpha_mode_off,0.3349,2.0,True,,SELL,,
2026-03-12 00:05:18,A_VALIDATION_PIPELINE_V1,SPY,plan_skipped,CHOP,CHOP,OFF,alpha_mode_off,0.3349,2.0,True,,SELL,,
2026-03-12 00:05:22,A_VALIDATION_PIPELINE_V1,SPY,rejection_reason,CHOP,CHOP,OFF,alpha_mode_off,0.3349,2.0,True,,SELL,,
2026-03-12 00:05:22,A_VALIDATION_PIPELINE_V1,SPY,plan_skipped,CHOP,CHOP,OFF,alpha_mode_off,0.3349,2.0,True,,SELL,,
2026-03-12 00:05:27,A_VALIDATION_PIPELINE_V1,SPY,rejection_reason,CHOP,CHOP,OFF,alpha_mode_off,0.3349,2.0,True,,SELL,,
2026-03-12 00:05:27,A_VALIDATION_PIPELINE_V1,SPY,plan_skipped,CHOP,CHOP,OFF,alpha_mode_off,0.3349,2.0,True,,SELL,,
2026-03-12 00:05:31,A_VALIDATION_PIPELINE_V1,SPY,rejection_reason,CHOP,CHOP,OFF,alpha_mode_off,0.3349,2.0,True,,SELL,,
2026-03-12 00:05:31,A_VALIDATION_PIPELINE_V1,SPY,plan_skipped,CHOP,CHOP,OFF,alpha_mode_off,0.3349,2.0,True,,SELL,,
2026-03-12 00:05:36,A_VALIDATION_PIPELINE_V1,SPY,rejection_reason,CHOP,CHOP,OFF,alpha_mode_off,0.3349,2.0,True,,SELL,,
2026-03-12 00:05:36,A_VALIDATION_PIPELINE_V1,SPY,plan_skipped,CHOP,CHOP,OFF,alpha_mode_off,0.3349,2.0,True,,SELL,,
2026-03-12 00:05:40,A_VALIDATION_PIPELINE_V1,SPY,rejection_reason,CHOP,CHOP,OFF,alpha_mode_off,0.3349,2.0,True,,SELL,,
2026-03-12 00:05:40,A_VALIDATION_PIPELINE_V1,SPY,plan_skipped,CHOP,CHOP,OFF,alpha_mode_off,0.3349,2.0,True,,SELL,,
2026-03-12 00:05:45,A_VALIDATION_PIPELINE_V1,SPY,rejection_reason,CHOP,CHOP,OFF,alpha_mode_off,0.3349,2.0,True,,SELL,,
2026-03-12 00:05:45,A_VALIDATION_PIPELINE_V1,SPY,plan_skipped,CHOP,CHOP,OFF,alpha_mode_off,0.3349,2.0,True,,SELL,,
2026-03-12 00:05:49,A_VALIDATION_PIPELINE_V1,SPY,rejection_reason,CHOP,CHOP,OFF,alpha_mode_off,0.3349,2.0,True,,SELL,,
2026-03-12 00:05:49,A_VALIDATION_PIPELINE_V1,SPY,plan_skipped,CHOP,CHOP,OFF,alpha_mode_off,0.3349,2.0,True,,SELL,,
2026-03-12 00:05:53,A_VALIDATION_PIPELINE_V1,SPY,rejection_reason,CHOP,CHOP,OFF,alpha_mode_off,0.3349,2.0,True,,SELL,,
2026-03-12 00:05:53,A_VALIDATION_PIPELINE_V1,SPY,plan_skipped,CHOP,CHOP,OFF,alpha_mode_off,0.3349,2.0,True,,SELL,,
2026-03-12 00:05:58,A_VALIDATION_PIPELINE_V1,SPY,rejection_reason,CHOP,CHOP,OFF,alpha_mode_off,0.3349,2.0,True,,SELL,,
2026-03-12 00:05:58,A_VALIDATION_PIPELINE_V1,SPY,plan_skipped,CHOP,CHOP,OFF,alpha_mode_off,0.3349,2.0,True,,SELL,,
2026-03-12 00:06:02,A_VALIDATION_PIPELINE_V1,SPY,rejection_reason,CHOP,CHOP,OFF,alpha_mode_off,0.3349,2.0,True,,SELL,,
2026-03-12 00:06:02,A_VALIDATION_PIPELINE_V1,SPY,plan_skipped,CHOP,CHOP,OFF,alpha_mode_off,0.3349,2.0,True,,SELL,,
2026-03-12 00:06:07,A_VALIDATION_PIPELINE_V1,SPY,rejection_reason,CHOP,CHOP,OFF,alpha_mode_off,0.3349,2.0,True,,SELL,,
2026-03-12 00:06:07,A_VALIDATION_PIPELINE_V1,SPY,plan_skipped,CHOP,CHOP,OFF,alpha_mode_off,0.3349,2.0,True,,SELL,,
2026-03-12 00:06:11,A_VALIDATION_PIPELINE_V1,SPY,rejection_reason,CHOP,CHOP,OFF,alpha_mode_off,0.3349,2.0,True,,SELL,,
2026-03-12 00:06:11,A_VALIDATION_PIPELINE_V1,SPY,plan_skipped,CHOP,CHOP,OFF,alpha_mode_off,0.3349,2.0,True,,SELL,,
2026-03-12 00:06:16,A_VALIDATION_PIPELINE_V1,SPY,rejection_reason,CHOP,CHOP,OFF,alpha_mode_off,0.3349,2.0,True,,SELL,,
2026-03-12 00:06:16,A_VALIDATION_PIPELINE_V1,SPY,plan_skipped,CHOP,CHOP,OFF,alpha_mode_off,0.3349,2.0,True,,SELL,,
2026-03-12 00:06:20,A_VALIDATION_PIPELINE_V1,SPY,rejection_reason,CHOP,CHOP,OFF,alpha_mode_off,0.3349,2.0,True,,SELL,,
2026-03-12 00:06:20,A_VALIDATION_PIPELINE_V1,SPY,plan_skipped,CHOP,CHOP,OFF,alpha_mode_off,0.3349,2.0,True,,SELL,,
2026-03-12 00:06:25,A_VALIDATION_PIPELINE_V1,SPY,rejection_reason,CHOP,CHOP,OFF,alpha_mode_off,0.3349,2.0,True,,SELL,,
2026-03-12 00:06:25,A_VALIDATION_PIPELINE_V1,SPY,plan_skipped,CHOP,CHOP,OFF,alpha_mode_off,0.3349,2.0,True,,SELL,,
2026-03-12 00:06:29,A_VALIDATION_PIPELINE_V1,SPY,rejection_reason,CHOP,CHOP,OFF,alpha_mode_off,0.3349,2.0,True,,SELL,,
2026-03-12 00:06:29,A_VALIDATION_PIPELINE_V1,SPY,plan_skipped,CHOP,CHOP,OFF,alpha_mode_off,0.3349,2.0,True,,SELL,,
2026-03-12 00:06:34,A_VALIDATION_PIPELINE_V1,SPY,rejection_reason,CHOP,CHOP,OFF,alpha_mode_off,0.3349,2.0,True,,SELL,,
2026-03-12 00:06:34,A_VALIDATION_PIPELINE_V1,SPY,plan_skipped,CHOP,CHOP,OFF,alpha_mode_off,0.3349,2.0,True,,SELL,,
2026-03-12 00:06:38,A_VALIDATION_PIPELINE_V1,SPY,rejection_reason,CHOP,CHOP,OFF,alpha_mode_off,0.3349,2.0,True,,SELL,,
2026-03-12 00:06:38,A_VALIDATION_PIPELINE_V1,SPY,plan_skipped,CHOP,CHOP,OFF,alpha_mode_off,0.3349,2.0,True,,SELL,,
2026-03-12 00:06:42,A_VALIDATION_PIPELINE_V1,SPY,rejection_reason,CHOP,CHOP,OFF,alpha_mode_off,0.3349,2.0,True,,SELL,,
2026-03-12 00:06:42,A_VALIDATION_PIPELINE_V1,SPY,plan_skipped,CHOP,CHOP,OFF,alpha_mode_off,0.3349,2.0,True,,SELL,,
2026-03-12 00:06:47,A_VALIDATION_PIPELINE_V1,SPY,rejection_reason,CHOP,CHOP,OFF,alpha_mode_off,0.3349,2.0,True,,SELL,,
2026-03-12 00:06:47,A_VALIDATION_PIPELINE_V1,SPY,plan_skipped,CHOP,CHOP,OFF,alpha_mode_off,0.3349,2.0,True,,SELL,,
2026-03-12 00:06:51,A_VALIDATION_PIPELINE_V1,SPY,rejection_reason,CHOP,CHOP,OFF,alpha_mode_off,0.3349,2.0,True,,SELL,,
2026-03-12 00:06:51,A_VALIDATION_PIPELINE_V1,SPY,plan_skipped,CHOP,CHOP,OFF,alpha_mode_off,0.3349,2.0,True,,SELL,,
2026-03-12 00:06:56,A_VALIDATION_PIPELINE_V1,SPY,rejection_reason,CHOP,CHOP,OFF,alpha_mode_off,0.3349,2.0,True,,SELL,,
2026-03-12 00:06:56,A_VALIDATION_PIPELINE_V1,SPY,plan_skipped,CHOP,CHOP,OFF,alpha_mode_off,0.3349,2.0,True,,SELL,,
2026-03-12 00:07:00,A_VALIDATION_PIPELINE_V1,SPY,rejection_reason,CHOP,CHOP,OFF,alpha_mode_off,0.3349,2.0,True,,SELL,,
2026-03-12 00:07:00,A_VALIDATION_PIPELINE_V1,SPY,plan_skipped,CHOP,CHOP,OFF,alpha_mode_off,0.3349,2.0,True,,SELL,,
2026-03-12 00:07:05,A_VALIDATION_PIPELINE_V1,SPY,rejection_reason,CHOP,CHOP,OFF,alpha_mode_off,0.3349,2.0,True,,SELL,,
2026-03-12 00:07:05,A_VALIDATION_PIPELINE_V1,SPY,plan_skipped,CHOP,CHOP,OFF,alpha_mode_off,0.3349,2.0,True,,SELL,,
2026-03-12 00:07:09,A_VALIDATION_PIPELINE_V1,SPY,rejection_reason,CHOP,CHOP,OFF,alpha_mode_off,0.3349,2.0,True,,SELL,,
2026-03-12 00:07:09,A_VALIDATION_PIPELINE_V1,SPY,plan_skipped,CHOP,CHOP,OFF,alpha_mode_off,0.3349,2.0,True,,SELL,,
2026-03-12 00:07:14,A_VALIDATION_PIPELINE_V1,SPY,rejection_reason,CHOP,CHOP,OFF,alpha_mode_off,0.3349,2.0,True,,SELL,,
2026-03-12 00:07:14,A_VALIDATION_PIPELINE_V1,SPY,plan_skipped,CHOP,CHOP,OFF,alpha_mode_off,0.3349,2.0,True,,SELL,,
2026-03-12 00:07:18,A_VALIDATION_PIPELINE_V1,SPY,rejection_reason,CHOP,CHOP,OFF,alpha_mode_off,0.3349,2.0,True,,SELL,,
2026-03-12 00:07:18,A_VALIDATION_PIPELINE_V1,SPY,plan_skipped,CHOP,CHOP,OFF,alpha_mode_off,0.3349,2.0,True,,SELL,,
2026-03-12 00:07:22,A_VALIDATION_PIPELINE_V1,SPY,rejection_reason,CHOP,CHOP,OFF,alpha_mode_off,0.3349,2.0,True,,SELL,,
2026-03-12 00:07:22,A_VALIDATION_PIPELINE_V1,SPY,plan_skipped,CHOP,CHOP,OFF,alpha_mode_off,0.3349,2.0,True,,SELL,,
2026-03-12 00:07:27,A_VALIDATION_PIPELINE_V1,SPY,rejection_reason,CHOP,CHOP,OFF,alpha_mode_off,0.3349,2.0,True,,SELL,,
2026-03-12 00:07:27,A_VALIDATION_PIPELINE_V1,SPY,plan_skipped,CHOP,CHOP,OFF,alpha_mode_off,0.3349,2.0,True,,SELL,,
2026-03-12 00:07:31,A_VALIDATION_PIPELINE_V1,SPY,rejection_reason,CHOP,CHOP,OFF,alpha_mode_off,0.3349,2.0,True,,SELL,,
2026-03-12 00:07:31,A_VALIDATION_PIPELINE_V1,SPY,plan_skipped,CHOP,CHOP,OFF,alpha_mode_off,0.3349,2.0,True,,SELL,,
2026-03-12 00:07:36,A_VALIDATION_PIPELINE_V1,SPY,rejection_reason,CHOP,CHOP,OFF,alpha_mode_off,0.3349,2.0,True,,SELL,,
2026-03-12 00:07:36,A_VALIDATION_PIPELINE_V1,SPY,plan_skipped,CHOP,CHOP,OFF,alpha_mode_off,0.3349,2.0,True,,SELL,,
2026-03-12 00:07:40,A_VALIDATION_PIPELINE_V1,SPY,rejection_reason,CHOP,CHOP,OFF,alpha_mode_off,0.3349,2.0,True,,SELL,,
2026-03-12 00:07:40,A_VALIDATION_PIPELINE_V1,SPY,plan_skipped,CHOP,CHOP,OFF,alpha_mode_off,0.3349,2.0,True,,SELL,,
2026-03-12 00:07:45,A_VALIDATION_PIPELINE_V1,SPY,rejection_reason,CHOP,CHOP,OFF,alpha_mode_off,0.3349,2.0,True,,SELL,,
2026-03-12 00:07:45,A_VALIDATION_PIPELINE_V1,SPY,plan_skipped,CHOP,CHOP,OFF,alpha_mode_off,0.3349,2.0,True,,SELL,,
2026-03-12 00:07:49,A_VALIDATION_PIPELINE_V1,SPY,rejection_reason,CHOP,CHOP,OFF,alpha_mode_off,0.3349,2.0,True,,SELL,,
2026-03-12 00:07:49,A_VALIDATION_PIPELINE_V1,SPY,plan_skipped,CHOP,CHOP,OFF,alpha_mode_off,0.3349,2.0,True,,SELL,,
2026-03-12 00:07:54,A_VALIDATION_PIPELINE_V1,SPY,rejection_reason,CHOP,CHOP,OFF,alpha_mode_off,0.3349,2.0,True,,SELL,,
2026-03-12 00:07:54,A_VALIDATION_PIPELINE_V1,SPY,plan_skipped,CHOP,CHOP,OFF,alpha_mode_off,0.3349,2.0,True,,SELL,,
2026-03-12 00:07:58,A_VALIDATION_PIPELINE_V1,SPY,rejection_reason,CHOP,CHOP,OFF,alpha_mode_off,0.3349,2.0,True,,SELL,,
2026-03-12 00:07:58,A_VALIDATION_PIPELINE_V1,SPY,plan_skipped,CHOP,CHOP,OFF,alpha_mode_off,0.3349,2.0,True,,SELL,,
2026-03-12 00:08:03,A_VALIDATION_PIPELINE_V1,SPY,rejection_reason,CHOP,CHOP,OFF,alpha_mode_off,0.3349,2.0,True,,SELL,,
2026-03-12 00:08:03,A_VALIDATION_PIPELINE_V1,SPY,plan_skipped,CHOP,CHOP,OFF,alpha_mode_off,0.3349,2.0,True,,SELL,,
2026-03-12 00:08:07,A_VALIDATION_PIPELINE_V1,SPY,rejection_reason,CHOP,CHOP,OFF,alpha_mode_off,0.3349,2.0,True,,SELL,,
2026-03-12 00:08:07,A_VALIDATION_PIPELINE_V1,SPY,plan_skipped,CHOP,CHOP,OFF,alpha_mode_off,0.3349,2.0,True,,SELL,,
2026-03-12 00:08:12,A_VALIDATION_PIPELINE_V1,SPY,rejection_reason,CHOP,CHOP,OFF,alpha_mode_off,0.3349,2.0,True,,SELL,,
2026-03-12 00:08:12,A_VALIDATION_PIPELINE_V1,SPY,plan_skipped,CHOP,CHOP,OFF,alpha_mode_off,0.3349,2.0,True,,SELL,,
2026-03-12 00:08:16,A_VALIDATION_PIPELINE_V1,SPY,rejection_reason,CHOP,CHOP,OFF,alpha_mode_off,0.3349,2.0,True,,SELL,,
2026-03-12 00:08:16,A_VALIDATION_PIPELINE_V1,SPY,plan_skipped,CHOP,CHOP,OFF,alpha_mode_off,0.3349,2.0,True,,SELL,,
2026-03-12 00:08:21,A_VALIDATION_PIPELINE_V1,SPY,rejection_reason,CHOP,CHOP,OFF,alpha_mode_off,0.3349,2.0,True,,SELL,,
2026-03-12 00:08:21,A_VALIDATION_PIPELINE_V1,SPY,plan_skipped,CHOP,CHOP,OFF,alpha_mode_off,0.3349,2.0,True,,SELL,,
2026-03-12 00:08:25,A_VALIDATION_PIPELINE_V1,SPY,rejection_reason,CHOP,CHOP,OFF,alpha_mode_off,0.3349,2.0,True,,SELL,,
2026-03-12 00:08:25,A_VALIDATION_PIPELINE_V1,SPY,plan_skipped,CHOP,CHOP,OFF,alpha_mode_off,0.3349,2.0,True,,SELL,,
2026-03-12 00:08:30,A_VALIDATION_PIPELINE_V1,SPY,rejection_reason,CHOP,CHOP,OFF,alpha_mode_off,0.3349,2.0,True,,SELL,,
2026-03-12 00:08:30,A_VALIDATION_PIPELINE_V1,SPY,plan_skipped,CHOP,CHOP,OFF,alpha_mode_off,0.3349,2.0,True,,SELL,,
2026-03-12 00:08:34,A_VALIDATION_PIPELINE_V1,SPY,rejection_reason,CHOP,CHOP,OFF,alpha_mode_off,0.3349,2.0,True,,SELL,,
2026-03-12 00:08:34,A_VALIDATION_PIPELINE_V1,SPY,plan_skipped,CHOP,CHOP,OFF,alpha_mode_off,0.3349,2.0,True,,SELL,,
2026-03-12 00:08:39,A_VALIDATION_PIPELINE_V1,SPY,rejection_reason,CHOP,CHOP,OFF,alpha_mode_off,0.3349,2.0,True,,SELL,,
2026-03-12 00:08:39,A_VALIDATION_PIPELINE_V1,SPY,plan_skipped,CHOP,CHOP,OFF,alpha_mode_off,0.3349,2.0,True,,SELL,,
2026-03-12 00:08:43,A_VALIDATION_PIPELINE_V1,SPY,rejection_reason,CHOP,CHOP,OFF,alpha_mode_off,0.3349,2.0,True,,SELL,,
2026-03-12 00:08:43,A_VALIDATION_PIPELINE_V1,SPY,plan_skipped,CHOP,CHOP,OFF,alpha_mode_off,0.3349,2.0,True,,SELL,,
2026-03-12 00:08:48,A_VALIDATION_PIPELINE_V1,SPY,rejection_reason,CHOP,CHOP,OFF,alpha_mode_off,0.3349,2.0,True,,SELL,,
2026-03-12 00:08:48,A_VALIDATION_PIPELINE_V1,SPY,plan_skipped,CHOP,CHOP,OFF,alpha_mode_off,0.3349,2.0,True,,SELL,,
2026-03-12 00:08:52,A_VALIDATION_PIPELINE_V1,SPY,rejection_reason,CHOP,CHOP,OFF,alpha_mode_off,0.3349,2.0,True,,SELL,,
2026-03-12 00:08:52,A_VALIDATION_PIPELINE_V1,SPY,plan_skipped,CHOP,CHOP,OFF,alpha_mode_off,0.3349,2.0,True,,SELL,,
2026-03-12 00:08:57,A_VALIDATION_PIPELINE_V1,SPY,rejection_reason,CHOP,CHOP,OFF,alpha_mode_off,0.3349,2.0,True,,SELL,,
2026-03-12 00:08:57,A_VALIDATION_PIPELINE_V1,SPY,plan_skipped,CHOP,CHOP,OFF,alpha_mode_off,0.3349,2.0,True,,SELL,,
2026-03-12 00:09:01,A_VALIDATION_PIPELINE_V1,SPY,rejection_reason,CHOP,CHOP,OFF,alpha_mode_off,0.3349,2.0,True,,SELL,,
2026-03-12 00:09:01,A_VALIDATION_PIPELINE_V1,SPY,plan_skipped,CHOP,CHOP,OFF,alpha_mode_off,0.3349,2.0,True,,SELL,,
2026-03-12 00:09:06,A_VALIDATION_PIPELINE_V1,SPY,rejection_reason,CHOP,CHOP,OFF,alpha_mode_off,0.3349,2.0,True,,SELL,,
2026-03-12 00:09:06,A_VALIDATION_PIPELINE_V1,SPY,plan_skipped,CHOP,CHOP,OFF,alpha_mode_off,0.3349,2.0,True,,SELL,,
2026-03-12 00:09:10,A_VALIDATION_PIPELINE_V1,SPY,rejection_reason,CHOP,CHOP,OFF,alpha_mode_off,0.3349,2.0,True,,SELL,,
2026-03-12 00:09:10,A_VALIDATION_PIPELINE_V1,SPY,plan_skipped,CHOP,CHOP,OFF,alpha_mode_off,0.3349,2.0,True,,SELL,,
2026-03-12 00:09:15,A_VALIDATION_PIPELINE_V1,SPY,rejection_reason,CHOP,CHOP,OFF,alpha_mode_off,0.3349,2.0,True,,SELL,,
2026-03-12 00:09:15,A_VALIDATION_PIPELINE_V1,SPY,plan_skipped,CHOP,CHOP,OFF,alpha_mode_off,0.3349,2.0,True,,SELL,,
2026-03-12 00:09:19,A_VALIDATION_PIPELINE_V1,SPY,rejection_reason,CHOP,CHOP,OFF,alpha_mode_off,0.3349,2.0,True,,SELL,,
2026-03-12 00:09:19,A_VALIDATION_PIPELINE_V1,SPY,plan_skipped,CHOP,CHOP,OFF,alpha_mode_off,0.3349,2.0,True,,SELL,,
2026-03-12 00:09:23,A_VALIDATION_PIPELINE_V1,SPY,rejection_reason,CHOP,CHOP,OFF,alpha_mode_off,0.3349,2.0,True,,SELL,,
2026-03-12 00:09:23,A_VALIDATION_PIPELINE_V1,SPY,plan_skipped,CHOP,CHOP,OFF,alpha_mode_off,0.3349,2.0,True,,SELL,,
2026-03-12 00:09:28,A_VALIDATION_PIPELINE_V1,SPY,rejection_reason,CHOP,CHOP,OFF,alpha_mode_off,0.3349,2.0,True,,SELL,,
2026-03-12 00:09:28,A_VALIDATION_PIPELINE_V1,SPY,plan_skipped,CHOP,CHOP,OFF,alpha_mode_off,0.3349,2.0,True,,SELL,,
2026-03-12 00:09:32,A_VALIDATION_PIPELINE_V1,SPY,rejection_reason,CHOP,CHOP,OFF,alpha_mode_off,0.3349,2.0,True,,SELL,,
2026-03-12 00:09:32,A_VALIDATION_PIPELINE_V1,SPY,plan_skipped,CHOP,CHOP,OFF,alpha_mode_off,0.3349,2.0,True,,SELL,,
2026-03-12 00:09:37,A_VALIDATION_PIPELINE_V1,SPY,rejection_reason,CHOP,CHOP,OFF,alpha_mode_off,0.3349,2.0,True,,SELL,,
2026-03-12 00:09:37,A_VALIDATION_PIPELINE_V1,SPY,plan_skipped,CHOP,CHOP,OFF,alpha_mode_off,0.3349,2.0,True,,SELL,,
2026-03-12 00:09:41,A_VALIDATION_PIPELINE_V1,SPY,rejection_reason,CHOP,CHOP,OFF,alpha_mode_off,0.3349,2.0,True,,SELL,,
2026-03-12 00:09:41,A_VALIDATION_PIPELINE_V1,SPY,plan_skipped,CHOP,CHOP,OFF,alpha_mode_off,0.3349,2.0,True,,SELL,,
2026-03-12 00:09:46,A_VALIDATION_PIPELINE_V1,SPY,rejection_reason,CHOP,CHOP,OFF,alpha_mode_off,0.3349,2.0,True,,SELL,,
2026-03-12 00:09:46,A_VALIDATION_PIPELINE_V1,SPY,plan_skipped,CHOP,CHOP,OFF,alpha_mode_off,0.3349,2.0,True,,SELL,,
2026-03-12 00:09:50,A_VALIDATION_PIPELINE_V1,SPY,rejection_reason,CHOP,CHOP,OFF,alpha_mode_off,0.3349,2.0,True,,SELL,,
2026-03-12 00:09:50,A_VALIDATION_PIPELINE_V1,SPY,plan_skipped,CHOP,CHOP,OFF,alpha_mode_off,0.3349,2.0,True,,SELL,,
2026-03-12 00:09:55,A_VALIDATION_PIPELINE_V1,SPY,rejection_reason,CHOP,CHOP,OFF,alpha_mode_off,0.3349,2.0,True,,SELL,,
2026-03-12 00:09:55,A_VALIDATION_PIPELINE_V1,SPY,plan_skipped,CHOP,CHOP,OFF,alpha_mode_off,0.3349,2.0,True,,SELL,,
2026-03-12 00:09:59,A_VALIDATION_PIPELINE_V1,SPY,rejection_reason,CHOP,CHOP,OFF,alpha_mode_off,0.3349,2.0,True,,SELL,,
2026-03-12 00:09:59,A_VALIDATION_PIPELINE_V1,SPY,plan_skipped,CHOP,CHOP,OFF,alpha_mode_off,0.3349,2.0,True,,SELL,,
2026-03-12 00:10:03,A_VALIDATION_PIPELINE_V1,SPY,rejection_reason,CHOP,CHOP,OFF,alpha_mode_off,0.3349,2.0,True,,SELL,,
2026-03-12 00:10:03,A_VALIDATION_PIPELINE_V1,SPY,plan_skipped,CHOP,CHOP,OFF,alpha_mode_off,0.3349,2.0,True,,SELL,,
2026-03-12 00:10:08,A_VALIDATION_PIPELINE_V1,SPY,rejection_reason,CHOP,CHOP,OFF,alpha_mode_off,0.3349,2.0,True,,SELL,,
2026-03-12 00:10:08,A_VALIDATION_PIPELINE_V1,SPY,plan_skipped,CHOP,CHOP,OFF,alpha_mode_off,0.3349,2.0,True,,SELL,,
2026-03-12 00:10:12,A_VALIDATION_PIPELINE_V1,SPY,rejection_reason,CHOP,CHOP,OFF,alpha_mode_off,0.3349,2.0,True,,SELL,,
2026-03-12 00:10:12,A_VALIDATION_PIPELINE_V1,SPY,plan_skipped,CHOP,CHOP,OFF,alpha_mode_off,0.3349,2.0,True,,SELL,,
2026-03-12 00:10:17,A_VALIDATION_PIPELINE_V1,SPY,rejection_reason,CHOP,CHOP,OFF,alpha_mode_off,0.3349,2.0,True,,SELL,,
2026-03-12 00:10:17,A_VALIDATION_PIPELINE_V1,SPY,plan_skipped,CHOP,CHOP,OFF,alpha_mode_off,0.3349,2.0,True,,SELL,,
2026-03-12 00:10:21,A_VALIDATION_PIPELINE_V1,SPY,rejection_reason,CHOP,CHOP,OFF,alpha_mode_off,0.3349,2.0,True,,SELL,,
2026-03-12 00:10:21,A_VALIDATION_PIPELINE_V1,SPY,plan_skipped,CHOP,CHOP,OFF,alpha_mode_off,0.3349,2.0,True,,SELL,,
2026-03-12 00:10:26,A_VALIDATION_PIPELINE_V1,SPY,rejection_reason,CHOP,CHOP,OFF,alpha_mode_off,0.3349,2.0,True,,SELL,,
2026-03-12 00:10:26,A_VALIDATION_PIPELINE_V1,SPY,plan_skipped,CHOP,CHOP,OFF,alpha_mode_off,0.3349,2.0,True,,SELL,,
2026-03-12 00:10:30,A_VALIDATION_PIPELINE_V1,SPY,rejection_reason,CHOP,CHOP,OFF,alpha_mode_off,0.3349,2.0,True,,SELL,,
2026-03-12 00:10:30,A_VALIDATION_PIPELINE_V1,SPY,plan_skipped,CHOP,CHOP,OFF,alpha_mode_off,0.3349,2.0,True,,SELL,,
2026-03-12 00:10:35,A_VALIDATION_PIPELINE_V1,SPY,rejection_reason,CHOP,CHOP,OFF,alpha_mode_off,0.3349,2.0,True,,SELL,,
2026-03-12 00:10:35,A_VALIDATION_PIPELINE_V1,SPY,plan_skipped,CHOP,CHOP,OFF,alpha_mode_off,0.3349,2.0,True,,SELL,,
2026-03-12 00:10:39,A_VALIDATION_PIPELINE_V1,SPY,rejection_reason,CHOP,CHOP,OFF,alpha_mode_off,0.3349,2.0,True,,SELL,,
2026-03-12 00:10:39,A_VALIDATION_PIPELINE_V1,SPY,plan_skipped,CHOP,CHOP,OFF,alpha_mode_off,0.3349,2.0,True,,SELL,,
2026-03-12 00:10:43,A_VALIDATION_PIPELINE_V1,SPY,rejection_reason,CHOP,CHOP,OFF,alpha_mode_off,0.3349,2.0,True,,SELL,,
2026-03-12 00:10:43,A_VALIDATION_PIPELINE_V1,SPY,plan_skipped,CHOP,CHOP,OFF,alpha_mode_off,0.3349,2.0,True,,SELL,,
2026-03-12 00:10:48,A_VALIDATION_PIPELINE_V1,SPY,rejection_reason,CHOP,CHOP,OFF,alpha_mode_off,0.3349,2.0,True,,SELL,,
2026-03-12 00:10:48,A_VALIDATION_PIPELINE_V1,SPY,plan_skipped,CHOP,CHOP,OFF,alpha_mode_off,0.3349,2.0,True,,SELL,,
2026-03-12 00:10:52,A_VALIDATION_PIPELINE_V1,SPY,rejection_reason,CHOP,CHOP,OFF,alpha_mode_off,0.3349,2.0,True,,SELL,,
2026-03-12 00:10:52,A_VALIDATION_PIPELINE_V1,SPY,plan_skipped,CHOP,CHOP,OFF,alpha_mode_off,0.3349,2.0,True,,SELL,,
2026-03-12 00:10:57,A_VALIDATION_PIPELINE_V1,SPY,rejection_reason,CHOP,CHOP,OFF,alpha_mode_off,0.3349,2.0,True,,SELL,,
2026-03-12 00:10:57,A_VALIDATION_PIPELINE_V1,SPY,plan_skipped,CHOP,CHOP,OFF,alpha_mode_off,0.3349,2.0,True,,SELL,,
2026-03-12 00:11:01,A_VALIDATION_PIPELINE_V1,SPY,rejection_reason,CHOP,CHOP,OFF,alpha_mode_off,0.3349,2.0,True,,SELL,,
2026-03-12 00:11:01,A_VALIDATION_PIPELINE_V1,SPY,plan_skipped,CHOP,CHOP,OFF,alpha_mode_off,0.3349,2.0,True,,SELL,,
2026-03-12 00:11:06,A_VALIDATION_PIPELINE_V1,SPY,rejection_reason,CHOP,CHOP,OFF,alpha_mode_off,0.3349,2.0,True,,SELL,,
2026-03-12 00:11:06,A_VALIDATION_PIPELINE_V1,SPY,plan_skipped,CHOP,CHOP,OFF,alpha_mode_off,0.3349,2.0,True,,SELL,,
2026-03-12 00:11:10,A_VALIDATION_PIPELINE_V1,SPY,rejection_reason,CHOP,CHOP,OFF,alpha_mode_off,0.3349,2.0,True,,SELL,,
2026-03-12 00:11:10,A_VALIDATION_PIPELINE_V1,SPY,plan_skipped,CHOP,CHOP,OFF,alpha_mode_off,0.3349,2.0,True,,SELL,,
2026-03-12 00:11:15,A_VALIDATION_PIPELINE_V1,SPY,rejection_reason,CHOP,CHOP,OFF,alpha_mode_off,0.3349,2.0,True,,SELL,,
2026-03-12 00:11:15,A_VALIDATION_PIPELINE_V1,SPY,plan_skipped,CHOP,CHOP,OFF,alpha_mode_off,0.3349,2.0,True,,SELL,,
2026-03-12 00:11:19,A_VALIDATION_PIPELINE_V1,SPY,rejection_reason,CHOP,CHOP,OFF,alpha_mode_off,0.3349,2.0,True,,SELL,,
2026-03-12 00:11:19,A_VALIDATION_PIPELINE_V1,SPY,plan_skipped,CHOP,CHOP,OFF,alpha_mode_off,0.3349,2.0,True,,SELL,,
2026-03-12 00:11:24,A_VALIDATION_PIPELINE_V1,SPY,rejection_reason,CHOP,CHOP,OFF,alpha_mode_off,0.3349,2.0,True,,SELL,,
2026-03-12 00:11:24,A_VALIDATION_PIPELINE_V1,SPY,plan_skipped,CHOP,CHOP,OFF,alpha_mode_off,0.3349,2.0,True,,SELL,,
2026-03-12 00:11:28,A_VALIDATION_PIPELINE_V1,SPY,rejection_reason,CHOP,CHOP,OFF,alpha_mode_off,0.3349,2.0,True,,SELL,,
2026-03-12 00:11:28,A_VALIDATION_PIPELINE_V1,SPY,plan_skipped,CHOP,CHOP,OFF,alpha_mode_off,0.3349,2.0,True,,SELL,,
2026-03-12 00:11:33,A_VALIDATION_PIPELINE_V1,SPY,rejection_reason,CHOP,CHOP,OFF,alpha_mode_off,0.3349,2.0,True,,SELL,,
2026-03-12 00:11:33,A_VALIDATION_PIPELINE_V1,SPY,plan_skipped,CHOP,CHOP,OFF,alpha_mode_off,0.3349,2.0,True,,SELL,,
2026-03-12 00:11:37,A_VALIDATION_PIPELINE_V1,SPY,rejection_reason,CHOP,CHOP,OFF,alpha_mode_off,0.3349,2.0,True,,SELL,,
2026-03-12 00:11:37,A_VALIDATION_PIPELINE_V1,SPY,plan_skipped,CHOP,CHOP,OFF,alpha_mode_off,0.3349,2.0,True,,SELL,,
2026-03-12 00:11:41,A_VALIDATION_PIPELINE_V1,SPY,rejection_reason,CHOP,CHOP,OFF,alpha_mode_off,0.3349,2.0,True,,SELL,,
2026-03-12 00:11:41,A_VALIDATION_PIPELINE_V1,SPY,plan_skipped,CHOP,CHOP,OFF,alpha_mode_off,0.3349,2.0,True,,SELL,,
2026-03-12 00:11:46,A_VALIDATION_PIPELINE_V1,SPY,rejection_reason,CHOP,CHOP,OFF,alpha_mode_off,0.3349,2.0,True,,SELL,,
2026-03-12 00:11:46,A_VALIDATION_PIPELINE_V1,SPY,plan_skipped,CHOP,CHOP,OFF,alpha_mode_off,0.3349,2.0,True,,SELL,,
2026-03-12 00:11:50,A_VALIDATION_PIPELINE_V1,SPY,rejection_reason,CHOP,CHOP,OFF,alpha_mode_off,0.3349,2.0,True,,SELL,,
2026-03-12 00:11:50,A_VALIDATION_PIPELINE_V1,SPY,plan_skipped,CHOP,CHOP,OFF,alpha_mode_off,0.3349,2.0,True,,SELL,,
2026-03-12 00:11:55,A_VALIDATION_PIPELINE_V1,SPY,rejection_reason,CHOP,CHOP,OFF,alpha_mode_off,0.3349,2.0,True,,SELL,,
2026-03-12 00:11:55,A_VALIDATION_PIPELINE_V1,SPY,plan_skipped,CHOP,CHOP,OFF,alpha_mode_off,0.3349,2.0,True,,SELL,,
2026-03-12 00:11:59,A_VALIDATION_PIPELINE_V1,SPY,rejection_reason,CHOP,CHOP,OFF,alpha_mode_off,0.3349,2.0,True,,SELL,,
2026-03-12 00:11:59,A_VALIDATION_PIPELINE_V1,SPY,plan_skipped,CHOP,CHOP,OFF,alpha_mode_off,0.3349,2.0,True,,SELL,,
2026-03-12 00:12:04,A_VALIDATION_PIPELINE_V1,SPY,rejection_reason,CHOP,CHOP,OFF,alpha_mode_off,0.3349,2.0,True,,SELL,,
2026-03-12 00:12:04,A_VALIDATION_PIPELINE_V1,SPY,plan_skipped,CHOP,CHOP,OFF,alpha_mode_off,0.3349,2.0,True,,SELL,,
2026-03-12 00:12:08,A_VALIDATION_PIPELINE_V1,SPY,rejection_reason,CHOP,CHOP,OFF,alpha_mode_off,0.3349,2.0,True,,SELL,,
2026-03-12 00:12:08,A_VALIDATION_PIPELINE_V1,SPY,plan_skipped,CHOP,CHOP,OFF,alpha_mode_off,0.3349,2.0,True,,SELL,,
2026-03-12 00:12:13,A_VALIDATION_PIPELINE_V1,SPY,rejection_reason,CHOP,CHOP,OFF,alpha_mode_off,0.3349,2.0,True,,SELL,,
2026-03-12 00:12:13,A_VALIDATION_PIPELINE_V1,SPY,plan_skipped,CHOP,CHOP,OFF,alpha_mode_off,0.3349,2.0,True,,SELL,,
2026-03-12 00:12:17,A_VALIDATION_PIPELINE_V1,SPY,rejection_reason,CHOP,CHOP,OFF,alpha_mode_off,0.3349,2.0,True,,SELL,,
2026-03-12 00:12:17,A_VALIDATION_PIPELINE_V1,SPY,plan_skipped,CHOP,CHOP,OFF,alpha_mode_off,0.3349,2.0,True,,SELL,,
2026-03-12 00:12:22,A_VALIDATION_PIPELINE_V1,SPY,rejection_reason,CHOP,CHOP,OFF,alpha_mode_off,0.3349,2.0,True,,SELL,,
2026-03-12 00:12:22,A_VALIDATION_PIPELINE_V1,SPY,plan_skipped,CHOP,CHOP,OFF,alpha_mode_off,0.3349,2.0,True,,SELL,,
2026-03-12 00:12:26,A_VALIDATION_PIPELINE_V1,SPY,rejection_reason,CHOP,CHOP,OFF,alpha_mode_off,0.3349,2.0,True,,SELL,,
2026-03-12 00:12:26,A_VALIDATION_PIPELINE_V1,SPY,plan_skipped,CHOP,CHOP,OFF,alpha_mode_off,0.3349,2.0,True,,SELL,,
2026-03-12 00:12:30,A_VALIDATION_PIPELINE_V1,SPY,rejection_reason,CHOP,CHOP,OFF,alpha_mode_off,0.3349,2.0,True,,SELL,,
2026-03-12 00:12:30,A_VALIDATION_PIPELINE_V1,SPY,plan_skipped,CHOP,CHOP,OFF,alpha_mode_off,0.3349,2.0,True,,SELL,,
2026-03-12 00:12:35,A_VALIDATION_PIPELINE_V1,SPY,rejection_reason,CHOP,CHOP,OFF,alpha_mode_off,0.3349,2.0,True,,SELL,,
2026-03-12 00:12:35,A_VALIDATION_PIPELINE_V1,SPY,plan_skipped,CHOP,CHOP,OFF,alpha_mode_off,0.3349,2.0,True,,SELL,,
2026-03-12 00:12:39,A_VALIDATION_PIPELINE_V1,SPY,rejection_reason,CHOP,CHOP,OFF,alpha_mode_off,0.3349,2.0,True,,SELL,,
2026-03-12 00:12:39,A_VALIDATION_PIPELINE_V1,SPY,plan_skipped,CHOP,CHOP,OFF,alpha_mode_off,0.3349,2.0,True,,SELL,,
2026-03-12 00:12:44,A_VALIDATION_PIPELINE_V1,SPY,rejection_reason,CHOP,CHOP,OFF,alpha_mode_off,0.3349,2.0,True,,SELL,,
2026-03-12 00:12:44,A_VALIDATION_PIPELINE_V1,SPY,plan_skipped,CHOP,CHOP,OFF,alpha_mode_off,0.3349,2.0,True,,SELL,,
2026-03-12 00:12:48,A_VALIDATION_PIPELINE_V1,SPY,rejection_reason,CHOP,CHOP,OFF,alpha_mode_off,0.3349,2.0,True,,SELL,,
2026-03-12 00:12:48,A_VALIDATION_PIPELINE_V1,SPY,plan_skipped,CHOP,CHOP,OFF,alpha_mode_off,0.3349,2.0,True,,SELL,,
2026-03-12 00:12:53,A_VALIDATION_PIPELINE_V1,SPY,rejection_reason,CHOP,CHOP,OFF,alpha_mode_off,0.3349,2.0,True,,SELL,,
2026-03-12 00:12:53,A_VALIDATION_PIPELINE_V1,SPY,plan_skipped,CHOP,CHOP,OFF,alpha_mode_off,0.3349,2.0,True,,SELL,,
2026-03-12 00:12:57,A_VALIDATION_PIPELINE_V1,SPY,rejection_reason,CHOP,CHOP,OFF,alpha_mode_off,0.3349,2.0,True,,SELL,,
2026-03-12 00:12:57,A_VALIDATION_PIPELINE_V1,SPY,plan_skipped,CHOP,CHOP,OFF,alpha_mode_off,0.3349,2.0,True,,SELL,,
2026-03-12 00:13:02,A_VALIDATION_PIPELINE_V1,SPY,rejection_reason,CHOP,CHOP,OFF,alpha_mode_off,0.3349,2.0,True,,SELL,,
2026-03-12 00:13:02,A_VALIDATION_PIPELINE_V1,SPY,plan_skipped,CHOP,CHOP,OFF,alpha_mode_off,0.3349,2.0,True,,SELL,,
2026-03-12 00:13:06,A_VALIDATION_PIPELINE_V1,SPY,rejection_reason,CHOP,CHOP,OFF,alpha_mode_off,0.3349,2.0,True,,SELL,,
2026-03-12 00:13:06,A_VALIDATION_PIPELINE_V1,SPY,plan_skipped,CHOP,CHOP,OFF,alpha_mode_off,0.3349,2.0,True,,SELL,,
2026-03-12 00:13:11,A_VALIDATION_PIPELINE_V1,SPY,rejection_reason,CHOP,CHOP,OFF,alpha_mode_off,0.3349,2.0,True,,SELL,,
2026-03-12 00:13:11,A_VALIDATION_PIPELINE_V1,SPY,plan_skipped,CHOP,CHOP,OFF,alpha_mode_off,0.3349,2.0,True,,SELL,,
2026-03-12 00:13:15,A_VALIDATION_PIPELINE_V1,SPY,rejection_reason,CHOP,CHOP,OFF,alpha_mode_off,0.3349,2.0,True,,SELL,,
2026-03-12 00:13:15,A_VALIDATION_PIPELINE_V1,SPY,plan_skipped,CHOP,CHOP,OFF,alpha_mode_off,0.3349,2.0,True,,SELL,,
2026-03-12 00:13:19,A_VALIDATION_PIPELINE_V1,SPY,rejection_reason,CHOP,CHOP,OFF,alpha_mode_off,0.3349,2.0,True,,SELL,,
2026-03-12 00:13:19,A_VALIDATION_PIPELINE_V1,SPY,plan_skipped,CHOP,CHOP,OFF,alpha_mode_off,0.3349,2.0,True,,SELL,,
2026-03-12 00:13:24,A_VALIDATION_PIPELINE_V1,SPY,rejection_reason,CHOP,CHOP,OFF,alpha_mode_off,0.3349,2.0,True,,SELL,,
2026-03-12 00:13:24,A_VALIDATION_PIPELINE_V1,SPY,plan_skipped,CHOP,CHOP,OFF,alpha_mode_off,0.3349,2.0,True,,SELL,,
2026-03-12 00:13:28,A_VALIDATION_PIPELINE_V1,SPY,rejection_reason,CHOP,CHOP,OFF,alpha_mode_off,0.3349,2.0,True,,SELL,,
2026-03-12 00:13:28,A_VALIDATION_PIPELINE_V1,SPY,plan_skipped,CHOP,CHOP,OFF,alpha_mode_off,0.3349,2.0,True,,SELL,,
2026-03-12 00:13:33,A_VALIDATION_PIPELINE_V1,SPY,rejection_reason,CHOP,CHOP,OFF,alpha_mode_off,0.3349,2.0,True,,SELL,,
2026-03-12 00:13:33,A_VALIDATION_PIPELINE_V1,SPY,plan_skipped,CHOP,CHOP,OFF,alpha_mode_off,0.3349,2.0,True,,SELL,,
2026-03-12 00:13:37,A_VALIDATION_PIPELINE_V1,SPY,rejection_reason,CHOP,CHOP,OFF,alpha_mode_off,0.3349,2.0,True,,SELL,,
2026-03-12 00:13:37,A_VALIDATION_PIPELINE_V1,SPY,plan_skipped,CHOP,CHOP,OFF,alpha_mode_off,0.3349,2.0,True,,SELL,,
2026-03-12 00:13:42,A_VALIDATION_PIPELINE_V1,SPY,rejection_reason,CHOP,CHOP,OFF,alpha_mode_off,0.3349,2.0,True,,SELL,,
2026-03-12 00:13:42,A_VALIDATION_PIPELINE_V1,SPY,plan_skipped,CHOP,CHOP,OFF,alpha_mode_off,0.3349,2.0,True,,SELL,,
2026-03-12 00:13:46,A_VALIDATION_PIPELINE_V1,SPY,rejection_reason,CHOP,CHOP,OFF,alpha_mode_off,0.3349,2.0,True,,SELL,,
2026-03-12 00:13:46,A_VALIDATION_PIPELINE_V1,SPY,plan_skipped,CHOP,CHOP,OFF,alpha_mode_off,0.3349,2.0,True,,SELL,,
2026-03-12 00:13:51,A_VALIDATION_PIPELINE_V1,SPY,rejection_reason,CHOP,CHOP,OFF,alpha_mode_off,0.3349,2.0,True,,SELL,,
2026-03-12 00:13:51,A_VALIDATION_PIPELINE_V1,SPY,plan_skipped,CHOP,CHOP,OFF,alpha_mode_off,0.3349,2.0,True,,SELL,,
2026-03-12 00:13:55,A_VALIDATION_PIPELINE_V1,SPY,rejection_reason,CHOP,CHOP,OFF,alpha_mode_off,0.3349,2.0,True,,SELL,,
2026-03-12 00:13:55,A_VALIDATION_PIPELINE_V1,SPY,plan_skipped,CHOP,CHOP,OFF,alpha_mode_off,0.3349,2.0,True,,SELL,,
2026-03-12 00:13:59,A_VALIDATION_PIPELINE_V1,SPY,rejection_reason,CHOP,CHOP,OFF,alpha_mode_off,0.3349,2.0,True,,SELL,,
2026-03-12 00:13:59,A_VALIDATION_PIPELINE_V1,SPY,plan_skipped,CHOP,CHOP,OFF,alpha_mode_off,0.3349,2.0,True,,SELL,,
2026-03-12 00:14:04,A_VALIDATION_PIPELINE_V1,SPY,rejection_reason,CHOP,CHOP,OFF,alpha_mode_off,0.3349,2.0,True,,SELL,,
2026-03-12 00:14:04,A_VALIDATION_PIPELINE_V1,SPY,plan_skipped,CHOP,CHOP,OFF,alpha_mode_off,0.3349,2.0,True,,SELL,,
2026-03-12 00:14:08,A_VALIDATION_PIPELINE_V1,SPY,rejection_reason,CHOP,CHOP,OFF,alpha_mode_off,0.3349,2.0,True,,SELL,,
2026-03-12 00:14:08,A_VALIDATION_PIPELINE_V1,SPY,plan_skipped,CHOP,CHOP,OFF,alpha_mode_off,0.3349,2.0,True,,SELL,,
2026-03-12 00:14:13,A_VALIDATION_PIPELINE_V1,SPY,rejection_reason,CHOP,CHOP,OFF,alpha_mode_off,0.3349,2.0,True,,SELL,,
2026-03-12 00:14:13,A_VALIDATION_PIPELINE_V1,SPY,plan_skipped,CHOP,CHOP,OFF,alpha_mode_off,0.3349,2.0,True,,SELL,,
2026-03-12 00:14:17,A_VALIDATION_PIPELINE_V1,SPY,rejection_reason,CHOP,CHOP,OFF,alpha_mode_off,0.3349,2.0,True,,SELL,,
2026-03-12 00:14:17,A_VALIDATION_PIPELINE_V1,SPY,plan_skipped,CHOP,CHOP,OFF,alpha_mode_off,0.3349,2.0,True,,SELL,,
2026-03-12 00:14:22,A_VALIDATION_PIPELINE_V1,SPY,rejection_reason,CHOP,CHOP,OFF,alpha_mode_off,0.3349,2.0,True,,SELL,,
2026-03-12 00:14:22,A_VALIDATION_PIPELINE_V1,SPY,plan_skipped,CHOP,CHOP,OFF,alpha_mode_off,0.3349,2.0,True,,SELL,,
2026-03-12 00:14:26,A_VALIDATION_PIPELINE_V1,SPY,rejection_reason,CHOP,CHOP,OFF,alpha_mode_off,0.3349,2.0,True,,SELL,,
2026-03-12 00:14:26,A_VALIDATION_PIPELINE_V1,SPY,plan_skipped,CHOP,CHOP,OFF,alpha_mode_off,0.3349,2.0,True,,SELL,,
2026-03-12 00:14:30,A_VALIDATION_PIPELINE_V1,SPY,rejection_reason,CHOP,CHOP,OFF,alpha_mode_off,0.3349,2.0,True,,SELL,,
2026-03-12 00:14:30,A_VALIDATION_PIPELINE_V1,SPY,plan_skipped,CHOP,CHOP,OFF,alpha_mode_off,0.3349,2.0,True,,SELL,,
2026-03-12 00:14:35,A_VALIDATION_PIPELINE_V1,SPY,rejection_reason,CHOP,CHOP,OFF,alpha_mode_off,0.3349,2.0,True,,SELL,,
2026-03-12 00:14:35,A_VALIDATION_PIPELINE_V1,SPY,plan_skipped,CHOP,CHOP,OFF,alpha_mode_off,0.3349,2.0,True,,SELL,,
2026-03-12 00:14:39,A_VALIDATION_PIPELINE_V1,SPY,rejection_reason,CHOP,CHOP,OFF,alpha_mode_off,0.3349,2.0,True,,SELL,,
2026-03-12 00:14:39,A_VALIDATION_PIPELINE_V1,SPY,plan_skipped,CHOP,CHOP,OFF,alpha_mode_off,0.3349,2.0,True,,SELL,,
2026-03-12 00:14:44,A_VALIDATION_PIPELINE_V1,SPY,rejection_reason,CHOP,CHOP,OFF,alpha_mode_off,0.3349,2.0,True,,SELL,,
2026-03-12 00:14:44,A_VALIDATION_PIPELINE_V1,SPY,plan_skipped,CHOP,CHOP,OFF,alpha_mode_off,0.3349,2.0,True,,SELL,,
2026-03-12 00:14:48,A_VALIDATION_PIPELINE_V1,SPY,rejection_reason,CHOP,CHOP,OFF,alpha_mode_off,0.3349,2.0,True,,SELL,,
2026-03-12 00:14:48,A_VALIDATION_PIPELINE_V1,SPY,plan_skipped,CHOP,CHOP,OFF,alpha_mode_off,0.3349,2.0,True,,SELL,,
2026-03-12 00:14:58,A_VALIDATION_PIPELINE_V1,SPY,rejection_reason,CHOP,CHOP,OFF,alpha_mode_off,0.3349,2.0,True,,SELL,,
2026-03-12 00:14:58,A_VALIDATION_PIPELINE_V1,SPY,plan_skipped,CHOP,CHOP,OFF,alpha_mode_off,0.3349,2.0,True,,SELL,,
2026-03-12 00:15:03,A_VALIDATION_PIPELINE_V1,SPY,rejection_reason,CHOP,CHOP,OFF,alpha_mode_off,0.3349,2.0,True,,SELL,,
2026-03-12 00:15:03,A_VALIDATION_PIPELINE_V1,SPY,plan_skipped,CHOP,CHOP,OFF,alpha_mode_off,0.3349,2.0,True,,SELL,,
2026-03-12 00:15:07,A_VALIDATION_PIPELINE_V1,SPY,rejection_reason,CHOP,CHOP,OFF,alpha_mode_off,0.3349,2.0,True,,SELL,,
2026-03-12 00:15:07,A_VALIDATION_PIPELINE_V1,SPY,plan_skipped,CHOP,CHOP,OFF,alpha_mode_off,0.3349,2.0,True,,SELL,,
2026-03-12 00:15:12,A_VALIDATION_PIPELINE_V1,SPY,rejection_reason,CHOP,CHOP,OFF,alpha_mode_off,0.3349,2.0,True,,SELL,,
2026-03-12 00:15:12,A_VALIDATION_PIPELINE_V1,SPY,plan_skipped,CHOP,CHOP,OFF,alpha_mode_off,0.3349,2.0,True,,SELL,,
2026-03-12 00:15:16,A_VALIDATION_PIPELINE_V1,SPY,rejection_reason,CHOP,CHOP,OFF,alpha_mode_off,0.3349,2.0,True,,SELL,,
2026-03-12 00:15:16,A_VALIDATION_PIPELINE_V1,SPY,plan_skipped,CHOP,CHOP,OFF,alpha_mode_off,0.3349,2.0,True,,SELL,,
2026-03-12 00:15:21,A_VALIDATION_PIPELINE_V1,SPY,rejection_reason,CHOP,CHOP,OFF,alpha_mode_off,0.3349,2.0,True,,SELL,,
2026-03-12 00:15:21,A_VALIDATION_PIPELINE_V1,SPY,plan_skipped,CHOP,CHOP,OFF,alpha_mode_off,0.3349,2.0,True,,SELL,,
2026-03-12 00:15:25,A_VALIDATION_PIPELINE_V1,SPY,rejection_reason,CHOP,CHOP,OFF,alpha_mode_off,0.3349,2.0,True,,SELL,,
2026-03-12 00:15:25,A_VALIDATION_PIPELINE_V1,SPY,plan_skipped,CHOP,CHOP,OFF,alpha_mode_off,0.3349,2.0,True,,SELL,,
2026-03-12 00:15:29,A_VALIDATION_PIPELINE_V1,SPY,rejection_reason,CHOP,CHOP,OFF,alpha_mode_off,0.3349,2.0,True,,SELL,,
2026-03-12 00:15:29,A_VALIDATION_PIPELINE_V1,SPY,plan_skipped,CHOP,CHOP,OFF,alpha_mode_off,0.3349,2.0,True,,SELL,,
2026-03-12 00:15:34,A_VALIDATION_PIPELINE_V1,SPY,rejection_reason,CHOP,CHOP,OFF,alpha_mode_off,0.3349,2.0,True,,SELL,,
2026-03-12 00:15:34,A_VALIDATION_PIPELINE_V1,SPY,plan_skipped,CHOP,CHOP,OFF,alpha_mode_off,0.3349,2.0,True,,SELL,,
2026-03-12 00:15:39,A_VALIDATION_PIPELINE_V1,SPY,rejection_reason,CHOP,CHOP,OFF,alpha_mode_off,0.3349,2.0,True,,SELL,,
2026-03-12 00:15:39,A_VALIDATION_PIPELINE_V1,SPY,plan_skipped,CHOP,CHOP,OFF,alpha_mode_off,0.3349,2.0,True,,SELL,,
2026-03-12 00:15:43,A_VALIDATION_PIPELINE_V1,SPY,rejection_reason,CHOP,CHOP,OFF,alpha_mode_off,0.3349,2.0,True,,SELL,,
2026-03-12 00:15:43,A_VALIDATION_PIPELINE_V1,SPY,plan_skipped,CHOP,CHOP,OFF,alpha_mode_off,0.3349,2.0,True,,SELL,,
2026-03-12 00:15:48,A_VALIDATION_PIPELINE_V1,SPY,rejection_reason,CHOP,CHOP,OFF,alpha_mode_off,0.3349,2.0,True,,SELL,,
2026-03-12 00:15:48,A_VALIDATION_PIPELINE_V1,SPY,plan_skipped,CHOP,CHOP,OFF,alpha_mode_off,0.3349,2.0,True,,SELL,,
2026-03-12 00:15:52,A_VALIDATION_PIPELINE_V1,SPY,rejection_reason,CHOP,CHOP,OFF,alpha_mode_off,0.3349,2.0,True,,SELL,,
2026-03-12 00:15:52,A_VALIDATION_PIPELINE_V1,SPY,plan_skipped,CHOP,CHOP,OFF,alpha_mode_off,0.3349,2.0,True,,SELL,,
2026-03-12 00:15:57,A_VALIDATION_PIPELINE_V1,SPY,rejection_reason,CHOP,CHOP,OFF,alpha_mode_off,0.3349,2.0,True,,SELL,,
2026-03-12 00:15:57,A_VALIDATION_PIPELINE_V1,SPY,plan_skipped,CHOP,CHOP,OFF,alpha_mode_off,0.3349,2.0,True,,SELL,,
2026-03-12 00:16:01,A_VALIDATION_PIPELINE_V1,SPY,rejection_reason,CHOP,CHOP,OFF,alpha_mode_off,0.3349,2.0,True,,SELL,,
2026-03-12 00:16:01,A_VALIDATION_PIPELINE_V1,SPY,plan_skipped,CHOP,CHOP,OFF,alpha_mode_off,0.3349,2.0,True,,SELL,,
2026-03-12 00:16:06,A_VALIDATION_PIPELINE_V1,SPY,rejection_reason,CHOP,CHOP,OFF,alpha_mode_off,0.3349,2.0,True,,SELL,,
2026-03-12 00:16:06,A_VALIDATION_PIPELINE_V1,SPY,plan_skipped,CHOP,CHOP,OFF,alpha_mode_off,0.3349,2.0,True,,SELL,,
2026-03-12 00:16:10,A_VALIDATION_PIPELINE_V1,SPY,rejection_reason,CHOP,CHOP,OFF,alpha_mode_off,0.3349,2.0,True,,SELL,,
2026-03-12 00:16:10,A_VALIDATION_PIPELINE_V1,SPY,plan_skipped,CHOP,CHOP,OFF,alpha_mode_off,0.3349,2.0,True,,SELL,,
2026-03-12 00:16:15,A_VALIDATION_PIPELINE_V1,SPY,rejection_reason,CHOP,CHOP,OFF,alpha_mode_off,0.3349,2.0,True,,SELL,,
2026-03-12 00:16:15,A_VALIDATION_PIPELINE_V1,SPY,plan_skipped,CHOP,CHOP,OFF,alpha_mode_off,0.3349,2.0,True,,SELL,,
2026-03-12 00:16:19,A_VALIDATION_PIPELINE_V1,SPY,rejection_reason,CHOP,CHOP,OFF,alpha_mode_off,0.3349,2.0,True,,SELL,,
2026-03-12 00:16:19,A_VALIDATION_PIPELINE_V1,SPY,plan_skipped,CHOP,CHOP,OFF,alpha_mode_off,0.3349,2.0,True,,SELL,,
2026-03-12 00:16:24,A_VALIDATION_PIPELINE_V1,SPY,rejection_reason,CHOP,CHOP,OFF,alpha_mode_off,0.3349,2.0,True,,SELL,,
2026-03-12 00:16:24,A_VALIDATION_PIPELINE_V1,SPY,plan_skipped,CHOP,CHOP,OFF,alpha_mode_off,0.3349,2.0,True,,SELL,,
2026-03-12 00:16:28,A_VALIDATION_PIPELINE_V1,SPY,rejection_reason,CHOP,CHOP,OFF,alpha_mode_off,0.3349,2.0,True,,SELL,,
2026-03-12 00:16:28,A_VALIDATION_PIPELINE_V1,SPY,plan_skipped,CHOP,CHOP,OFF,alpha_mode_off,0.3349,2.0,True,,SELL,,
2026-03-12 00:16:33,A_VALIDATION_PIPELINE_V1,SPY,rejection_reason,CHOP,CHOP,OFF,alpha_mode_off,0.3349,2.0,True,,SELL,,
2026-03-12 00:16:33,A_VALIDATION_PIPELINE_V1,SPY,plan_skipped,CHOP,CHOP,OFF,alpha_mode_off,0.3349,2.0,True,,SELL,,
2026-03-12 00:16:37,A_VALIDATION_PIPELINE_V1,SPY,rejection_reason,CHOP,CHOP,OFF,alpha_mode_off,0.3349,2.0,True,,SELL,,
2026-03-12 00:16:37,A_VALIDATION_PIPELINE_V1,SPY,plan_skipped,CHOP,CHOP,OFF,alpha_mode_off,0.3349,2.0,True,,SELL,,
2026-03-12 00:16:42,A_VALIDATION_PIPELINE_V1,SPY,rejection_reason,CHOP,CHOP,OFF,alpha_mode_off,0.3349,2.0,True,,SELL,,
2026-03-12 00:16:42,A_VALIDATION_PIPELINE_V1,SPY,plan_skipped,CHOP,CHOP,OFF,alpha_mode_off,0.3349,2.0,True,,SELL,,
2026-03-12 00:16:46,A_VALIDATION_PIPELINE_V1,SPY,rejection_reason,CHOP,CHOP,OFF,alpha_mode_off,0.3349,2.0,True,,SELL,,
2026-03-12 00:16:46,A_VALIDATION_PIPELINE_V1,SPY,plan_skipped,CHOP,CHOP,OFF,alpha_mode_off,0.3349,2.0,True,,SELL,,
2026-03-12 00:16:51,A_VALIDATION_PIPELINE_V1,SPY,rejection_reason,CHOP,CHOP,OFF,alpha_mode_off,0.3349,2.0,True,,SELL,,
2026-03-12 00:16:51,A_VALIDATION_PIPELINE_V1,SPY,plan_skipped,CHOP,CHOP,OFF,alpha_mode_off,0.3349,2.0,True,,SELL,,
2026-03-12 00:16:55,A_VALIDATION_PIPELINE_V1,SPY,rejection_reason,CHOP,CHOP,OFF,alpha_mode_off,0.3349,2.0,True,,SELL,,
2026-03-12 00:16:55,A_VALIDATION_PIPELINE_V1,SPY,plan_skipped,CHOP,CHOP,OFF,alpha_mode_off,0.3349,2.0,True,,SELL,,
2026-03-12 00:17:00,A_VALIDATION_PIPELINE_V1,SPY,rejection_reason,CHOP,CHOP,OFF,alpha_mode_off,0.3349,2.0,True,,SELL,,
2026-03-12 00:17:00,A_VALIDATION_PIPELINE_V1,SPY,plan_skipped,CHOP,CHOP,OFF,alpha_mode_off,0.3349,2.0,True,,SELL,,
2026-03-12 00:17:04,A_VALIDATION_PIPELINE_V1,SPY,rejection_reason,CHOP,CHOP,OFF,alpha_mode_off,0.3349,2.0,True,,SELL,,
2026-03-12 00:17:04,A_VALIDATION_PIPELINE_V1,SPY,plan_skipped,CHOP,CHOP,OFF,alpha_mode_off,0.3349,2.0,True,,SELL,,
2026-03-12 00:17:08,A_VALIDATION_PIPELINE_V1,SPY,rejection_reason,CHOP,CHOP,OFF,alpha_mode_off,0.3349,2.0,True,,SELL,,
2026-03-12 00:17:08,A_VALIDATION_PIPELINE_V1,SPY,plan_skipped,CHOP,CHOP,OFF,alpha_mode_off,0.3349,2.0,True,,SELL,,
2026-03-12 00:17:13,A_VALIDATION_PIPELINE_V1,SPY,rejection_reason,CHOP,CHOP,OFF,alpha_mode_off,0.3349,2.0,True,,SELL,,
2026-03-12 00:17:13,A_VALIDATION_PIPELINE_V1,SPY,plan_skipped,CHOP,CHOP,OFF,alpha_mode_off,0.3349,2.0,True,,SELL,,
2026-03-12 00:17:17,A_VALIDATION_PIPELINE_V1,SPY,rejection_reason,CHOP,CHOP,OFF,alpha_mode_off,0.3349,2.0,True,,SELL,,
2026-03-12 00:17:17,A_VALIDATION_PIPELINE_V1,SPY,plan_skipped,CHOP,CHOP,OFF,alpha_mode_off,0.3349,2.0,True,,SELL,,
2026-03-12 00:17:22,A_VALIDATION_PIPELINE_V1,SPY,rejection_reason,CHOP,CHOP,OFF,alpha_mode_off,0.3349,2.0,True,,SELL,,
2026-03-12 00:17:22,A_VALIDATION_PIPELINE_V1,SPY,plan_skipped,CHOP,CHOP,OFF,alpha_mode_off,0.3349,2.0,True,,SELL,,
2026-03-12 00:17:26,A_VALIDATION_PIPELINE_V1,SPY,rejection_reason,CHOP,CHOP,OFF,alpha_mode_off,0.3349,2.0,True,,SELL,,
2026-03-12 00:17:26,A_VALIDATION_PIPELINE_V1,SPY,plan_skipped,CHOP,CHOP,OFF,alpha_mode_off,0.3349,2.0,True,,SELL,,
2026-03-12 00:17:31,A_VALIDATION_PIPELINE_V1,SPY,rejection_reason,CHOP,CHOP,OFF,alpha_mode_off,0.3349,2.0,True,,SELL,,
2026-03-12 00:17:31,A_VALIDATION_PIPELINE_V1,SPY,plan_skipped,CHOP,CHOP,OFF,alpha_mode_off,0.3349,2.0,True,,SELL,,
2026-03-12 00:17:35,A_VALIDATION_PIPELINE_V1,SPY,rejection_reason,CHOP,CHOP,OFF,alpha_mode_off,0.3349,2.0,True,,SELL,,
2026-03-12 00:17:35,A_VALIDATION_PIPELINE_V1,SPY,plan_skipped,CHOP,CHOP,OFF,alpha_mode_off,0.3349,2.0,True,,SELL,,
2026-03-12 00:17:40,A_VALIDATION_PIPELINE_V1,SPY,rejection_reason,CHOP,CHOP,OFF,alpha_mode_off,0.3349,2.0,True,,SELL,,
2026-03-12 00:17:40,A_VALIDATION_PIPELINE_V1,SPY,plan_skipped,CHOP,CHOP,OFF,alpha_mode_off,0.3349,2.0,True,,SELL,,
2026-03-12 00:17:44,A_VALIDATION_PIPELINE_V1,SPY,rejection_reason,CHOP,CHOP,OFF,alpha_mode_off,0.3349,2.0,True,,SELL,,
2026-03-12 00:17:44,A_VALIDATION_PIPELINE_V1,SPY,plan_skipped,CHOP,CHOP,OFF,alpha_mode_off,0.3349,2.0,True,,SELL,,
2026-03-12 00:17:49,A_VALIDATION_PIPELINE_V1,SPY,rejection_reason,CHOP,CHOP,OFF,alpha_mode_off,0.3349,2.0,True,,SELL,,
2026-03-12 00:17:49,A_VALIDATION_PIPELINE_V1,SPY,plan_skipped,CHOP,CHOP,OFF,alpha_mode_off,0.3349,2.0,True,,SELL,,
2026-03-12 00:17:53,A_VALIDATION_PIPELINE_V1,SPY,rejection_reason,CHOP,CHOP,OFF,alpha_mode_off,0.3349,2.0,True,,SELL,,
2026-03-12 00:17:53,A_VALIDATION_PIPELINE_V1,SPY,plan_skipped,CHOP,CHOP,OFF,alpha_mode_off,0.3349,2.0,True,,SELL,,
2026-03-12 00:17:58,A_VALIDATION_PIPELINE_V1,SPY,rejection_reason,CHOP,CHOP,OFF,alpha_mode_off,0.3349,2.0,True,,SELL,,
2026-03-12 00:17:58,A_VALIDATION_PIPELINE_V1,SPY,plan_skipped,CHOP,CHOP,OFF,alpha_mode_off,0.3349,2.0,True,,SELL,,
2026-03-12 00:18:02,A_VALIDATION_PIPELINE_V1,SPY,rejection_reason,CHOP,CHOP,OFF,alpha_mode_off,0.3349,2.0,True,,SELL,,
2026-03-12 00:18:02,A_VALIDATION_PIPELINE_V1,SPY,plan_skipped,CHOP,CHOP,OFF,alpha_mode_off,0.3349,2.0,True,,SELL,,
2026-03-12 00:18:07,A_VALIDATION_PIPELINE_V1,SPY,rejection_reason,CHOP,CHOP,OFF,alpha_mode_off,0.3349,2.0,True,,SELL,,
2026-03-12 00:18:07,A_VALIDATION_PIPELINE_V1,SPY,plan_skipped,CHOP,CHOP,OFF,alpha_mode_off,0.3349,2.0,True,,SELL,,
2026-03-12 00:18:11,A_VALIDATION_PIPELINE_V1,SPY,rejection_reason,CHOP,CHOP,OFF,alpha_mode_off,0.3349,2.0,True,,SELL,,
2026-03-12 00:18:11,A_VALIDATION_PIPELINE_V1,SPY,plan_skipped,CHOP,CHOP,OFF,alpha_mode_off,0.3349,2.0,True,,SELL,,
2026-03-12 00:18:16,A_VALIDATION_PIPELINE_V1,SPY,rejection_reason,CHOP,CHOP,OFF,alpha_mode_off,0.3349,2.0,True,,SELL,,
2026-03-12 00:18:16,A_VALIDATION_PIPELINE_V1,SPY,plan_skipped,CHOP,CHOP,OFF,alpha_mode_off,0.3349,2.0,True,,SELL,,
2026-03-12 00:18:20,A_VALIDATION_PIPELINE_V1,SPY,rejection_reason,CHOP,CHOP,OFF,alpha_mode_off,0.3349,2.0,True,,SELL,,
2026-03-12 00:18:20,A_VALIDATION_PIPELINE_V1,SPY,plan_skipped,CHOP,CHOP,OFF,alpha_mode_off,0.3349,2.0,True,,SELL,,
2026-03-12 00:18:24,A_VALIDATION_PIPELINE_V1,SPY,rejection_reason,CHOP,CHOP,OFF,alpha_mode_off,0.3349,2.0,True,,SELL,,
2026-03-12 00:18:24,A_VALIDATION_PIPELINE_V1,SPY,plan_skipped,CHOP,CHOP,OFF,alpha_mode_off,0.3349,2.0,True,,SELL,,
2026-03-12 00:18:29,A_VALIDATION_PIPELINE_V1,SPY,rejection_reason,CHOP,CHOP,OFF,alpha_mode_off,0.3349,2.0,True,,SELL,,
2026-03-12 00:18:29,A_VALIDATION_PIPELINE_V1,SPY,plan_skipped,CHOP,CHOP,OFF,alpha_mode_off,0.3349,2.0,True,,SELL,,
2026-03-12 00:18:33,A_VALIDATION_PIPELINE_V1,SPY,rejection_reason,CHOP,CHOP,OFF,alpha_mode_off,0.3349,2.0,True,,SELL,,
2026-03-12 00:18:33,A_VALIDATION_PIPELINE_V1,SPY,plan_skipped,CHOP,CHOP,OFF,alpha_mode_off,0.3349,2.0,True,,SELL,,
2026-03-12 00:18:38,A_VALIDATION_PIPELINE_V1,SPY,rejection_reason,CHOP,CHOP,OFF,alpha_mode_off,0.3349,2.0,True,,SELL,,
2026-03-12 00:18:38,A_VALIDATION_PIPELINE_V1,SPY,plan_skipped,CHOP,CHOP,OFF,alpha_mode_off,0.3349,2.0,True,,SELL,,
2026-03-12 00:18:42,A_VALIDATION_PIPELINE_V1,SPY,rejection_reason,CHOP,CHOP,OFF,alpha_mode_off,0.3349,2.0,True,,SELL,,
2026-03-12 00:18:42,A_VALIDATION_PIPELINE_V1,SPY,plan_skipped,CHOP,CHOP,OFF,alpha_mode_off,0.3349,2.0,True,,SELL,,
2026-03-12 00:18:47,A_VALIDATION_PIPELINE_V1,SPY,rejection_reason,CHOP,CHOP,OFF,alpha_mode_off,0.3349,2.0,True,,SELL,,
2026-03-12 00:18:47,A_VALIDATION_PIPELINE_V1,SPY,plan_skipped,CHOP,CHOP,OFF,alpha_mode_off,0.3349,2.0,True,,SELL,,
2026-03-12 00:18:51,A_VALIDATION_PIPELINE_V1,SPY,rejection_reason,CHOP,CHOP,OFF,alpha_mode_off,0.3349,2.0,True,,SELL,,
2026-03-12 00:18:51,A_VALIDATION_PIPELINE_V1,SPY,plan_skipped,CHOP,CHOP,OFF,alpha_mode_off,0.3349,2.0,True,,SELL,,
2026-03-12 00:18:56,A_VALIDATION_PIPELINE_V1,SPY,rejection_reason,CHOP,CHOP,OFF,alpha_mode_off,0.3349,2.0,True,,SELL,,
2026-03-12 00:18:56,A_VALIDATION_PIPELINE_V1,SPY,plan_skipped,CHOP,CHOP,OFF,alpha_mode_off,0.3349,2.0,True,,SELL,,
2026-03-12 00:19:00,A_VALIDATION_PIPELINE_V1,SPY,rejection_reason,CHOP,CHOP,OFF,alpha_mode_off,0.3349,2.0,True,,SELL,,
2026-03-12 00:19:00,A_VALIDATION_PIPELINE_V1,SPY,plan_skipped,CHOP,CHOP,OFF,alpha_mode_off,0.3349,2.0,True,,SELL,,
2026-03-12 00:19:05,A_VALIDATION_PIPELINE_V1,SPY,rejection_reason,CHOP,CHOP,OFF,alpha_mode_off,0.3349,2.0,True,,SELL,,
2026-03-12 00:19:05,A_VALIDATION_PIPELINE_V1,SPY,plan_skipped,CHOP,CHOP,OFF,alpha_mode_off,0.3349,2.0,True,,SELL,,
2026-03-12 00:19:09,A_VALIDATION_PIPELINE_V1,SPY,rejection_reason,CHOP,CHOP,OFF,alpha_mode_off,0.3349,2.0,True,,SELL,,
2026-03-12 00:19:09,A_VALIDATION_PIPELINE_V1,SPY,plan_skipped,CHOP,CHOP,OFF,alpha_mode_off,0.3349,2.0,True,,SELL,,
2026-03-12 00:19:14,A_VALIDATION_PIPELINE_V1,SPY,rejection_reason,CHOP,CHOP,OFF,alpha_mode_off,0.3349,2.0,True,,SELL,,
2026-03-12 00:19:14,A_VALIDATION_PIPELINE_V1,SPY,plan_skipped,CHOP,CHOP,OFF,alpha_mode_off,0.3349,2.0,True,,SELL,,
2026-03-12 00:19:18,A_VALIDATION_PIPELINE_V1,SPY,rejection_reason,CHOP,CHOP,OFF,alpha_mode_off,0.3349,2.0,True,,SELL,,
2026-03-12 00:19:18,A_VALIDATION_PIPELINE_V1,SPY,plan_skipped,CHOP,CHOP,OFF,alpha_mode_off,0.3349,2.0,True,,SELL,,
2026-03-12 00:19:23,A_VALIDATION_PIPELINE_V1,SPY,rejection_reason,CHOP,CHOP,OFF,alpha_mode_off,0.3349,2.0,True,,SELL,,
2026-03-12 00:19:23,A_VALIDATION_PIPELINE_V1,SPY,plan_skipped,CHOP,CHOP,OFF,alpha_mode_off,0.3349,2.0,True,,SELL,,
2026-03-12 00:19:27,A_VALIDATION_PIPELINE_V1,SPY,rejection_reason,CHOP,CHOP,OFF,alpha_mode_off,0.3349,2.0,True,,SELL,,
2026-03-12 00:19:27,A_VALIDATION_PIPELINE_V1,SPY,plan_skipped,CHOP,CHOP,OFF,alpha_mode_off,0.3349,2.0,True,,SELL,,
2026-03-12 00:19:31,A_VALIDATION_PIPELINE_V1,SPY,rejection_reason,CHOP,CHOP,OFF,alpha_mode_off,0.3349,2.0,True,,SELL,,
2026-03-12 00:19:31,A_VALIDATION_PIPELINE_V1,SPY,plan_skipped,CHOP,CHOP,OFF,alpha_mode_off,0.3349,2.0,True,,SELL,,
2026-03-12 00:19:36,A_VALIDATION_PIPELINE_V1,SPY,rejection_reason,CHOP,CHOP,OFF,alpha_mode_off,0.3349,2.0,True,,SELL,,
2026-03-12 00:19:36,A_VALIDATION_PIPELINE_V1,SPY,plan_skipped,CHOP,CHOP,OFF,alpha_mode_off,0.3349,2.0,True,,SELL,,
2026-03-12 00:19:40,A_VALIDATION_PIPELINE_V1,SPY,rejection_reason,CHOP,CHOP,OFF,alpha_mode_off,0.3349,2.0,True,,SELL,,
2026-03-12 00:19:40,A_VALIDATION_PIPELINE_V1,SPY,plan_skipped,CHOP,CHOP,OFF,alpha_mode_off,0.3349,2.0,True,,SELL,,
2026-03-12 00:19:45,A_VALIDATION_PIPELINE_V1,SPY,rejection_reason,CHOP,CHOP,OFF,alpha_mode_off,0.3349,2.0,True,,SELL,,
2026-03-12 00:19:45,A_VALIDATION_PIPELINE_V1,SPY,plan_skipped,CHOP,CHOP,OFF,alpha_mode_off,0.3349,2.0,True,,SELL,,
2026-03-12 00:19:49,A_VALIDATION_PIPELINE_V1,SPY,rejection_reason,CHOP,CHOP,OFF,alpha_mode_off,0.3349,2.0,True,,SELL,,
2026-03-12 00:19:49,A_VALIDATION_PIPELINE_V1,SPY,plan_skipped,CHOP,CHOP,OFF,alpha_mode_off,0.3349,2.0,True,,SELL,,
2026-03-12 00:19:54,A_VALIDATION_PIPELINE_V1,SPY,rejection_reason,CHOP,CHOP,OFF,alpha_mode_off,0.3349,2.0,True,,SELL,,
2026-03-12 00:19:54,A_VALIDATION_PIPELINE_V1,SPY,plan_skipped,CHOP,CHOP,OFF,alpha_mode_off,0.3349,2.0,True,,SELL,,
2026-03-12 00:19:58,A_VALIDATION_PIPELINE_V1,SPY,rejection_reason,CHOP,CHOP,OFF,alpha_mode_off,0.3349,2.0,True,,SELL,,
2026-03-12 00:19:58,A_VALIDATION_PIPELINE_V1,SPY,plan_skipped,CHOP,CHOP,OFF,alpha_mode_off,0.3349,2.0,True,,SELL,,
2026-03-12 00:20:03,A_VALIDATION_PIPELINE_V1,SPY,rejection_reason,CHOP,CHOP,OFF,alpha_mode_off,0.3349,2.0,True,,SELL,,
2026-03-12 00:20:03,A_VALIDATION_PIPELINE_V1,SPY,plan_skipped,CHOP,CHOP,OFF,alpha_mode_off,0.3349,2.0,True,,SELL,,
2026-03-12 00:20:07,A_VALIDATION_PIPELINE_V1,SPY,rejection_reason,CHOP,CHOP,OFF,alpha_mode_off,0.3349,2.0,True,,SELL,,
2026-03-12 00:20:07,A_VALIDATION_PIPELINE_V1,SPY,plan_skipped,CHOP,CHOP,OFF,alpha_mode_off,0.3349,2.0,True,,SELL,,
2026-03-12 00:20:12,A_VALIDATION_PIPELINE_V1,SPY,rejection_reason,CHOP,CHOP,OFF,alpha_mode_off,0.3349,2.0,True,,SELL,,
2026-03-12 00:20:12,A_VALIDATION_PIPELINE_V1,SPY,plan_skipped,CHOP,CHOP,OFF,alpha_mode_off,0.3349,2.0,True,,SELL,,
2026-03-12 00:20:16,A_VALIDATION_PIPELINE_V1,SPY,rejection_reason,CHOP,CHOP,OFF,alpha_mode_off,0.3349,2.0,True,,SELL,,
2026-03-12 00:20:16,A_VALIDATION_PIPELINE_V1,SPY,plan_skipped,CHOP,CHOP,OFF,alpha_mode_off,0.3349,2.0,True,,SELL,,
2026-03-12 00:20:21,A_VALIDATION_PIPELINE_V1,SPY,rejection_reason,CHOP,CHOP,OFF,alpha_mode_off,0.3349,2.0,True,,SELL,,
2026-03-12 00:20:21,A_VALIDATION_PIPELINE_V1,SPY,plan_skipped,CHOP,CHOP,OFF,alpha_mode_off,0.3349,2.0,True,,SELL,,
2026-03-12 00:20:25,A_VALIDATION_PIPELINE_V1,SPY,rejection_reason,CHOP,CHOP,OFF,alpha_mode_off,0.3349,2.0,True,,SELL,,
2026-03-12 00:20:25,A_VALIDATION_PIPELINE_V1,SPY,plan_skipped,CHOP,CHOP,OFF,alpha_mode_off,0.3349,2.0,True,,SELL,,
2026-03-12 00:20:30,A_VALIDATION_PIPELINE_V1,SPY,rejection_reason,CHOP,CHOP,OFF,alpha_mode_off,0.3349,2.0,True,,SELL,,
2026-03-12 00:20:30,A_VALIDATION_PIPELINE_V1,SPY,plan_skipped,CHOP,CHOP,OFF,alpha_mode_off,0.3349,2.0,True,,SELL,,
2026-03-12 00:20:34,A_VALIDATION_PIPELINE_V1,SPY,rejection_reason,CHOP,CHOP,OFF,alpha_mode_off,0.3349,2.0,True,,SELL,,
2026-03-12 00:20:34,A_VALIDATION_PIPELINE_V1,SPY,plan_skipped,CHOP,CHOP,OFF,alpha_mode_off,0.3349,2.0,True,,SELL,,
2026-03-12 00:20:39,A_VALIDATION_PIPELINE_V1,SPY,rejection_reason,CHOP,CHOP,OFF,alpha_mode_off,0.3349,2.0,True,,SELL,,
2026-03-12 00:20:39,A_VALIDATION_PIPELINE_V1,SPY,plan_skipped,CHOP,CHOP,OFF,alpha_mode_off,0.3349,2.0,True,,SELL,,
2026-03-12 00:20:43,A_VALIDATION_PIPELINE_V1,SPY,rejection_reason,CHOP,CHOP,OFF,alpha_mode_off,0.3349,2.0,True,,SELL,,
2026-03-12 00:20:43,A_VALIDATION_PIPELINE_V1,SPY,plan_skipped,CHOP,CHOP,OFF,alpha_mode_off,0.3349,2.0,True,,SELL,,
2026-03-12 00:20:48,A_VALIDATION_PIPELINE_V1,SPY,rejection_reason,CHOP,CHOP,OFF,alpha_mode_off,0.3349,2.0,True,,SELL,,
2026-03-12 00:20:48,A_VALIDATION_PIPELINE_V1,SPY,plan_skipped,CHOP,CHOP,OFF,alpha_mode_off,0.3349,2.0,True,,SELL,,
2026-03-12 00:20:52,A_VALIDATION_PIPELINE_V1,SPY,rejection_reason,CHOP,CHOP,OFF,alpha_mode_off,0.3349,2.0,True,,SELL,,
2026-03-12 00:20:52,A_VALIDATION_PIPELINE_V1,SPY,plan_skipped,CHOP,CHOP,OFF,alpha_mode_off,0.3349,2.0,True,,SELL,,
2026-03-12 00:20:56,A_VALIDATION_PIPELINE_V1,SPY,rejection_reason,CHOP,CHOP,OFF,alpha_mode_off,0.3349,2.0,True,,SELL,,
2026-03-12 00:20:56,A_VALIDATION_PIPELINE_V1,SPY,plan_skipped,CHOP,CHOP,OFF,alpha_mode_off,0.3349,2.0,True,,SELL,,
2026-03-12 00:21:01,A_VALIDATION_PIPELINE_V1,SPY,rejection_reason,CHOP,CHOP,OFF,alpha_mode_off,0.3349,2.0,True,,SELL,,
2026-03-12 00:21:01,A_VALIDATION_PIPELINE_V1,SPY,plan_skipped,CHOP,CHOP,OFF,alpha_mode_off,0.3349,2.0,True,,SELL,,
2026-03-12 00:21:05,A_VALIDATION_PIPELINE_V1,SPY,rejection_reason,CHOP,CHOP,OFF,alpha_mode_off,0.3349,2.0,True,,SELL,,
2026-03-12 00:21:05,A_VALIDATION_PIPELINE_V1,SPY,plan_skipped,CHOP,CHOP,OFF,alpha_mode_off,0.3349,2.0,True,,SELL,,
2026-03-12 00:21:10,A_VALIDATION_PIPELINE_V1,SPY,rejection_reason,CHOP,CHOP,OFF,alpha_mode_off,0.3349,2.0,True,,SELL,,
2026-03-12 00:21:10,A_VALIDATION_PIPELINE_V1,SPY,plan_skipped,CHOP,CHOP,OFF,alpha_mode_off,0.3349,2.0,True,,SELL,,
2026-03-12 00:21:15,A_VALIDATION_PIPELINE_V1,SPY,rejection_reason,CHOP,CHOP,OFF,alpha_mode_off,0.3349,2.0,True,,SELL,,
2026-03-12 00:21:15,A_VALIDATION_PIPELINE_V1,SPY,plan_skipped,CHOP,CHOP,OFF,alpha_mode_off,0.3349,2.0,True,,SELL,,
2026-03-12 00:21:19,A_VALIDATION_PIPELINE_V1,SPY,rejection_reason,CHOP,CHOP,OFF,alpha_mode_off,0.3349,2.0,True,,SELL,,
2026-03-12 00:21:19,A_VALIDATION_PIPELINE_V1,SPY,plan_skipped,CHOP,CHOP,OFF,alpha_mode_off,0.3349,2.0,True,,SELL,,
2026-03-12 00:21:24,A_VALIDATION_PIPELINE_V1,SPY,rejection_reason,CHOP,CHOP,OFF,alpha_mode_off,0.3349,2.0,True,,SELL,,
2026-03-12 00:21:24,A_VALIDATION_PIPELINE_V1,SPY,plan_skipped,CHOP,CHOP,OFF,alpha_mode_off,0.3349,2.0,True,,SELL,,
2026-03-12 00:21:28,A_VALIDATION_PIPELINE_V1,SPY,rejection_reason,CHOP,CHOP,OFF,alpha_mode_off,0.3349,2.0,True,,SELL,,
2026-03-12 00:21:28,A_VALIDATION_PIPELINE_V1,SPY,plan_skipped,CHOP,CHOP,OFF,alpha_mode_off,0.3349,2.0,True,,SELL,,
2026-03-12 00:21:33,A_VALIDATION_PIPELINE_V1,SPY,rejection_reason,CHOP,CHOP,OFF,alpha_mode_off,0.3349,2.0,True,,SELL,,
2026-03-12 00:21:33,A_VALIDATION_PIPELINE_V1,SPY,plan_skipped,CHOP,CHOP,OFF,alpha_mode_off,0.3349,2.0,True,,SELL,,
2026-03-12 00:21:38,A_VALIDATION_PIPELINE_V1,SPY,rejection_reason,CHOP,CHOP,OFF,alpha_mode_off,0.3349,2.0,True,,SELL,,
2026-03-12 00:21:38,A_VALIDATION_PIPELINE_V1,SPY,plan_skipped,CHOP,CHOP,OFF,alpha_mode_off,0.3349,2.0,True,,SELL,,
2026-03-12 00:21:42,A_VALIDATION_PIPELINE_V1,SPY,rejection_reason,CHOP,CHOP,OFF,alpha_mode_off,0.3349,2.0,True,,SELL,,
2026-03-12 00:21:42,A_VALIDATION_PIPELINE_V1,SPY,plan_skipped,CHOP,CHOP,OFF,alpha_mode_off,0.3349,2.0,True,,SELL,,
2026-03-12 00:21:47,A_VALIDATION_PIPELINE_V1,SPY,rejection_reason,CHOP,CHOP,OFF,alpha_mode_off,0.3349,2.0,True,,SELL,,
2026-03-12 00:21:47,A_VALIDATION_PIPELINE_V1,SPY,plan_skipped,CHOP,CHOP,OFF,alpha_mode_off,0.3349,2.0,True,,SELL,,
2026-03-12 00:21:51,A_VALIDATION_PIPELINE_V1,SPY,rejection_reason,CHOP,CHOP,OFF,alpha_mode_off,0.3349,2.0,True,,SELL,,
2026-03-12 00:21:51,A_VALIDATION_PIPELINE_V1,SPY,plan_skipped,CHOP,CHOP,OFF,alpha_mode_off,0.3349,2.0,True,,SELL,,
2026-03-12 00:21:56,A_VALIDATION_PIPELINE_V1,SPY,rejection_reason,CHOP,CHOP,OFF,alpha_mode_off,0.3349,2.0,True,,SELL,,
2026-03-12 00:21:56,A_VALIDATION_PIPELINE_V1,SPY,plan_skipped,CHOP,CHOP,OFF,alpha_mode_off,0.3349,2.0,True,,SELL,,
2026-03-12 00:22:00,A_VALIDATION_PIPELINE_V1,SPY,rejection_reason,CHOP,CHOP,OFF,alpha_mode_off,0.3349,2.0,True,,SELL,,
2026-03-12 00:22:00,A_VALIDATION_PIPELINE_V1,SPY,plan_skipped,CHOP,CHOP,OFF,alpha_mode_off,0.3349,2.0,True,,SELL,,
2026-03-12 00:22:04,A_VALIDATION_PIPELINE_V1,SPY,rejection_reason,CHOP,CHOP,OFF,alpha_mode_off,0.3349,2.0,True,,SELL,,
2026-03-12 00:22:04,A_VALIDATION_PIPELINE_V1,SPY,plan_skipped,CHOP,CHOP,OFF,alpha_mode_off,0.3349,2.0,True,,SELL,,
2026-03-12 00:22:09,A_VALIDATION_PIPELINE_V1,SPY,rejection_reason,CHOP,CHOP,OFF,alpha_mode_off,0.3349,2.0,True,,SELL,,
2026-03-12 00:22:09,A_VALIDATION_PIPELINE_V1,SPY,plan_skipped,CHOP,CHOP,OFF,alpha_mode_off,0.3349,2.0,True,,SELL,,
2026-03-12 00:22:13,A_VALIDATION_PIPELINE_V1,SPY,rejection_reason,CHOP,CHOP,OFF,alpha_mode_off,0.3349,2.0,True,,SELL,,
2026-03-12 00:22:13,A_VALIDATION_PIPELINE_V1,SPY,plan_skipped,CHOP,CHOP,OFF,alpha_mode_off,0.3349,2.0,True,,SELL,,
2026-03-12 00:22:18,A_VALIDATION_PIPELINE_V1,SPY,rejection_reason,CHOP,CHOP,OFF,alpha_mode_off,0.3349,2.0,True,,SELL,,
2026-03-12 00:22:18,A_VALIDATION_PIPELINE_V1,SPY,plan_skipped,CHOP,CHOP,OFF,alpha_mode_off,0.3349,2.0,True,,SELL,,
2026-03-12 00:22:22,A_VALIDATION_PIPELINE_V1,SPY,rejection_reason,CHOP,CHOP,OFF,alpha_mode_off,0.3349,2.0,True,,SELL,,
2026-03-12 00:22:22,A_VALIDATION_PIPELINE_V1,SPY,plan_skipped,CHOP,CHOP,OFF,alpha_mode_off,0.3349,2.0,True,,SELL,,
2026-03-12 00:22:27,A_VALIDATION_PIPELINE_V1,SPY,rejection_reason,CHOP,CHOP,OFF,alpha_mode_off,0.3349,2.0,True,,SELL,,
2026-03-12 00:22:27,A_VALIDATION_PIPELINE_V1,SPY,plan_skipped,CHOP,CHOP,OFF,alpha_mode_off,0.3349,2.0,True,,SELL,,
2026-03-12 00:22:31,A_VALIDATION_PIPELINE_V1,SPY,rejection_reason,CHOP,CHOP,OFF,alpha_mode_off,0.3349,2.0,True,,SELL,,
2026-03-12 00:22:31,A_VALIDATION_PIPELINE_V1,SPY,plan_skipped,CHOP,CHOP,OFF,alpha_mode_off,0.3349,2.0,True,,SELL,,
2026-03-12 00:22:35,A_VALIDATION_PIPELINE_V1,SPY,rejection_reason,CHOP,CHOP,OFF,alpha_mode_off,0.3349,2.0,True,,SELL,,
2026-03-12 00:22:35,A_VALIDATION_PIPELINE_V1,SPY,plan_skipped,CHOP,CHOP,OFF,alpha_mode_off,0.3349,2.0,True,,SELL,,
2026-03-12 00:22:40,A_VALIDATION_PIPELINE_V1,SPY,rejection_reason,CHOP,CHOP,OFF,alpha_mode_off,0.3349,2.0,True,,SELL,,
2026-03-12 00:22:40,A_VALIDATION_PIPELINE_V1,SPY,plan_skipped,CHOP,CHOP,OFF,alpha_mode_off,0.3349,2.0,True,,SELL,,
2026-03-12 00:22:44,A_VALIDATION_PIPELINE_V1,SPY,rejection_reason,CHOP,CHOP,OFF,alpha_mode_off,0.3349,2.0,True,,SELL,,
2026-03-12 00:22:44,A_VALIDATION_PIPELINE_V1,SPY,plan_skipped,CHOP,CHOP,OFF,alpha_mode_off,0.3349,2.0,True,,SELL,,
2026-03-12 00:22:49,A_VALIDATION_PIPELINE_V1,SPY,rejection_reason,CHOP,CHOP,OFF,alpha_mode_off,0.3349,2.0,True,,SELL,,
2026-03-12 00:22:49,A_VALIDATION_PIPELINE_V1,SPY,plan_skipped,CHOP,CHOP,OFF,alpha_mode_off,0.3349,2.0,True,,SELL,,
2026-03-12 00:22:53,A_VALIDATION_PIPELINE_V1,SPY,rejection_reason,CHOP,CHOP,OFF,alpha_mode_off,0.3349,2.0,True,,SELL,,
2026-03-12 00:22:53,A_VALIDATION_PIPELINE_V1,SPY,plan_skipped,CHOP,CHOP,OFF,alpha_mode_off,0.3349,2.0,True,,SELL,,
2026-03-12 00:22:58,A_VALIDATION_PIPELINE_V1,SPY,rejection_reason,CHOP,CHOP,OFF,alpha_mode_off,0.3349,2.0,True,,SELL,,
2026-03-12 00:22:58,A_VALIDATION_PIPELINE_V1,SPY,plan_skipped,CHOP,CHOP,OFF,alpha_mode_off,0.3349,2.0,True,,SELL,,
2026-03-12 00:23:02,A_VALIDATION_PIPELINE_V1,SPY,rejection_reason,CHOP,CHOP,OFF,alpha_mode_off,0.3349,2.0,True,,SELL,,
2026-03-12 00:23:02,A_VALIDATION_PIPELINE_V1,SPY,plan_skipped,CHOP,CHOP,OFF,alpha_mode_off,0.3349,2.0,True,,SELL,,
2026-03-12 00:23:07,A_VALIDATION_PIPELINE_V1,SPY,rejection_reason,CHOP,CHOP,OFF,alpha_mode_off,0.3349,2.0,True,,SELL,,
2026-03-12 00:23:07,A_VALIDATION_PIPELINE_V1,SPY,plan_skipped,CHOP,CHOP,OFF,alpha_mode_off,0.3349,2.0,True,,SELL,,
2026-03-12 00:23:11,A_VALIDATION_PIPELINE_V1,SPY,rejection_reason,CHOP,CHOP,OFF,alpha_mode_off,0.3349,2.0,True,,SELL,,
2026-03-12 00:23:11,A_VALIDATION_PIPELINE_V1,SPY,plan_skipped,CHOP,CHOP,OFF,alpha_mode_off,0.3349,2.0,True,,SELL,,
2026-03-12 00:23:16,A_VALIDATION_PIPELINE_V1,SPY,rejection_reason,CHOP,CHOP,OFF,alpha_mode_off,0.3349,2.0,True,,SELL,,
2026-03-12 00:23:16,A_VALIDATION_PIPELINE_V1,SPY,plan_skipped,CHOP,CHOP,OFF,alpha_mode_off,0.3349,2.0,True,,SELL,,
2026-03-12 00:23:21,A_VALIDATION_PIPELINE_V1,SPY,rejection_reason,CHOP,CHOP,OFF,alpha_mode_off,0.3349,2.0,True,,SELL,,
2026-03-12 00:23:21,A_VALIDATION_PIPELINE_V1,SPY,plan_skipped,CHOP,CHOP,OFF,alpha_mode_off,0.3349,2.0,True,,SELL,,
2026-03-12 00:23:25,A_VALIDATION_PIPELINE_V1,SPY,rejection_reason,CHOP,CHOP,OFF,alpha_mode_off,0.3349,2.0,True,,SELL,,
2026-03-12 00:23:25,A_VALIDATION_PIPELINE_V1,SPY,plan_skipped,CHOP,CHOP,OFF,alpha_mode_off,0.3349,2.0,True,,SELL,,
2026-03-12 00:23:30,A_VALIDATION_PIPELINE_V1,SPY,rejection_reason,CHOP,CHOP,OFF,alpha_mode_off,0.3349,2.0,True,,SELL,,
2026-03-12 00:23:30,A_VALIDATION_PIPELINE_V1,SPY,plan_skipped,CHOP,CHOP,OFF,alpha_mode_off,0.3349,2.0,True,,SELL,,
2026-03-12 00:23:34,A_VALIDATION_PIPELINE_V1,SPY,rejection_reason,CHOP,CHOP,OFF,alpha_mode_off,0.3349,2.0,True,,SELL,,
2026-03-12 00:23:34,A_VALIDATION_PIPELINE_V1,SPY,plan_skipped,CHOP,CHOP,OFF,alpha_mode_off,0.3349,2.0,True,,SELL,,
2026-03-12 00:23:39,A_VALIDATION_PIPELINE_V1,SPY,rejection_reason,CHOP,CHOP,OFF,alpha_mode_off,0.3349,2.0,True,,SELL,,
2026-03-12 00:23:39,A_VALIDATION_PIPELINE_V1,SPY,plan_skipped,CHOP,CHOP,OFF,alpha_mode_off,0.3349,2.0,True,,SELL,,
2026-03-12 00:23:43,A_VALIDATION_PIPELINE_V1,SPY,rejection_reason,CHOP,CHOP,OFF,alpha_mode_off,0.3349,2.0,True,,SELL,,
2026-03-12 00:23:43,A_VALIDATION_PIPELINE_V1,SPY,plan_skipped,CHOP,CHOP,OFF,alpha_mode_off,0.3349,2.0,True,,SELL,,
2026-03-12 00:23:48,A_VALIDATION_PIPELINE_V1,SPY,rejection_reason,CHOP,CHOP,OFF,alpha_mode_off,0.3349,2.0,True,,SELL,,
2026-03-12 00:23:48,A_VALIDATION_PIPELINE_V1,SPY,plan_skipped,CHOP,CHOP,OFF,alpha_mode_off,0.3349,2.0,True,,SELL,,
2026-03-12 00:23:52,A_VALIDATION_PIPELINE_V1,SPY,rejection_reason,CHOP,CHOP,OFF,alpha_mode_off,0.3349,2.0,True,,SELL,,
2026-03-12 00:23:52,A_VALIDATION_PIPELINE_V1,SPY,plan_skipped,CHOP,CHOP,OFF,alpha_mode_off,0.3349,2.0,True,,SELL,,
2026-03-12 00:23:57,A_VALIDATION_PIPELINE_V1,SPY,rejection_reason,CHOP,CHOP,OFF,alpha_mode_off,0.3349,2.0,True,,SELL,,
2026-03-12 00:23:57,A_VALIDATION_PIPELINE_V1,SPY,plan_skipped,CHOP,CHOP,OFF,alpha_mode_off,0.3349,2.0,True,,SELL,,
2026-03-12 00:24:01,A_VALIDATION_PIPELINE_V1,SPY,rejection_reason,CHOP,CHOP,OFF,alpha_mode_off,0.3349,2.0,True,,SELL,,
2026-03-12 00:24:01,A_VALIDATION_PIPELINE_V1,SPY,plan_skipped,CHOP,CHOP,OFF,alpha_mode_off,0.3349,2.0,True,,SELL,,
2026-03-12 00:24:06,A_VALIDATION_PIPELINE_V1,SPY,rejection_reason,CHOP,CHOP,OFF,alpha_mode_off,0.3349,2.0,True,,SELL,,
2026-03-12 00:24:06,A_VALIDATION_PIPELINE_V1,SPY,plan_skipped,CHOP,CHOP,OFF,alpha_mode_off,0.3349,2.0,True,,SELL,,
2026-03-12 00:24:10,A_VALIDATION_PIPELINE_V1,SPY,rejection_reason,CHOP,CHOP,OFF,alpha_mode_off,0.3349,2.0,True,,SELL,,
2026-03-12 00:24:10,A_VALIDATION_PIPELINE_V1,SPY,plan_skipped,CHOP,CHOP,OFF,alpha_mode_off,0.3349,2.0,True,,SELL,,
2026-03-12 00:24:14,A_VALIDATION_PIPELINE_V1,SPY,rejection_reason,CHOP,CHOP,OFF,alpha_mode_off,0.3349,2.0,True,,SELL,,
2026-03-12 00:24:14,A_VALIDATION_PIPELINE_V1,SPY,plan_skipped,CHOP,CHOP,OFF,alpha_mode_off,0.3349,2.0,True,,SELL,,
2026-03-12 00:24:19,A_VALIDATION_PIPELINE_V1,SPY,rejection_reason,CHOP,CHOP,OFF,alpha_mode_off,0.3349,2.0,True,,SELL,,
2026-03-12 00:24:19,A_VALIDATION_PIPELINE_V1,SPY,plan_skipped,CHOP,CHOP,OFF,alpha_mode_off,0.3349,2.0,True,,SELL,,
2026-03-12 00:24:23,A_VALIDATION_PIPELINE_V1,SPY,rejection_reason,CHOP,CHOP,OFF,alpha_mode_off,0.3349,2.0,True,,SELL,,
2026-03-12 00:24:23,A_VALIDATION_PIPELINE_V1,SPY,plan_skipped,CHOP,CHOP,OFF,alpha_mode_off,0.3349,2.0,True,,SELL,,
2026-03-12 00:24:28,A_VALIDATION_PIPELINE_V1,SPY,rejection_reason,CHOP,CHOP,OFF,alpha_mode_off,0.3349,2.0,True,,SELL,,
2026-03-12 00:24:28,A_VALIDATION_PIPELINE_V1,SPY,plan_skipped,CHOP,CHOP,OFF,alpha_mode_off,0.3349,2.0,True,,SELL,,
2026-03-12 00:24:32,A_VALIDATION_PIPELINE_V1,SPY,rejection_reason,CHOP,CHOP,OFF,alpha_mode_off,0.3349,2.0,True,,SELL,,
2026-03-12 00:24:32,A_VALIDATION_PIPELINE_V1,SPY,plan_skipped,CHOP,CHOP,OFF,alpha_mode_off,0.3349,2.0,True,,SELL,,
2026-03-12 00:24:37,A_VALIDATION_PIPELINE_V1,SPY,rejection_reason,CHOP,CHOP,OFF,alpha_mode_off,0.3349,2.0,True,,SELL,,
2026-03-12 00:24:37,A_VALIDATION_PIPELINE_V1,SPY,plan_skipped,CHOP,CHOP,OFF,alpha_mode_off,0.3349,2.0,True,,SELL,,
2026-03-12 00:24:41,A_VALIDATION_PIPELINE_V1,SPY,rejection_reason,CHOP,CHOP,OFF,alpha_mode_off,0.3349,2.0,True,,SELL,,
2026-03-12 00:24:41,A_VALIDATION_PIPELINE_V1,SPY,plan_skipped,CHOP,CHOP,OFF,alpha_mode_off,0.3349,2.0,True,,SELL,,
2026-03-12 00:24:46,A_VALIDATION_PIPELINE_V1,SPY,rejection_reason,CHOP,CHOP,OFF,alpha_mode_off,0.3349,2.0,True,,SELL,,
2026-03-12 00:24:46,A_VALIDATION_PIPELINE_V1,SPY,plan_skipped,CHOP,CHOP,OFF,alpha_mode_off,0.3349,2.0,True,,SELL,,
2026-03-12 00:24:50,A_VALIDATION_PIPELINE_V1,SPY,rejection_reason,CHOP,CHOP,OFF,alpha_mode_off,0.3349,2.0,True,,SELL,,
2026-03-12 00:24:50,A_VALIDATION_PIPELINE_V1,SPY,plan_skipped,CHOP,CHOP,OFF,alpha_mode_off,0.3349,2.0,True,,SELL,,
2026-03-12 00:24:55,A_VALIDATION_PIPELINE_V1,SPY,rejection_reason,CHOP,CHOP,OFF,alpha_mode_off,0.3349,2.0,True,,SELL,,
2026-03-12 00:24:55,A_VALIDATION_PIPELINE_V1,SPY,plan_skipped,CHOP,CHOP,OFF,alpha_mode_off,0.3349,2.0,True,,SELL,,
2026-03-12 00:24:59,A_VALIDATION_PIPELINE_V1,SPY,rejection_reason,CHOP,CHOP,OFF,alpha_mode_off,0.3349,2.0,True,,SELL,,
2026-03-12 00:24:59,A_VALIDATION_PIPELINE_V1,SPY,plan_skipped,CHOP,CHOP,OFF,alpha_mode_off,0.3349,2.0,True,,SELL,,
2026-03-12 00:25:03,A_VALIDATION_PIPELINE_V1,SPY,rejection_reason,CHOP,CHOP,OFF,alpha_mode_off,0.3349,2.0,True,,SELL,,
2026-03-12 00:25:03,A_VALIDATION_PIPELINE_V1,SPY,plan_skipped,CHOP,CHOP,OFF,alpha_mode_off,0.3349,2.0,True,,SELL,,
2026-03-12 00:25:08,A_VALIDATION_PIPELINE_V1,SPY,rejection_reason,CHOP,CHOP,OFF,alpha_mode_off,0.3349,2.0,True,,SELL,,
2026-03-12 00:25:08,A_VALIDATION_PIPELINE_V1,SPY,plan_skipped,CHOP,CHOP,OFF,alpha_mode_off,0.3349,2.0,True,,SELL,,
2026-03-12 00:25:12,A_VALIDATION_PIPELINE_V1,SPY,rejection_reason,CHOP,CHOP,OFF,alpha_mode_off,0.3349,2.0,True,,SELL,,
2026-03-12 00:25:12,A_VALIDATION_PIPELINE_V1,SPY,plan_skipped,CHOP,CHOP,OFF,alpha_mode_off,0.3349,2.0,True,,SELL,,
2026-03-12 00:25:17,A_VALIDATION_PIPELINE_V1,SPY,rejection_reason,CHOP,CHOP,OFF,alpha_mode_off,0.3349,2.0,True,,SELL,,
2026-03-12 00:25:17,A_VALIDATION_PIPELINE_V1,SPY,plan_skipped,CHOP,CHOP,OFF,alpha_mode_off,0.3349,2.0,True,,SELL,,
2026-03-12 00:25:21,A_VALIDATION_PIPELINE_V1,SPY,rejection_reason,CHOP,CHOP,OFF,alpha_mode_off,0.3349,2.0,True,,SELL,,
2026-03-12 00:25:21,A_VALIDATION_PIPELINE_V1,SPY,plan_skipped,CHOP,CHOP,OFF,alpha_mode_off,0.3349,2.0,True,,SELL,,
2026-03-12 00:25:26,A_VALIDATION_PIPELINE_V1,SPY,rejection_reason,CHOP,CHOP,OFF,alpha_mode_off,0.3349,2.0,True,,SELL,,
2026-03-12 00:25:26,A_VALIDATION_PIPELINE_V1,SPY,plan_skipped,CHOP,CHOP,OFF,alpha_mode_off,0.3349,2.0,True,,SELL,,
2026-03-12 00:25:30,A_VALIDATION_PIPELINE_V1,SPY,rejection_reason,CHOP,CHOP,OFF,alpha_mode_off,0.3349,2.0,True,,SELL,,
2026-03-12 00:25:30,A_VALIDATION_PIPELINE_V1,SPY,plan_skipped,CHOP,CHOP,OFF,alpha_mode_off,0.3349,2.0,True,,SELL,,
2026-03-12 00:25:35,A_VALIDATION_PIPELINE_V1,SPY,rejection_reason,CHOP,CHOP,OFF,alpha_mode_off,0.3349,2.0,True,,SELL,,
2026-03-12 00:25:35,A_VALIDATION_PIPELINE_V1,SPY,plan_skipped,CHOP,CHOP,OFF,alpha_mode_off,0.3349,2.0,True,,SELL,,
2026-03-12 00:25:39,A_VALIDATION_PIPELINE_V1,SPY,rejection_reason,CHOP,CHOP,OFF,alpha_mode_off,0.3349,2.0,True,,SELL,,
2026-03-12 00:25:39,A_VALIDATION_PIPELINE_V1,SPY,plan_skipped,CHOP,CHOP,OFF,alpha_mode_off,0.3349,2.0,True,,SELL,,
2026-03-12 00:25:44,A_VALIDATION_PIPELINE_V1,SPY,rejection_reason,CHOP,CHOP,OFF,alpha_mode_off,0.3349,2.0,True,,SELL,,
2026-03-12 00:25:44,A_VALIDATION_PIPELINE_V1,SPY,plan_skipped,CHOP,CHOP,OFF,alpha_mode_off,0.3349,2.0,True,,SELL,,
2026-03-12 00:25:48,A_VALIDATION_PIPELINE_V1,SPY,rejection_reason,CHOP,CHOP,OFF,alpha_mode_off,0.3349,2.0,True,,SELL,,
2026-03-12 00:25:48,A_VALIDATION_PIPELINE_V1,SPY,plan_skipped,CHOP,CHOP,OFF,alpha_mode_off,0.3349,2.0,True,,SELL,,
2026-03-12 00:25:52,A_VALIDATION_PIPELINE_V1,SPY,rejection_reason,CHOP,CHOP,OFF,alpha_mode_off,0.3349,2.0,True,,SELL,,
2026-03-12 00:25:52,A_VALIDATION_PIPELINE_V1,SPY,plan_skipped,CHOP,CHOP,OFF,alpha_mode_off,0.3349,2.0,True,,SELL,,
2026-03-12 00:25:57,A_VALIDATION_PIPELINE_V1,SPY,rejection_reason,CHOP,CHOP,OFF,alpha_mode_off,0.3349,2.0,True,,SELL,,
2026-03-12 00:25:57,A_VALIDATION_PIPELINE_V1,SPY,plan_skipped,CHOP,CHOP,OFF,alpha_mode_off,0.3349,2.0,True,,SELL,,
2026-03-12 00:26:01,A_VALIDATION_PIPELINE_V1,SPY,rejection_reason,CHOP,CHOP,OFF,alpha_mode_off,0.3349,2.0,True,,SELL,,
2026-03-12 00:26:01,A_VALIDATION_PIPELINE_V1,SPY,plan_skipped,CHOP,CHOP,OFF,alpha_mode_off,0.3349,2.0,True,,SELL,,
2026-03-12 00:26:06,A_VALIDATION_PIPELINE_V1,SPY,rejection_reason,CHOP,CHOP,OFF,alpha_mode_off,0.3349,2.0,True,,SELL,,
2026-03-12 00:26:06,A_VALIDATION_PIPELINE_V1,SPY,plan_skipped,CHOP,CHOP,OFF,alpha_mode_off,0.3349,2.0,True,,SELL,,
2026-03-12 00:26:10,A_VALIDATION_PIPELINE_V1,SPY,rejection_reason,CHOP,CHOP,OFF,alpha_mode_off,0.3349,2.0,True,,SELL,,
2026-03-12 00:26:10,A_VALIDATION_PIPELINE_V1,SPY,plan_skipped,CHOP,CHOP,OFF,alpha_mode_off,0.3349,2.0,True,,SELL,,
2026-03-12 00:26:15,A_VALIDATION_PIPELINE_V1,SPY,rejection_reason,CHOP,CHOP,OFF,alpha_mode_off,0.3349,2.0,True,,SELL,,
2026-03-12 00:26:15,A_VALIDATION_PIPELINE_V1,SPY,plan_skipped,CHOP,CHOP,OFF,alpha_mode_off,0.3349,2.0,True,,SELL,,
2026-03-12 00:26:19,A_VALIDATION_PIPELINE_V1,SPY,rejection_reason,CHOP,CHOP,OFF,alpha_mode_off,0.3349,2.0,True,,SELL,,
2026-03-12 00:26:19,A_VALIDATION_PIPELINE_V1,SPY,plan_skipped,CHOP,CHOP,OFF,alpha_mode_off,0.3349,2.0,True,,SELL,,
2026-03-12 00:26:24,A_VALIDATION_PIPELINE_V1,SPY,rejection_reason,CHOP,CHOP,OFF,alpha_mode_off,0.3349,2.0,True,,SELL,,
2026-03-12 00:26:24,A_VALIDATION_PIPELINE_V1,SPY,plan_skipped,CHOP,CHOP,OFF,alpha_mode_off,0.3349,2.0,True,,SELL,,
2026-03-12 00:26:28,A_VALIDATION_PIPELINE_V1,SPY,rejection_reason,CHOP,CHOP,OFF,alpha_mode_off,0.3349,2.0,True,,SELL,,
2026-03-12 00:26:28,A_VALIDATION_PIPELINE_V1,SPY,plan_skipped,CHOP,CHOP,OFF,alpha_mode_off,0.3349,2.0,True,,SELL,,
2026-03-12 00:26:33,A_VALIDATION_PIPELINE_V1,SPY,rejection_reason,CHOP,CHOP,OFF,alpha_mode_off,0.3349,2.0,True,,SELL,,
2026-03-12 00:26:33,A_VALIDATION_PIPELINE_V1,SPY,plan_skipped,CHOP,CHOP,OFF,alpha_mode_off,0.3349,2.0,True,,SELL,,
2026-03-12 00:26:37,A_VALIDATION_PIPELINE_V1,SPY,rejection_reason,CHOP,CHOP,OFF,alpha_mode_off,0.3349,2.0,True,,SELL,,
2026-03-12 00:26:37,A_VALIDATION_PIPELINE_V1,SPY,plan_skipped,CHOP,CHOP,OFF,alpha_mode_off,0.3349,2.0,True,,SELL,,
2026-03-12 00:26:41,A_VALIDATION_PIPELINE_V1,SPY,rejection_reason,CHOP,CHOP,OFF,alpha_mode_off,0.3349,2.0,True,,SELL,,
2026-03-12 00:26:41,A_VALIDATION_PIPELINE_V1,SPY,plan_skipped,CHOP,CHOP,OFF,alpha_mode_off,0.3349,2.0,True,,SELL,,
2026-03-12 00:26:46,A_VALIDATION_PIPELINE_V1,SPY,rejection_reason,CHOP,CHOP,OFF,alpha_mode_off,0.3349,2.0,True,,SELL,,
2026-03-12 00:26:46,A_VALIDATION_PIPELINE_V1,SPY,plan_skipped,CHOP,CHOP,OFF,alpha_mode_off,0.3349,2.0,True,,SELL,,
2026-03-12 00:26:50,A_VALIDATION_PIPELINE_V1,SPY,rejection_reason,CHOP,CHOP,OFF,alpha_mode_off,0.3349,2.0,True,,SELL,,
2026-03-12 00:26:50,A_VALIDATION_PIPELINE_V1,SPY,plan_skipped,CHOP,CHOP,OFF,alpha_mode_off,0.3349,2.0,True,,SELL,,
2026-03-12 00:26:55,A_VALIDATION_PIPELINE_V1,SPY,rejection_reason,CHOP,CHOP,OFF,alpha_mode_off,0.3349,2.0,True,,SELL,,
2026-03-12 00:26:55,A_VALIDATION_PIPELINE_V1,SPY,plan_skipped,CHOP,CHOP,OFF,alpha_mode_off,0.3349,2.0,True,,SELL,,
2026-03-12 00:26:59,A_VALIDATION_PIPELINE_V1,SPY,rejection_reason,CHOP,CHOP,OFF,alpha_mode_off,0.3349,2.0,True,,SELL,,
2026-03-12 00:26:59,A_VALIDATION_PIPELINE_V1,SPY,plan_skipped,CHOP,CHOP,OFF,alpha_mode_off,0.3349,2.0,True,,SELL,,
2026-03-12 00:27:04,A_VALIDATION_PIPELINE_V1,SPY,rejection_reason,CHOP,CHOP,OFF,alpha_mode_off,0.3349,2.0,True,,SELL,,
2026-03-12 00:27:04,A_VALIDATION_PIPELINE_V1,SPY,plan_skipped,CHOP,CHOP,OFF,alpha_mode_off,0.3349,2.0,True,,SELL,,
2026-03-12 00:27:08,A_VALIDATION_PIPELINE_V1,SPY,rejection_reason,CHOP,CHOP,OFF,alpha_mode_off,0.3349,2.0,True,,SELL,,
2026-03-12 00:27:08,A_VALIDATION_PIPELINE_V1,SPY,plan_skipped,CHOP,CHOP,OFF,alpha_mode_off,0.3349,2.0,True,,SELL,,
2026-03-12 00:27:13,A_VALIDATION_PIPELINE_V1,SPY,rejection_reason,CHOP,CHOP,OFF,alpha_mode_off,0.3349,2.0,True,,SELL,,
2026-03-12 00:27:13,A_VALIDATION_PIPELINE_V1,SPY,plan_skipped,CHOP,CHOP,OFF,alpha_mode_off,0.3349,2.0,True,,SELL,,
2026-03-12 00:27:17,A_VALIDATION_PIPELINE_V1,SPY,rejection_reason,CHOP,CHOP,OFF,alpha_mode_off,0.3349,2.0,True,,SELL,,
2026-03-12 00:27:17,A_VALIDATION_PIPELINE_V1,SPY,plan_skipped,CHOP,CHOP,OFF,alpha_mode_off,0.3349,2.0,True,,SELL,,
2026-03-12 00:27:22,A_VALIDATION_PIPELINE_V1,SPY,rejection_reason,CHOP,CHOP,OFF,alpha_mode_off,0.3349,2.0,True,,SELL,,
2026-03-12 00:27:22,A_VALIDATION_PIPELINE_V1,SPY,plan_skipped,CHOP,CHOP,OFF,alpha_mode_off,0.3349,2.0,True,,SELL,,
2026-03-12 00:27:26,A_VALIDATION_PIPELINE_V1,SPY,rejection_reason,CHOP,CHOP,OFF,alpha_mode_off,0.3349,2.0,True,,SELL,,
2026-03-12 00:27:26,A_VALIDATION_PIPELINE_V1,SPY,plan_skipped,CHOP,CHOP,OFF,alpha_mode_off,0.3349,2.0,True,,SELL,,
2026-03-12 00:27:31,A_VALIDATION_PIPELINE_V1,SPY,rejection_reason,CHOP,CHOP,OFF,alpha_mode_off,0.3349,2.0,True,,SELL,,
2026-03-12 00:27:31,A_VALIDATION_PIPELINE_V1,SPY,plan_skipped,CHOP,CHOP,OFF,alpha_mode_off,0.3349,2.0,True,,SELL,,
2026-03-12 00:27:35,A_VALIDATION_PIPELINE_V1,SPY,rejection_reason,CHOP,CHOP,OFF,alpha_mode_off,0.3349,2.0,True,,SELL,,
2026-03-12 00:27:35,A_VALIDATION_PIPELINE_V1,SPY,plan_skipped,CHOP,CHOP,OFF,alpha_mode_off,0.3349,2.0,True,,SELL,,
2026-03-12 00:27:39,A_VALIDATION_PIPELINE_V1,SPY,rejection_reason,CHOP,CHOP,OFF,alpha_mode_off,0.3349,2.0,True,,SELL,,
2026-03-12 00:27:39,A_VALIDATION_PIPELINE_V1,SPY,plan_skipped,CHOP,CHOP,OFF,alpha_mode_off,0.3349,2.0,True,,SELL,,
2026-03-12 00:27:44,A_VALIDATION_PIPELINE_V1,SPY,rejection_reason,CHOP,CHOP,OFF,alpha_mode_off,0.3349,2.0,True,,SELL,,
2026-03-12 00:27:44,A_VALIDATION_PIPELINE_V1,SPY,plan_skipped,CHOP,CHOP,OFF,alpha_mode_off,0.3349,2.0,True,,SELL,,
2026-03-12 00:27:48,A_VALIDATION_PIPELINE_V1,SPY,rejection_reason,CHOP,CHOP,OFF,alpha_mode_off,0.3349,2.0,True,,SELL,,
2026-03-12 00:27:48,A_VALIDATION_PIPELINE_V1,SPY,plan_skipped,CHOP,CHOP,OFF,alpha_mode_off,0.3349,2.0,True,,SELL,,
2026-03-12 00:27:53,A_VALIDATION_PIPELINE_V1,SPY,rejection_reason,CHOP,CHOP,OFF,alpha_mode_off,0.3349,2.0,True,,SELL,,
2026-03-12 00:27:53,A_VALIDATION_PIPELINE_V1,SPY,plan_skipped,CHOP,CHOP,OFF,alpha_mode_off,0.3349,2.0,True,,SELL,,
2026-03-12 00:27:57,A_VALIDATION_PIPELINE_V1,SPY,rejection_reason,CHOP,CHOP,OFF,alpha_mode_off,0.3349,2.0,True,,SELL,,
2026-03-12 00:27:57,A_VALIDATION_PIPELINE_V1,SPY,plan_skipped,CHOP,CHOP,OFF,alpha_mode_off,0.3349,2.0,True,,SELL,,
2026-03-12 00:28:02,A_VALIDATION_PIPELINE_V1,SPY,rejection_reason,CHOP,CHOP,OFF,alpha_mode_off,0.3349,2.0,True,,SELL,,
2026-03-12 00:28:02,A_VALIDATION_PIPELINE_V1,SPY,plan_skipped,CHOP,CHOP,OFF,alpha_mode_off,0.3349,2.0,True,,SELL,,
2026-03-12 00:28:06,A_VALIDATION_PIPELINE_V1,SPY,rejection_reason,CHOP,CHOP,OFF,alpha_mode_off,0.3349,2.0,True,,SELL,,
2026-03-12 00:28:06,A_VALIDATION_PIPELINE_V1,SPY,plan_skipped,CHOP,CHOP,OFF,alpha_mode_off,0.3349,2.0,True,,SELL,,
2026-03-12 00:28:11,A_VALIDATION_PIPELINE_V1,SPY,rejection_reason,CHOP,CHOP,OFF,alpha_mode_off,0.3349,2.0,True,,SELL,,
2026-03-12 00:28:11,A_VALIDATION_PIPELINE_V1,SPY,plan_skipped,CHOP,CHOP,OFF,alpha_mode_off,0.3349,2.0,True,,SELL,,
2026-03-12 00:28:15,A_VALIDATION_PIPELINE_V1,SPY,rejection_reason,CHOP,CHOP,OFF,alpha_mode_off,0.3349,2.0,True,,SELL,,
2026-03-12 00:28:15,A_VALIDATION_PIPELINE_V1,SPY,plan_skipped,CHOP,CHOP,OFF,alpha_mode_off,0.3349,2.0,True,,SELL,,
2026-03-12 00:28:19,A_VALIDATION_PIPELINE_V1,SPY,rejection_reason,CHOP,CHOP,OFF,alpha_mode_off,0.3349,2.0,True,,SELL,,
2026-03-12 00:28:19,A_VALIDATION_PIPELINE_V1,SPY,plan_skipped,CHOP,CHOP,OFF,alpha_mode_off,0.3349,2.0,True,,SELL,,
2026-03-12 00:28:24,A_VALIDATION_PIPELINE_V1,SPY,rejection_reason,CHOP,CHOP,OFF,alpha_mode_off,0.3349,2.0,True,,SELL,,
2026-03-12 00:28:24,A_VALIDATION_PIPELINE_V1,SPY,plan_skipped,CHOP,CHOP,OFF,alpha_mode_off,0.3349,2.0,True,,SELL,,
2026-03-12 00:28:28,A_VALIDATION_PIPELINE_V1,SPY,rejection_reason,CHOP,CHOP,OFF,alpha_mode_off,0.3349,2.0,True,,SELL,,
2026-03-12 00:28:28,A_VALIDATION_PIPELINE_V1,SPY,plan_skipped,CHOP,CHOP,OFF,alpha_mode_off,0.3349,2.0,True,,SELL,,
2026-03-12 00:28:33,A_VALIDATION_PIPELINE_V1,SPY,rejection_reason,CHOP,CHOP,OFF,alpha_mode_off,0.3349,2.0,True,,SELL,,
2026-03-12 00:28:33,A_VALIDATION_PIPELINE_V1,SPY,plan_skipped,CHOP,CHOP,OFF,alpha_mode_off,0.3349,2.0,True,,SELL,,
2026-03-12 00:28:37,A_VALIDATION_PIPELINE_V1,SPY,rejection_reason,CHOP,CHOP,OFF,alpha_mode_off,0.3349,2.0,True,,SELL,,
2026-03-12 00:28:37,A_VALIDATION_PIPELINE_V1,SPY,plan_skipped,CHOP,CHOP,OFF,alpha_mode_off,0.3349,2.0,True,,SELL,,
2026-03-12 00:28:42,A_VALIDATION_PIPELINE_V1,SPY,rejection_reason,CHOP,CHOP,OFF,alpha_mode_off,0.3349,2.0,True,,SELL,,
2026-03-12 00:28:42,A_VALIDATION_PIPELINE_V1,SPY,plan_skipped,CHOP,CHOP,OFF,alpha_mode_off,0.3349,2.0,True,,SELL,,
2026-03-12 00:28:46,A_VALIDATION_PIPELINE_V1,SPY,rejection_reason,CHOP,CHOP,OFF,alpha_mode_off,0.3349,2.0,True,,SELL,,
2026-03-12 00:28:46,A_VALIDATION_PIPELINE_V1,SPY,plan_skipped,CHOP,CHOP,OFF,alpha_mode_off,0.3349,2.0,True,,SELL,,
2026-03-12 00:28:51,A_VALIDATION_PIPELINE_V1,SPY,rejection_reason,CHOP,CHOP,OFF,alpha_mode_off,0.3349,2.0,True,,SELL,,
2026-03-12 00:28:51,A_VALIDATION_PIPELINE_V1,SPY,plan_skipped,CHOP,CHOP,OFF,alpha_mode_off,0.3349,2.0,True,,SELL,,
2026-03-12 00:28:55,A_VALIDATION_PIPELINE_V1,SPY,rejection_reason,CHOP,CHOP,OFF,alpha_mode_off,0.3349,2.0,True,,SELL,,
2026-03-12 00:28:55,A_VALIDATION_PIPELINE_V1,SPY,plan_skipped,CHOP,CHOP,OFF,alpha_mode_off,0.3349,2.0,True,,SELL,,
2026-03-12 00:29:00,A_VALIDATION_PIPELINE_V1,SPY,rejection_reason,CHOP,CHOP,OFF,alpha_mode_off,0.3349,2.0,True,,SELL,,
2026-03-12 00:29:00,A_VALIDATION_PIPELINE_V1,SPY,plan_skipped,CHOP,CHOP,OFF,alpha_mode_off,0.3349,2.0,True,,SELL,,
2026-03-12 00:29:04,A_VALIDATION_PIPELINE_V1,SPY,rejection_reason,CHOP,CHOP,OFF,alpha_mode_off,0.3349,2.0,True,,SELL,,
2026-03-12 00:29:04,A_VALIDATION_PIPELINE_V1,SPY,plan_skipped,CHOP,CHOP,OFF,alpha_mode_off,0.3349,2.0,True,,SELL,,
2026-03-12 00:29:08,A_VALIDATION_PIPELINE_V1,SPY,rejection_reason,CHOP,CHOP,OFF,alpha_mode_off,0.3349,2.0,True,,SELL,,
2026-03-12 00:29:08,A_VALIDATION_PIPELINE_V1,SPY,plan_skipped,CHOP,CHOP,OFF,alpha_mode_off,0.3349,2.0,True,,SELL,,
2026-03-12 00:29:13,A_VALIDATION_PIPELINE_V1,SPY,rejection_reason,CHOP,CHOP,OFF,alpha_mode_off,0.3349,2.0,True,,SELL,,
2026-03-12 00:29:13,A_VALIDATION_PIPELINE_V1,SPY,plan_skipped,CHOP,CHOP,OFF,alpha_mode_off,0.3349,2.0,True,,SELL,,
2026-03-12 00:29:17,A_VALIDATION_PIPELINE_V1,SPY,rejection_reason,CHOP,CHOP,OFF,alpha_mode_off,0.3349,2.0,True,,SELL,,
2026-03-12 00:29:17,A_VALIDATION_PIPELINE_V1,SPY,plan_skipped,CHOP,CHOP,OFF,alpha_mode_off,0.3349,2.0,True,,SELL,,
2026-03-12 00:29:22,A_VALIDATION_PIPELINE_V1,SPY,rejection_reason,CHOP,CHOP,OFF,alpha_mode_off,0.3349,2.0,True,,SELL,,
2026-03-12 00:29:22,A_VALIDATION_PIPELINE_V1,SPY,plan_skipped,CHOP,CHOP,OFF,alpha_mode_off,0.3349,2.0,True,,SELL,,
2026-03-12 00:29:26,A_VALIDATION_PIPELINE_V1,SPY,rejection_reason,CHOP,CHOP,OFF,alpha_mode_off,0.3349,2.0,True,,SELL,,
2026-03-12 00:29:26,A_VALIDATION_PIPELINE_V1,SPY,plan_skipped,CHOP,CHOP,OFF,alpha_mode_off,0.3349,2.0,True,,SELL,,
2026-03-12 00:29:31,A_VALIDATION_PIPELINE_V1,SPY,rejection_reason,CHOP,CHOP,OFF,alpha_mode_off,0.3349,2.0,True,,SELL,,
2026-03-12 00:29:31,A_VALIDATION_PIPELINE_V1,SPY,plan_skipped,CHOP,CHOP,OFF,alpha_mode_off,0.3349,2.0,True,,SELL,,
2026-03-12 00:29:35,A_VALIDATION_PIPELINE_V1,SPY,rejection_reason,CHOP,CHOP,OFF,alpha_mode_off,0.3349,2.0,True,,SELL,,
2026-03-12 00:29:35,A_VALIDATION_PIPELINE_V1,SPY,plan_skipped,CHOP,CHOP,OFF,alpha_mode_off,0.3349,2.0,True,,SELL,,
2026-03-12 00:29:40,A_VALIDATION_PIPELINE_V1,SPY,rejection_reason,CHOP,CHOP,OFF,alpha_mode_off,0.3349,2.0,True,,SELL,,
2026-03-12 00:29:40,A_VALIDATION_PIPELINE_V1,SPY,plan_skipped,CHOP,CHOP,OFF,alpha_mode_off,0.3349,2.0,True,,SELL,,
2026-03-12 00:29:44,A_VALIDATION_PIPELINE_V1,SPY,rejection_reason,CHOP,CHOP,OFF,alpha_mode_off,0.3349,2.0,True,,SELL,,
2026-03-12 00:29:44,A_VALIDATION_PIPELINE_V1,SPY,plan_skipped,CHOP,CHOP,OFF,alpha_mode_off,0.3349,2.0,True,,SELL,,
2026-03-12 00:29:49,A_VALIDATION_PIPELINE_V1,SPY,rejection_reason,CHOP,CHOP,OFF,alpha_mode_off,0.3349,2.0,True,,SELL,,
2026-03-12 00:29:49,A_VALIDATION_PIPELINE_V1,SPY,plan_skipped,CHOP,CHOP,OFF,alpha_mode_off,0.3349,2.0,True,,SELL,,
2026-03-12 00:29:53,A_VALIDATION_PIPELINE_V1,SPY,rejection_reason,CHOP,CHOP,OFF,alpha_mode_off,0.3349,2.0,True,,SELL,,
2026-03-12 00:29:53,A_VALIDATION_PIPELINE_V1,SPY,plan_skipped,CHOP,CHOP,OFF,alpha_mode_off,0.3349,2.0,True,,SELL,,
2026-03-12 00:29:57,A_VALIDATION_PIPELINE_V1,SPY,rejection_reason,CHOP,CHOP,OFF,alpha_mode_off,0.3349,2.0,True,,SELL,,
2026-03-12 00:29:57,A_VALIDATION_PIPELINE_V1,SPY,plan_skipped,CHOP,CHOP,OFF,alpha_mode_off,0.3349,2.0,True,,SELL,,
2026-03-12 00:30:02,A_VALIDATION_PIPELINE_V1,SPY,rejection_reason,CHOP,CHOP,OFF,alpha_mode_off,0.3349,2.0,True,,SELL,,
2026-03-12 00:30:02,A_VALIDATION_PIPELINE_V1,SPY,plan_skipped,CHOP,CHOP,OFF,alpha_mode_off,0.3349,2.0,True,,SELL,,
2026-03-12 00:30:06,A_VALIDATION_PIPELINE_V1,SPY,rejection_reason,CHOP,CHOP,OFF,alpha_mode_off,0.3349,2.0,True,,SELL,,
2026-03-12 00:30:06,A_VALIDATION_PIPELINE_V1,SPY,plan_skipped,CHOP,CHOP,OFF,alpha_mode_off,0.3349,2.0,True,,SELL,,
2026-03-12 00:30:11,A_VALIDATION_PIPELINE_V1,SPY,rejection_reason,CHOP,CHOP,OFF,alpha_mode_off,0.3349,2.0,True,,SELL,,
2026-03-12 00:30:11,A_VALIDATION_PIPELINE_V1,SPY,plan_skipped,CHOP,CHOP,OFF,alpha_mode_off,0.3349,2.0,True,,SELL,,
2026-03-12 00:30:16,A_VALIDATION_PIPELINE_V1,SPY,rejection_reason,CHOP,CHOP,OFF,alpha_mode_off,0.3349,2.0,True,,SELL,,
2026-03-12 00:30:16,A_VALIDATION_PIPELINE_V1,SPY,plan_skipped,CHOP,CHOP,OFF,alpha_mode_off,0.3349,2.0,True,,SELL,,
2026-03-12 00:30:20,A_VALIDATION_PIPELINE_V1,SPY,rejection_reason,CHOP,CHOP,OFF,alpha_mode_off,0.3349,2.0,True,,SELL,,
2026-03-12 00:30:20,A_VALIDATION_PIPELINE_V1,SPY,plan_skipped,CHOP,CHOP,OFF,alpha_mode_off,0.3349,2.0,True,,SELL,,
2026-03-12 00:30:25,A_VALIDATION_PIPELINE_V1,SPY,rejection_reason,CHOP,CHOP,OFF,alpha_mode_off,0.3349,2.0,True,,SELL,,
2026-03-12 00:30:25,A_VALIDATION_PIPELINE_V1,SPY,plan_skipped,CHOP,CHOP,OFF,alpha_mode_off,0.3349,2.0,True,,SELL,,
2026-03-12 00:30:29,A_VALIDATION_PIPELINE_V1,SPY,rejection_reason,CHOP,CHOP,OFF,alpha_mode_off,0.3349,2.0,True,,SELL,,
2026-03-12 00:30:29,A_VALIDATION_PIPELINE_V1,SPY,plan_skipped,CHOP,CHOP,OFF,alpha_mode_off,0.3349,2.0,True,,SELL,,
2026-03-12 00:30:33,A_VALIDATION_PIPELINE_V1,SPY,rejection_reason,CHOP,CHOP,OFF,alpha_mode_off,0.3349,2.0,True,,SELL,,
2026-03-12 00:30:33,A_VALIDATION_PIPELINE_V1,SPY,plan_skipped,CHOP,CHOP,OFF,alpha_mode_off,0.3349,2.0,True,,SELL,,
2026-03-12 00:30:38,A_VALIDATION_PIPELINE_V1,SPY,rejection_reason,CHOP,CHOP,OFF,alpha_mode_off,0.3349,2.0,True,,SELL,,
2026-03-12 00:30:38,A_VALIDATION_PIPELINE_V1,SPY,plan_skipped,CHOP,CHOP,OFF,alpha_mode_off,0.3349,2.0,True,,SELL,,
2026-03-12 00:30:42,A_VALIDATION_PIPELINE_V1,SPY,rejection_reason,CHOP,CHOP,OFF,alpha_mode_off,0.3349,2.0,True,,SELL,,
2026-03-12 00:30:42,A_VALIDATION_PIPELINE_V1,SPY,plan_skipped,CHOP,CHOP,OFF,alpha_mode_off,0.3349,2.0,True,,SELL,,
2026-03-12 00:30:47,A_VALIDATION_PIPELINE_V1,SPY,rejection_reason,CHOP,CHOP,OFF,alpha_mode_off,0.3349,2.0,True,,SELL,,
2026-03-12 00:30:47,A_VALIDATION_PIPELINE_V1,SPY,plan_skipped,CHOP,CHOP,OFF,alpha_mode_off,0.3349,2.0,True,,SELL,,
2026-03-12 00:30:51,A_VALIDATION_PIPELINE_V1,SPY,rejection_reason,CHOP,CHOP,OFF,alpha_mode_off,0.3349,2.0,True,,SELL,,
2026-03-12 00:30:51,A_VALIDATION_PIPELINE_V1,SPY,plan_skipped,CHOP,CHOP,OFF,alpha_mode_off,0.3349,2.0,True,,SELL,,
2026-03-12 00:30:56,A_VALIDATION_PIPELINE_V1,SPY,rejection_reason,CHOP,CHOP,OFF,alpha_mode_off,0.3349,2.0,True,,SELL,,
2026-03-12 00:30:56,A_VALIDATION_PIPELINE_V1,SPY,plan_skipped,CHOP,CHOP,OFF,alpha_mode_off,0.3349,2.0,True,,SELL,,
2026-03-12 00:31:00,A_VALIDATION_PIPELINE_V1,SPY,rejection_reason,CHOP,CHOP,OFF,alpha_mode_off,0.3349,2.0,True,,SELL,,
2026-03-12 00:31:00,A_VALIDATION_PIPELINE_V1,SPY,plan_skipped,CHOP,CHOP,OFF,alpha_mode_off,0.3349,2.0,True,,SELL,,
2026-03-12 00:31:05,A_VALIDATION_PIPELINE_V1,SPY,rejection_reason,CHOP,CHOP,OFF,alpha_mode_off,0.3349,2.0,True,,SELL,,
2026-03-12 00:31:05,A_VALIDATION_PIPELINE_V1,SPY,plan_skipped,CHOP,CHOP,OFF,alpha_mode_off,0.3349,2.0,True,,SELL,,
2026-03-12 00:31:09,A_VALIDATION_PIPELINE_V1,SPY,rejection_reason,CHOP,CHOP,OFF,alpha_mode_off,0.3349,2.0,True,,SELL,,
2026-03-12 00:31:09,A_VALIDATION_PIPELINE_V1,SPY,plan_skipped,CHOP,CHOP,OFF,alpha_mode_off,0.3349,2.0,True,,SELL,,
2026-03-12 00:31:14,A_VALIDATION_PIPELINE_V1,SPY,rejection_reason,CHOP,CHOP,OFF,alpha_mode_off,0.3349,2.0,True,,SELL,,
2026-03-12 00:31:14,A_VALIDATION_PIPELINE_V1,SPY,plan_skipped,CHOP,CHOP,OFF,alpha_mode_off,0.3349,2.0,True,,SELL,,
2026-03-12 00:31:18,A_VALIDATION_PIPELINE_V1,SPY,rejection_reason,CHOP,CHOP,OFF,alpha_mode_off,0.3349,2.0,True,,SELL,,
2026-03-12 00:31:18,A_VALIDATION_PIPELINE_V1,SPY,plan_skipped,CHOP,CHOP,OFF,alpha_mode_off,0.3349,2.0,True,,SELL,,
2026-03-12 00:31:23,A_VALIDATION_PIPELINE_V1,SPY,rejection_reason,CHOP,CHOP,OFF,alpha_mode_off,0.3349,2.0,True,,SELL,,
2026-03-12 00:31:23,A_VALIDATION_PIPELINE_V1,SPY,plan_skipped,CHOP,CHOP,OFF,alpha_mode_off,0.3349,2.0,True,,SELL,,
2026-03-12 00:31:27,A_VALIDATION_PIPELINE_V1,SPY,rejection_reason,CHOP,CHOP,OFF,alpha_mode_off,0.3349,2.0,True,,SELL,,
2026-03-12 00:31:27,A_VALIDATION_PIPELINE_V1,SPY,plan_skipped,CHOP,CHOP,OFF,alpha_mode_off,0.3349,2.0,True,,SELL,,
2026-03-12 00:31:31,A_VALIDATION_PIPELINE_V1,SPY,rejection_reason,CHOP,CHOP,OFF,alpha_mode_off,0.3349,2.0,True,,SELL,,
2026-03-12 00:31:31,A_VALIDATION_PIPELINE_V1,SPY,plan_skipped,CHOP,CHOP,OFF,alpha_mode_off,0.3349,2.0,True,,SELL,,
2026-03-12 00:31:36,A_VALIDATION_PIPELINE_V1,SPY,rejection_reason,CHOP,CHOP,OFF,alpha_mode_off,0.3349,2.0,True,,SELL,,
2026-03-12 00:31:36,A_VALIDATION_PIPELINE_V1,SPY,plan_skipped,CHOP,CHOP,OFF,alpha_mode_off,0.3349,2.0,True,,SELL,,
2026-03-12 00:31:40,A_VALIDATION_PIPELINE_V1,SPY,rejection_reason,CHOP,CHOP,OFF,alpha_mode_off,0.3349,2.0,True,,SELL,,
2026-03-12 00:31:40,A_VALIDATION_PIPELINE_V1,SPY,plan_skipped,CHOP,CHOP,OFF,alpha_mode_off,0.3349,2.0,True,,SELL,,
2026-03-12 00:31:45,A_VALIDATION_PIPELINE_V1,SPY,rejection_reason,CHOP,CHOP,OFF,alpha_mode_off,0.3349,2.0,True,,SELL,,
2026-03-12 00:31:45,A_VALIDATION_PIPELINE_V1,SPY,plan_skipped,CHOP,CHOP,OFF,alpha_mode_off,0.3349,2.0,True,,SELL,,
2026-03-12 00:31:49,A_VALIDATION_PIPELINE_V1,SPY,rejection_reason,CHOP,CHOP,OFF,alpha_mode_off,0.3349,2.0,True,,SELL,,
2026-03-12 00:31:49,A_VALIDATION_PIPELINE_V1,SPY,plan_skipped,CHOP,CHOP,OFF,alpha_mode_off,0.3349,2.0,True,,SELL,,
2026-03-12 00:31:54,A_VALIDATION_PIPELINE_V1,SPY,rejection_reason,CHOP,CHOP,OFF,alpha_mode_off,0.3349,2.0,True,,SELL,,
2026-03-12 00:31:54,A_VALIDATION_PIPELINE_V1,SPY,plan_skipped,CHOP,CHOP,OFF,alpha_mode_off,0.3349,2.0,True,,SELL,,
2026-03-12 00:31:58,A_VALIDATION_PIPELINE_V1,SPY,rejection_reason,CHOP,CHOP,OFF,alpha_mode_off,0.3349,2.0,True,,SELL,,
2026-03-12 00:31:58,A_VALIDATION_PIPELINE_V1,SPY,plan_skipped,CHOP,CHOP,OFF,alpha_mode_off,0.3349,2.0,True,,SELL,,
2026-03-12 00:32:03,A_VALIDATION_PIPELINE_V1,SPY,rejection_reason,CHOP,CHOP,OFF,alpha_mode_off,0.3349,2.0,True,,SELL,,
2026-03-12 00:32:03,A_VALIDATION_PIPELINE_V1,SPY,plan_skipped,CHOP,CHOP,OFF,alpha_mode_off,0.3349,2.0,True,,SELL,,
2026-03-12 00:32:07,A_VALIDATION_PIPELINE_V1,SPY,rejection_reason,CHOP,CHOP,OFF,alpha_mode_off,0.3349,2.0,True,,SELL,,
2026-03-12 00:32:07,A_VALIDATION_PIPELINE_V1,SPY,plan_skipped,CHOP,CHOP,OFF,alpha_mode_off,0.3349,2.0,True,,SELL,,
2026-03-12 00:32:12,A_VALIDATION_PIPELINE_V1,SPY,rejection_reason,CHOP,CHOP,OFF,alpha_mode_off,0.3349,2.0,True,,SELL,,
2026-03-12 00:32:12,A_VALIDATION_PIPELINE_V1,SPY,plan_skipped,CHOP,CHOP,OFF,alpha_mode_off,0.3349,2.0,True,,SELL,,
2026-03-12 00:32:16,A_VALIDATION_PIPELINE_V1,SPY,rejection_reason,CHOP,CHOP,OFF,alpha_mode_off,0.3349,2.0,True,,SELL,,
2026-03-12 00:32:16,A_VALIDATION_PIPELINE_V1,SPY,plan_skipped,CHOP,CHOP,OFF,alpha_mode_off,0.3349,2.0,True,,SELL,,
2026-03-12 00:32:21,A_VALIDATION_PIPELINE_V1,SPY,rejection_reason,CHOP,CHOP,OFF,alpha_mode_off,0.3349,2.0,True,,SELL,,
2026-03-12 00:32:21,A_VALIDATION_PIPELINE_V1,SPY,plan_skipped,CHOP,CHOP,OFF,alpha_mode_off,0.3349,2.0,True,,SELL,,
2026-03-12 00:32:25,A_VALIDATION_PIPELINE_V1,SPY,rejection_reason,CHOP,CHOP,OFF,alpha_mode_off,0.3349,2.0,True,,SELL,,
2026-03-12 00:32:25,A_VALIDATION_PIPELINE_V1,SPY,plan_skipped,CHOP,CHOP,OFF,alpha_mode_off,0.3349,2.0,True,,SELL,,
2026-03-12 00:32:30,A_VALIDATION_PIPELINE_V1,SPY,rejection_reason,CHOP,CHOP,OFF,alpha_mode_off,0.3349,2.0,True,,SELL,,
2026-03-12 00:32:30,A_VALIDATION_PIPELINE_V1,SPY,plan_skipped,CHOP,CHOP,OFF,alpha_mode_off,0.3349,2.0,True,,SELL,,
2026-03-12 00:32:34,A_VALIDATION_PIPELINE_V1,SPY,rejection_reason,CHOP,CHOP,OFF,alpha_mode_off,0.3349,2.0,True,,SELL,,
2026-03-12 00:32:34,A_VALIDATION_PIPELINE_V1,SPY,plan_skipped,CHOP,CHOP,OFF,alpha_mode_off,0.3349,2.0,True,,SELL,,
2026-03-12 00:32:38,A_VALIDATION_PIPELINE_V1,SPY,rejection_reason,CHOP,CHOP,OFF,alpha_mode_off,0.3349,2.0,True,,SELL,,
2026-03-12 00:32:38,A_VALIDATION_PIPELINE_V1,SPY,plan_skipped,CHOP,CHOP,OFF,alpha_mode_off,0.3349,2.0,True,,SELL,,
2026-03-12 00:32:43,A_VALIDATION_PIPELINE_V1,SPY,rejection_reason,CHOP,CHOP,OFF,alpha_mode_off,0.3349,2.0,True,,SELL,,
2026-03-12 00:32:43,A_VALIDATION_PIPELINE_V1,SPY,plan_skipped,CHOP,CHOP,OFF,alpha_mode_off,0.3349,2.0,True,,SELL,,
2026-03-12 00:32:47,A_VALIDATION_PIPELINE_V1,SPY,rejection_reason,CHOP,CHOP,OFF,alpha_mode_off,0.3349,2.0,True,,SELL,,
2026-03-12 00:32:47,A_VALIDATION_PIPELINE_V1,SPY,plan_skipped,CHOP,CHOP,OFF,alpha_mode_off,0.3349,2.0,True,,SELL,,
2026-03-12 00:32:52,A_VALIDATION_PIPELINE_V1,SPY,rejection_reason,CHOP,CHOP,OFF,alpha_mode_off,0.3349,2.0,True,,SELL,,
2026-03-12 00:32:52,A_VALIDATION_PIPELINE_V1,SPY,plan_skipped,CHOP,CHOP,OFF,alpha_mode_off,0.3349,2.0,True,,SELL,,
2026-03-12 00:32:56,A_VALIDATION_PIPELINE_V1,SPY,rejection_reason,CHOP,CHOP,OFF,alpha_mode_off,0.3349,2.0,True,,SELL,,
2026-03-12 00:32:56,A_VALIDATION_PIPELINE_V1,SPY,plan_skipped,CHOP,CHOP,OFF,alpha_mode_off,0.3349,2.0,True,,SELL,,
2026-03-12 00:33:01,A_VALIDATION_PIPELINE_V1,SPY,rejection_reason,CHOP,CHOP,OFF,alpha_mode_off,0.3349,2.0,True,,SELL,,
2026-03-12 00:33:01,A_VALIDATION_PIPELINE_V1,SPY,plan_skipped,CHOP,CHOP,OFF,alpha_mode_off,0.3349,2.0,True,,SELL,,
2026-03-12 00:33:05,A_VALIDATION_PIPELINE_V1,SPY,rejection_reason,CHOP,CHOP,OFF,alpha_mode_off,0.3349,2.0,True,,SELL,,
2026-03-12 00:33:05,A_VALIDATION_PIPELINE_V1,SPY,plan_skipped,CHOP,CHOP,OFF,alpha_mode_off,0.3349,2.0,True,,SELL,,
2026-03-12 00:33:10,A_VALIDATION_PIPELINE_V1,SPY,rejection_reason,CHOP,CHOP,OFF,alpha_mode_off,0.3349,2.0,True,,SELL,,
2026-03-12 00:33:10,A_VALIDATION_PIPELINE_V1,SPY,plan_skipped,CHOP,CHOP,OFF,alpha_mode_off,0.3349,2.0,True,,SELL,,
2026-03-12 00:33:14,A_VALIDATION_PIPELINE_V1,SPY,rejection_reason,CHOP,CHOP,OFF,alpha_mode_off,0.3349,2.0,True,,SELL,,
2026-03-12 00:33:14,A_VALIDATION_PIPELINE_V1,SPY,plan_skipped,CHOP,CHOP,OFF,alpha_mode_off,0.3349,2.0,True,,SELL,,
2026-03-12 00:33:19,A_VALIDATION_PIPELINE_V1,SPY,rejection_reason,CHOP,CHOP,OFF,alpha_mode_off,0.3349,2.0,True,,SELL,,
2026-03-12 00:33:19,A_VALIDATION_PIPELINE_V1,SPY,plan_skipped,CHOP,CHOP,OFF,alpha_mode_off,0.3349,2.0,True,,SELL,,
2026-03-12 00:33:23,A_VALIDATION_PIPELINE_V1,SPY,rejection_reason,CHOP,CHOP,OFF,alpha_mode_off,0.3349,2.0,True,,SELL,,
2026-03-12 00:33:23,A_VALIDATION_PIPELINE_V1,SPY,plan_skipped,CHOP,CHOP,OFF,alpha_mode_off,0.3349,2.0,True,,SELL,,
2026-03-12 00:33:28,A_VALIDATION_PIPELINE_V1,SPY,rejection_reason,CHOP,CHOP,OFF,alpha_mode_off,0.3349,2.0,True,,SELL,,
2026-03-12 00:33:28,A_VALIDATION_PIPELINE_V1,SPY,plan_skipped,CHOP,CHOP,OFF,alpha_mode_off,0.3349,2.0,True,,SELL,,
2026-03-12 00:33:32,A_VALIDATION_PIPELINE_V1,SPY,rejection_reason,CHOP,CHOP,OFF,alpha_mode_off,0.3349,2.0,True,,SELL,,
2026-03-12 00:33:32,A_VALIDATION_PIPELINE_V1,SPY,plan_skipped,CHOP,CHOP,OFF,alpha_mode_off,0.3349,2.0,True,,SELL,,
2026-03-12 00:33:37,A_VALIDATION_PIPELINE_V1,SPY,rejection_reason,CHOP,CHOP,OFF,alpha_mode_off,0.3349,2.0,True,,SELL,,
2026-03-12 00:33:37,A_VALIDATION_PIPELINE_V1,SPY,plan_skipped,CHOP,CHOP,OFF,alpha_mode_off,0.3349,2.0,True,,SELL,,
2026-03-12 00:33:41,A_VALIDATION_PIPELINE_V1,SPY,rejection_reason,CHOP,CHOP,OFF,alpha_mode_off,0.3349,2.0,True,,SELL,,
2026-03-12 00:33:41,A_VALIDATION_PIPELINE_V1,SPY,plan_skipped,CHOP,CHOP,OFF,alpha_mode_off,0.3349,2.0,True,,SELL,,
2026-03-12 00:33:46,A_VALIDATION_PIPELINE_V1,SPY,rejection_reason,CHOP,CHOP,OFF,alpha_mode_off,0.3349,2.0,True,,SELL,,
2026-03-12 00:33:46,A_VALIDATION_PIPELINE_V1,SPY,plan_skipped,CHOP,CHOP,OFF,alpha_mode_off,0.3349,2.0,True,,SELL,,
2026-03-12 00:33:50,A_VALIDATION_PIPELINE_V1,SPY,rejection_reason,CHOP,CHOP,OFF,alpha_mode_off,0.3349,2.0,True,,SELL,,
2026-03-12 00:33:50,A_VALIDATION_PIPELINE_V1,SPY,plan_skipped,CHOP,CHOP,OFF,alpha_mode_off,0.3349,2.0,True,,SELL,,
2026-03-12 00:33:55,A_VALIDATION_PIPELINE_V1,SPY,rejection_reason,CHOP,CHOP,OFF,alpha_mode_off,0.3349,2.0,True,,SELL,,
2026-03-12 00:33:55,A_VALIDATION_PIPELINE_V1,SPY,plan_skipped,CHOP,CHOP,OFF,alpha_mode_off,0.3349,2.0,True,,SELL,,
2026-03-12 00:33:59,A_VALIDATION_PIPELINE_V1,SPY,rejection_reason,CHOP,CHOP,OFF,alpha_mode_off,0.3349,2.0,True,,SELL,,
2026-03-12 00:33:59,A_VALIDATION_PIPELINE_V1,SPY,plan_skipped,CHOP,CHOP,OFF,alpha_mode_off,0.3349,2.0,True,,SELL,,
2026-03-12 00:34:04,A_VALIDATION_PIPELINE_V1,SPY,rejection_reason,CHOP,CHOP,OFF,alpha_mode_off,0.3349,2.0,True,,SELL,,
2026-03-12 00:34:04,A_VALIDATION_PIPELINE_V1,SPY,plan_skipped,CHOP,CHOP,OFF,alpha_mode_off,0.3349,2.0,True,,SELL,,
2026-03-12 00:34:08,A_VALIDATION_PIPELINE_V1,SPY,rejection_reason,CHOP,CHOP,OFF,alpha_mode_off,0.3349,2.0,True,,SELL,,
2026-03-12 00:34:08,A_VALIDATION_PIPELINE_V1,SPY,plan_skipped,CHOP,CHOP,OFF,alpha_mode_off,0.3349,2.0,True,,SELL,,
2026-03-12 00:34:12,A_VALIDATION_PIPELINE_V1,SPY,rejection_reason,CHOP,CHOP,OFF,alpha_mode_off,0.3349,2.0,True,,SELL,,
2026-03-12 00:34:12,A_VALIDATION_PIPELINE_V1,SPY,plan_skipped,CHOP,CHOP,OFF,alpha_mode_off,0.3349,2.0,True,,SELL,,
2026-03-12 00:34:17,A_VALIDATION_PIPELINE_V1,SPY,rejection_reason,CHOP,CHOP,OFF,alpha_mode_off,0.3349,2.0,True,,SELL,,
2026-03-12 00:34:17,A_VALIDATION_PIPELINE_V1,SPY,plan_skipped,CHOP,CHOP,OFF,alpha_mode_off,0.3349,2.0,True,,SELL,,
2026-03-12 00:34:21,A_VALIDATION_PIPELINE_V1,SPY,rejection_reason,CHOP,CHOP,OFF,alpha_mode_off,0.3349,2.0,True,,SELL,,
2026-03-12 00:34:21,A_VALIDATION_PIPELINE_V1,SPY,plan_skipped,CHOP,CHOP,OFF,alpha_mode_off,0.3349,2.0,True,,SELL,,
2026-03-12 00:34:26,A_VALIDATION_PIPELINE_V1,SPY,rejection_reason,CHOP,CHOP,OFF,alpha_mode_off,0.3349,2.0,True,,SELL,,
2026-03-12 00:34:26,A_VALIDATION_PIPELINE_V1,SPY,plan_skipped,CHOP,CHOP,OFF,alpha_mode_off,0.3349,2.0,True,,SELL,,
2026-03-12 00:34:30,A_VALIDATION_PIPELINE_V1,SPY,rejection_reason,CHOP,CHOP,OFF,alpha_mode_off,0.3349,2.0,True,,SELL,,
2026-03-12 00:34:30,A_VALIDATION_PIPELINE_V1,SPY,plan_skipped,CHOP,CHOP,OFF,alpha_mode_off,0.3349,2.0,True,,SELL,,
2026-03-12 00:34:35,A_VALIDATION_PIPELINE_V1,SPY,rejection_reason,CHOP,CHOP,OFF,alpha_mode_off,0.3349,2.0,True,,SELL,,
2026-03-12 00:34:35,A_VALIDATION_PIPELINE_V1,SPY,plan_skipped,CHOP,CHOP,OFF,alpha_mode_off,0.3349,2.0,True,,SELL,,
2026-03-12 00:34:39,A_VALIDATION_PIPELINE_V1,SPY,rejection_reason,CHOP,CHOP,OFF,alpha_mode_off,0.3349,2.0,True,,SELL,,
2026-03-12 00:34:39,A_VALIDATION_PIPELINE_V1,SPY,plan_skipped,CHOP,CHOP,OFF,alpha_mode_off,0.3349,2.0,True,,SELL,,
2026-03-12 00:34:44,A_VALIDATION_PIPELINE_V1,SPY,rejection_reason,CHOP,CHOP,OFF,alpha_mode_off,0.3349,2.0,True,,SELL,,
2026-03-12 00:34:44,A_VALIDATION_PIPELINE_V1,SPY,plan_skipped,CHOP,CHOP,OFF,alpha_mode_off,0.3349,2.0,True,,SELL,,
2026-03-12 00:34:48,A_VALIDATION_PIPELINE_V1,SPY,rejection_reason,CHOP,CHOP,OFF,alpha_mode_off,0.3349,2.0,True,,SELL,,
2026-03-12 00:34:48,A_VALIDATION_PIPELINE_V1,SPY,plan_skipped,CHOP,CHOP,OFF,alpha_mode_off,0.3349,2.0,True,,SELL,,
2026-03-12 00:34:53,A_VALIDATION_PIPELINE_V1,SPY,rejection_reason,CHOP,CHOP,OFF,alpha_mode_off,0.3349,2.0,True,,SELL,,
2026-03-12 00:34:53,A_VALIDATION_PIPELINE_V1,SPY,plan_skipped,CHOP,CHOP,OFF,alpha_mode_off,0.3349,2.0,True,,SELL,,
2026-03-12 00:34:57,A_VALIDATION_PIPELINE_V1,SPY,rejection_reason,CHOP,CHOP,OFF,alpha_mode_off,0.3349,2.0,True,,SELL,,
2026-03-12 00:34:57,A_VALIDATION_PIPELINE_V1,SPY,plan_skipped,CHOP,CHOP,OFF,alpha_mode_off,0.3349,2.0,True,,SELL,,
2026-03-12 00:35:02,A_VALIDATION_PIPELINE_V1,SPY,rejection_reason,CHOP,CHOP,OFF,alpha_mode_off,0.3349,2.0,True,,SELL,,
2026-03-12 00:35:02,A_VALIDATION_PIPELINE_V1,SPY,plan_skipped,CHOP,CHOP,OFF,alpha_mode_off,0.3349,2.0,True,,SELL,,
2026-03-12 00:35:06,A_VALIDATION_PIPELINE_V1,SPY,rejection_reason,CHOP,CHOP,OFF,alpha_mode_off,0.3349,2.0,True,,SELL,,
2026-03-12 00:35:06,A_VALIDATION_PIPELINE_V1,SPY,plan_skipped,CHOP,CHOP,OFF,alpha_mode_off,0.3349,2.0,True,,SELL,,
2026-03-12 00:35:11,A_VALIDATION_PIPELINE_V1,SPY,rejection_reason,CHOP,CHOP,OFF,alpha_mode_off,0.3349,2.0,True,,SELL,,
2026-03-12 00:35:11,A_VALIDATION_PIPELINE_V1,SPY,plan_skipped,CHOP,CHOP,OFF,alpha_mode_off,0.3349,2.0,True,,SELL,,
2026-03-12 00:35:15,A_VALIDATION_PIPELINE_V1,SPY,rejection_reason,CHOP,CHOP,OFF,alpha_mode_off,0.3349,2.0,True,,SELL,,
2026-03-12 00:35:15,A_VALIDATION_PIPELINE_V1,SPY,plan_skipped,CHOP,CHOP,OFF,alpha_mode_off,0.3349,2.0,True,,SELL,,
2026-03-12 00:35:19,A_VALIDATION_PIPELINE_V1,SPY,rejection_reason,CHOP,CHOP,OFF,alpha_mode_off,0.3349,2.0,True,,SELL,,
2026-03-12 00:35:19,A_VALIDATION_PIPELINE_V1,SPY,plan_skipped,CHOP,CHOP,OFF,alpha_mode_off,0.3349,2.0,True,,SELL,,
2026-03-12 00:35:24,A_VALIDATION_PIPELINE_V1,SPY,rejection_reason,CHOP,CHOP,OFF,alpha_mode_off,0.3349,2.0,True,,SELL,,
2026-03-12 00:35:24,A_VALIDATION_PIPELINE_V1,SPY,plan_skipped,CHOP,CHOP,OFF,alpha_mode_off,0.3349,2.0,True,,SELL,,
2026-03-12 00:35:28,A_VALIDATION_PIPELINE_V1,SPY,rejection_reason,CHOP,CHOP,OFF,alpha_mode_off,0.3349,2.0,True,,SELL,,
2026-03-12 00:35:28,A_VALIDATION_PIPELINE_V1,SPY,plan_skipped,CHOP,CHOP,OFF,alpha_mode_off,0.3349,2.0,True,,SELL,,
2026-03-12 00:35:33,A_VALIDATION_PIPELINE_V1,SPY,rejection_reason,CHOP,CHOP,OFF,alpha_mode_off,0.3349,2.0,True,,SELL,,
2026-03-12 00:35:33,A_VALIDATION_PIPELINE_V1,SPY,plan_skipped,CHOP,CHOP,OFF,alpha_mode_off,0.3349,2.0,True,,SELL,,
2026-03-12 00:35:37,A_VALIDATION_PIPELINE_V1,SPY,rejection_reason,CHOP,CHOP,OFF,alpha_mode_off,0.3349,2.0,True,,SELL,,
2026-03-12 00:35:37,A_VALIDATION_PIPELINE_V1,SPY,plan_skipped,CHOP,CHOP,OFF,alpha_mode_off,0.3349,2.0,True,,SELL,,
2026-03-12 00:35:42,A_VALIDATION_PIPELINE_V1,SPY,rejection_reason,CHOP,CHOP,OFF,alpha_mode_off,0.3349,2.0,True,,SELL,,
2026-03-12 00:35:42,A_VALIDATION_PIPELINE_V1,SPY,plan_skipped,CHOP,CHOP,OFF,alpha_mode_off,0.3349,2.0,True,,SELL,,
2026-03-12 00:35:46,A_VALIDATION_PIPELINE_V1,SPY,rejection_reason,CHOP,CHOP,OFF,alpha_mode_off,0.3349,2.0,True,,SELL,,
2026-03-12 00:35:46,A_VALIDATION_PIPELINE_V1,SPY,plan_skipped,CHOP,CHOP,OFF,alpha_mode_off,0.3349,2.0,True,,SELL,,
2026-03-12 00:35:51,A_VALIDATION_PIPELINE_V1,SPY,rejection_reason,CHOP,CHOP,OFF,alpha_mode_off,0.3349,2.0,True,,SELL,,
2026-03-12 00:35:51,A_VALIDATION_PIPELINE_V1,SPY,plan_skipped,CHOP,CHOP,OFF,alpha_mode_off,0.3349,2.0,True,,SELL,,
2026-03-12 00:35:55,A_VALIDATION_PIPELINE_V1,SPY,rejection_reason,CHOP,CHOP,OFF,alpha_mode_off,0.3349,2.0,True,,SELL,,
2026-03-12 00:35:55,A_VALIDATION_PIPELINE_V1,SPY,plan_skipped,CHOP,CHOP,OFF,alpha_mode_off,0.3349,2.0,True,,SELL,,
2026-03-12 00:35:59,A_VALIDATION_PIPELINE_V1,SPY,rejection_reason,CHOP,CHOP,OFF,alpha_mode_off,0.3349,2.0,True,,SELL,,
2026-03-12 00:35:59,A_VALIDATION_PIPELINE_V1,SPY,plan_skipped,CHOP,CHOP,OFF,alpha_mode_off,0.3349,2.0,True,,SELL,,
2026-03-12 00:36:04,A_VALIDATION_PIPELINE_V1,SPY,rejection_reason,CHOP,CHOP,OFF,alpha_mode_off,0.3349,2.0,True,,SELL,,
2026-03-12 00:36:04,A_VALIDATION_PIPELINE_V1,SPY,plan_skipped,CHOP,CHOP,OFF,alpha_mode_off,0.3349,2.0,True,,SELL,,
2026-03-12 00:36:08,A_VALIDATION_PIPELINE_V1,SPY,rejection_reason,CHOP,CHOP,OFF,alpha_mode_off,0.3349,2.0,True,,SELL,,
2026-03-12 00:36:08,A_VALIDATION_PIPELINE_V1,SPY,plan_skipped,CHOP,CHOP,OFF,alpha_mode_off,0.3349,2.0,True,,SELL,,
2026-03-12 00:36:13,A_VALIDATION_PIPELINE_V1,SPY,rejection_reason,CHOP,CHOP,OFF,alpha_mode_off,0.3349,2.0,True,,SELL,,
2026-03-12 00:36:13,A_VALIDATION_PIPELINE_V1,SPY,plan_skipped,CHOP,CHOP,OFF,alpha_mode_off,0.3349,2.0,True,,SELL,,
2026-03-12 00:36:17,A_VALIDATION_PIPELINE_V1,SPY,rejection_reason,CHOP,CHOP,OFF,alpha_mode_off,0.3349,2.0,True,,SELL,,
2026-03-12 00:36:17,A_VALIDATION_PIPELINE_V1,SPY,plan_skipped,CHOP,CHOP,OFF,alpha_mode_off,0.3349,2.0,True,,SELL,,
2026-03-12 00:36:22,A_VALIDATION_PIPELINE_V1,SPY,rejection_reason,CHOP,CHOP,OFF,alpha_mode_off,0.3349,2.0,True,,SELL,,
2026-03-12 00:36:22,A_VALIDATION_PIPELINE_V1,SPY,plan_skipped,CHOP,CHOP,OFF,alpha_mode_off,0.3349,2.0,True,,SELL,,
2026-03-12 00:36:26,A_VALIDATION_PIPELINE_V1,SPY,rejection_reason,CHOP,CHOP,OFF,alpha_mode_off,0.3349,2.0,True,,SELL,,
2026-03-12 00:36:26,A_VALIDATION_PIPELINE_V1,SPY,plan_skipped,CHOP,CHOP,OFF,alpha_mode_off,0.3349,2.0,True,,SELL,,
2026-03-12 00:36:31,A_VALIDATION_PIPELINE_V1,SPY,rejection_reason,CHOP,CHOP,OFF,alpha_mode_off,0.3349,2.0,True,,SELL,,
2026-03-12 00:36:31,A_VALIDATION_PIPELINE_V1,SPY,plan_skipped,CHOP,CHOP,OFF,alpha_mode_off,0.3349,2.0,True,,SELL,,
2026-03-12 00:36:35,A_VALIDATION_PIPELINE_V1,SPY,rejection_reason,CHOP,CHOP,OFF,alpha_mode_off,0.3349,2.0,True,,SELL,,
2026-03-12 00:36:35,A_VALIDATION_PIPELINE_V1,SPY,plan_skipped,CHOP,CHOP,OFF,alpha_mode_off,0.3349,2.0,True,,SELL,,
2026-03-12 00:36:40,A_VALIDATION_PIPELINE_V1,SPY,rejection_reason,CHOP,CHOP,OFF,alpha_mode_off,0.3349,2.0,True,,SELL,,
2026-03-12 00:36:40,A_VALIDATION_PIPELINE_V1,SPY,plan_skipped,CHOP,CHOP,OFF,alpha_mode_off,0.3349,2.0,True,,SELL,,
2026-03-12 00:36:44,A_VALIDATION_PIPELINE_V1,SPY,rejection_reason,CHOP,CHOP,OFF,alpha_mode_off,0.3349,2.0,True,,SELL,,
2026-03-12 00:36:44,A_VALIDATION_PIPELINE_V1,SPY,plan_skipped,CHOP,CHOP,OFF,alpha_mode_off,0.3349,2.0,True,,SELL,,
2026-03-12 00:36:49,A_VALIDATION_PIPELINE_V1,SPY,rejection_reason,CHOP,CHOP,OFF,alpha_mode_off,0.3349,2.0,True,,SELL,,
2026-03-12 00:36:49,A_VALIDATION_PIPELINE_V1,SPY,plan_skipped,CHOP,CHOP,OFF,alpha_mode_off,0.3349,2.0,True,,SELL,,
2026-03-12 00:36:53,A_VALIDATION_PIPELINE_V1,SPY,rejection_reason,CHOP,CHOP,OFF,alpha_mode_off,0.3349,2.0,True,,SELL,,
2026-03-12 00:36:53,A_VALIDATION_PIPELINE_V1,SPY,plan_skipped,CHOP,CHOP,OFF,alpha_mode_off,0.3349,2.0,True,,SELL,,
2026-03-12 00:36:58,A_VALIDATION_PIPELINE_V1,SPY,rejection_reason,CHOP,CHOP,OFF,alpha_mode_off,0.3349,2.0,True,,SELL,,
2026-03-12 00:36:58,A_VALIDATION_PIPELINE_V1,SPY,plan_skipped,CHOP,CHOP,OFF,alpha_mode_off,0.3349,2.0,True,,SELL,,
2026-03-12 00:37:02,A_VALIDATION_PIPELINE_V1,SPY,rejection_reason,CHOP,CHOP,OFF,alpha_mode_off,0.3349,2.0,True,,SELL,,
2026-03-12 00:37:02,A_VALIDATION_PIPELINE_V1,SPY,plan_skipped,CHOP,CHOP,OFF,alpha_mode_off,0.3349,2.0,True,,SELL,,
2026-03-12 00:37:06,A_VALIDATION_PIPELINE_V1,SPY,rejection_reason,CHOP,CHOP,OFF,alpha_mode_off,0.3349,2.0,True,,SELL,,
2026-03-12 00:37:06,A_VALIDATION_PIPELINE_V1,SPY,plan_skipped,CHOP,CHOP,OFF,alpha_mode_off,0.3349,2.0,True,,SELL,,
2026-03-12 00:37:11,A_VALIDATION_PIPELINE_V1,SPY,rejection_reason,CHOP,CHOP,OFF,alpha_mode_off,0.3349,2.0,True,,SELL,,
2026-03-12 00:37:11,A_VALIDATION_PIPELINE_V1,SPY,plan_skipped,CHOP,CHOP,OFF,alpha_mode_off,0.3349,2.0,True,,SELL,,
2026-03-12 00:37:15,A_VALIDATION_PIPELINE_V1,SPY,rejection_reason,CHOP,CHOP,OFF,alpha_mode_off,0.3349,2.0,True,,SELL,,
2026-03-12 00:37:15,A_VALIDATION_PIPELINE_V1,SPY,plan_skipped,CHOP,CHOP,OFF,alpha_mode_off,0.3349,2.0,True,,SELL,,
2026-03-12 00:37:20,A_VALIDATION_PIPELINE_V1,SPY,rejection_reason,CHOP,CHOP,OFF,alpha_mode_off,0.3349,2.0,True,,SELL,,
2026-03-12 00:37:20,A_VALIDATION_PIPELINE_V1,SPY,plan_skipped,CHOP,CHOP,OFF,alpha_mode_off,0.3349,2.0,True,,SELL,,
2026-03-12 00:37:24,A_VALIDATION_PIPELINE_V1,SPY,rejection_reason,CHOP,CHOP,OFF,alpha_mode_off,0.3349,2.0,True,,SELL,,
2026-03-12 00:37:24,A_VALIDATION_PIPELINE_V1,SPY,plan_skipped,CHOP,CHOP,OFF,alpha_mode_off,0.3349,2.0,True,,SELL,,
2026-03-12 00:37:29,A_VALIDATION_PIPELINE_V1,SPY,rejection_reason,CHOP,CHOP,OFF,alpha_mode_off,0.3349,2.0,True,,SELL,,
2026-03-12 00:37:29,A_VALIDATION_PIPELINE_V1,SPY,plan_skipped,CHOP,CHOP,OFF,alpha_mode_off,0.3349,2.0,True,,SELL,,
2026-03-12 00:37:33,A_VALIDATION_PIPELINE_V1,SPY,rejection_reason,CHOP,CHOP,OFF,alpha_mode_off,0.3349,2.0,True,,SELL,,
2026-03-12 00:37:33,A_VALIDATION_PIPELINE_V1,SPY,plan_skipped,CHOP,CHOP,OFF,alpha_mode_off,0.3349,2.0,True,,SELL,,
2026-03-12 00:37:38,A_VALIDATION_PIPELINE_V1,SPY,rejection_reason,CHOP,CHOP,OFF,alpha_mode_off,0.3349,2.0,True,,SELL,,
2026-03-12 00:37:38,A_VALIDATION_PIPELINE_V1,SPY,plan_skipped,CHOP,CHOP,OFF,alpha_mode_off,0.3349,2.0,True,,SELL,,
2026-03-12 00:37:42,A_VALIDATION_PIPELINE_V1,SPY,rejection_reason,CHOP,CHOP,OFF,alpha_mode_off,0.3349,2.0,True,,SELL,,
2026-03-12 00:37:42,A_VALIDATION_PIPELINE_V1,SPY,plan_skipped,CHOP,CHOP,OFF,alpha_mode_off,0.3349,2.0,True,,SELL,,
2026-03-12 00:37:47,A_VALIDATION_PIPELINE_V1,SPY,rejection_reason,CHOP,CHOP,OFF,alpha_mode_off,0.3349,2.0,True,,SELL,,
2026-03-12 00:37:47,A_VALIDATION_PIPELINE_V1,SPY,plan_skipped,CHOP,CHOP,OFF,alpha_mode_off,0.3349,2.0,True,,SELL,,
2026-03-12 00:37:51,A_VALIDATION_PIPELINE_V1,SPY,rejection_reason,CHOP,CHOP,OFF,alpha_mode_off,0.3349,2.0,True,,SELL,,
2026-03-12 00:37:51,A_VALIDATION_PIPELINE_V1,SPY,plan_skipped,CHOP,CHOP,OFF,alpha_mode_off,0.3349,2.0,True,,SELL,,
2026-03-12 00:37:55,A_VALIDATION_PIPELINE_V1,SPY,rejection_reason,CHOP,CHOP,OFF,alpha_mode_off,0.3349,2.0,True,,SELL,,
2026-03-12 00:37:55,A_VALIDATION_PIPELINE_V1,SPY,plan_skipped,CHOP,CHOP,OFF,alpha_mode_off,0.3349,2.0,True,,SELL,,
2026-03-12 00:38:00,A_VALIDATION_PIPELINE_V1,SPY,rejection_reason,CHOP,CHOP,OFF,alpha_mode_off,0.3349,2.0,True,,SELL,,
2026-03-12 00:38:00,A_VALIDATION_PIPELINE_V1,SPY,plan_skipped,CHOP,CHOP,OFF,alpha_mode_off,0.3349,2.0,True,,SELL,,
2026-03-12 00:38:04,A_VALIDATION_PIPELINE_V1,SPY,rejection_reason,CHOP,CHOP,OFF,alpha_mode_off,0.3349,2.0,True,,SELL,,
2026-03-12 00:38:04,A_VALIDATION_PIPELINE_V1,SPY,plan_skipped,CHOP,CHOP,OFF,alpha_mode_off,0.3349,2.0,True,,SELL,,
2026-03-12 00:38:09,A_VALIDATION_PIPELINE_V1,SPY,rejection_reason,CHOP,CHOP,OFF,alpha_mode_off,0.3349,2.0,True,,SELL,,
2026-03-12 00:38:09,A_VALIDATION_PIPELINE_V1,SPY,plan_skipped,CHOP,CHOP,OFF,alpha_mode_off,0.3349,2.0,True,,SELL,,
2026-03-12 00:38:13,A_VALIDATION_PIPELINE_V1,SPY,rejection_reason,CHOP,CHOP,OFF,alpha_mode_off,0.3349,2.0,True,,SELL,,
2026-03-12 00:38:13,A_VALIDATION_PIPELINE_V1,SPY,plan_skipped,CHOP,CHOP,OFF,alpha_mode_off,0.3349,2.0,True,,SELL,,
2026-03-12 00:38:18,A_VALIDATION_PIPELINE_V1,SPY,rejection_reason,CHOP,CHOP,OFF,alpha_mode_off,0.3349,2.0,True,,SELL,,
2026-03-12 00:38:18,A_VALIDATION_PIPELINE_V1,SPY,plan_skipped,CHOP,CHOP,OFF,alpha_mode_off,0.3349,2.0,True,,SELL,,
2026-03-12 00:38:22,A_VALIDATION_PIPELINE_V1,SPY,rejection_reason,CHOP,CHOP,OFF,alpha_mode_off,0.3349,2.0,True,,SELL,,
2026-03-12 00:38:22,A_VALIDATION_PIPELINE_V1,SPY,plan_skipped,CHOP,CHOP,OFF,alpha_mode_off,0.3349,2.0,True,,SELL,,
2026-03-12 00:38:27,A_VALIDATION_PIPELINE_V1,SPY,rejection_reason,CHOP,CHOP,OFF,alpha_mode_off,0.3349,2.0,True,,SELL,,
2026-03-12 00:38:27,A_VALIDATION_PIPELINE_V1,SPY,plan_skipped,CHOP,CHOP,OFF,alpha_mode_off,0.3349,2.0,True,,SELL,,
2026-03-12 00:38:31,A_VALIDATION_PIPELINE_V1,SPY,rejection_reason,CHOP,CHOP,OFF,alpha_mode_off,0.3349,2.0,True,,SELL,,
2026-03-12 00:38:31,A_VALIDATION_PIPELINE_V1,SPY,plan_skipped,CHOP,CHOP,OFF,alpha_mode_off,0.3349,2.0,True,,SELL,,
2026-03-12 00:38:36,A_VALIDATION_PIPELINE_V1,SPY,rejection_reason,CHOP,CHOP,OFF,alpha_mode_off,0.3349,2.0,True,,SELL,,
2026-03-12 00:38:36,A_VALIDATION_PIPELINE_V1,SPY,plan_skipped,CHOP,CHOP,OFF,alpha_mode_off,0.3349,2.0,True,,SELL,,
2026-03-12 00:38:40,A_VALIDATION_PIPELINE_V1,SPY,rejection_reason,CHOP,CHOP,OFF,alpha_mode_off,0.3349,2.0,True,,SELL,,
2026-03-12 00:38:40,A_VALIDATION_PIPELINE_V1,SPY,plan_skipped,CHOP,CHOP,OFF,alpha_mode_off,0.3349,2.0,True,,SELL,,
2026-03-12 00:38:44,A_VALIDATION_PIPELINE_V1,SPY,rejection_reason,CHOP,CHOP,OFF,alpha_mode_off,0.3349,2.0,True,,SELL,,
2026-03-12 00:38:44,A_VALIDATION_PIPELINE_V1,SPY,plan_skipped,CHOP,CHOP,OFF,alpha_mode_off,0.3349,2.0,True,,SELL,,
2026-03-12 00:38:49,A_VALIDATION_PIPELINE_V1,SPY,rejection_reason,CHOP,CHOP,OFF,alpha_mode_off,0.3349,2.0,True,,SELL,,
2026-03-12 00:38:49,A_VALIDATION_PIPELINE_V1,SPY,plan_skipped,CHOP,CHOP,OFF,alpha_mode_off,0.3349,2.0,True,,SELL,,
2026-03-12 00:38:53,A_VALIDATION_PIPELINE_V1,SPY,rejection_reason,CHOP,CHOP,OFF,alpha_mode_off,0.3349,2.0,True,,SELL,,
2026-03-12 00:38:53,A_VALIDATION_PIPELINE_V1,SPY,plan_skipped,CHOP,CHOP,OFF,alpha_mode_off,0.3349,2.0,True,,SELL,,
2026-03-12 00:38:58,A_VALIDATION_PIPELINE_V1,SPY,rejection_reason,CHOP,CHOP,OFF,alpha_mode_off,0.3349,2.0,True,,SELL,,
2026-03-12 00:38:58,A_VALIDATION_PIPELINE_V1,SPY,plan_skipped,CHOP,CHOP,OFF,alpha_mode_off,0.3349,2.0,True,,SELL,,
2026-03-12 00:39:03,A_VALIDATION_PIPELINE_V1,SPY,rejection_reason,CHOP,CHOP,OFF,alpha_mode_off,0.3349,2.0,True,,SELL,,
2026-03-12 00:39:03,A_VALIDATION_PIPELINE_V1,SPY,plan_skipped,CHOP,CHOP,OFF,alpha_mode_off,0.3349,2.0,True,,SELL,,
2026-03-12 00:39:07,A_VALIDATION_PIPELINE_V1,SPY,rejection_reason,CHOP,CHOP,OFF,alpha_mode_off,0.3349,2.0,True,,SELL,,
2026-03-12 00:39:07,A_VALIDATION_PIPELINE_V1,SPY,plan_skipped,CHOP,CHOP,OFF,alpha_mode_off,0.3349,2.0,True,,SELL,,
2026-03-12 00:39:12,A_VALIDATION_PIPELINE_V1,SPY,rejection_reason,CHOP,CHOP,OFF,alpha_mode_off,0.3349,2.0,True,,SELL,,
2026-03-12 00:39:12,A_VALIDATION_PIPELINE_V1,SPY,plan_skipped,CHOP,CHOP,OFF,alpha_mode_off,0.3349,2.0,True,,SELL,,
2026-03-12 00:39:16,A_VALIDATION_PIPELINE_V1,SPY,rejection_reason,CHOP,CHOP,OFF,alpha_mode_off,0.3349,2.0,True,,SELL,,
2026-03-12 00:39:16,A_VALIDATION_PIPELINE_V1,SPY,plan_skipped,CHOP,CHOP,OFF,alpha_mode_off,0.3349,2.0,True,,SELL,,
2026-03-12 00:39:21,A_VALIDATION_PIPELINE_V1,SPY,rejection_reason,CHOP,CHOP,OFF,alpha_mode_off,0.3349,2.0,True,,SELL,,
2026-03-12 00:39:21,A_VALIDATION_PIPELINE_V1,SPY,plan_skipped,CHOP,CHOP,OFF,alpha_mode_off,0.3349,2.0,True,,SELL,,
2026-03-12 00:39:25,A_VALIDATION_PIPELINE_V1,SPY,rejection_reason,CHOP,CHOP,OFF,alpha_mode_off,0.3349,2.0,True,,SELL,,
2026-03-12 00:39:25,A_VALIDATION_PIPELINE_V1,SPY,plan_skipped,CHOP,CHOP,OFF,alpha_mode_off,0.3349,2.0,True,,SELL,,
2026-03-12 00:39:30,A_VALIDATION_PIPELINE_V1,SPY,rejection_reason,CHOP,CHOP,OFF,alpha_mode_off,0.3349,2.0,True,,SELL,,
2026-03-12 00:39:30,A_VALIDATION_PIPELINE_V1,SPY,plan_skipped,CHOP,CHOP,OFF,alpha_mode_off,0.3349,2.0,True,,SELL,,
2026-03-12 00:39:34,A_VALIDATION_PIPELINE_V1,SPY,rejection_reason,CHOP,CHOP,OFF,alpha_mode_off,0.3349,2.0,True,,SELL,,
2026-03-12 00:39:34,A_VALIDATION_PIPELINE_V1,SPY,plan_skipped,CHOP,CHOP,OFF,alpha_mode_off,0.3349,2.0,True,,SELL,,
2026-03-12 00:39:39,A_VALIDATION_PIPELINE_V1,SPY,rejection_reason,CHOP,CHOP,OFF,alpha_mode_off,0.3349,2.0,True,,SELL,,
2026-03-12 00:39:39,A_VALIDATION_PIPELINE_V1,SPY,plan_skipped,CHOP,CHOP,OFF,alpha_mode_off,0.3349,2.0,True,,SELL,,
2026-03-12 00:39:43,A_VALIDATION_PIPELINE_V1,SPY,rejection_reason,CHOP,CHOP,OFF,alpha_mode_off,0.3349,2.0,True,,SELL,,
2026-03-12 00:39:43,A_VALIDATION_PIPELINE_V1,SPY,plan_skipped,CHOP,CHOP,OFF,alpha_mode_off,0.3349,2.0,True,,SELL,,
2026-03-12 00:39:48,A_VALIDATION_PIPELINE_V1,SPY,rejection_reason,CHOP,CHOP,OFF,alpha_mode_off,0.3349,2.0,True,,SELL,,
2026-03-12 00:39:48,A_VALIDATION_PIPELINE_V1,SPY,plan_skipped,CHOP,CHOP,OFF,alpha_mode_off,0.3349,2.0,True,,SELL,,
2026-03-12 00:39:52,A_VALIDATION_PIPELINE_V1,SPY,rejection_reason,CHOP,CHOP,OFF,alpha_mode_off,0.3349,2.0,True,,SELL,,
2026-03-12 00:39:52,A_VALIDATION_PIPELINE_V1,SPY,plan_skipped,CHOP,CHOP,OFF,alpha_mode_off,0.3349,2.0,True,,SELL,,
2026-03-12 00:39:57,A_VALIDATION_PIPELINE_V1,SPY,rejection_reason,CHOP,CHOP,OFF,alpha_mode_off,0.3349,2.0,True,,SELL,,
2026-03-12 00:39:57,A_VALIDATION_PIPELINE_V1,SPY,plan_skipped,CHOP,CHOP,OFF,alpha_mode_off,0.3349,2.0,True,,SELL,,
2026-03-12 00:40:01,A_VALIDATION_PIPELINE_V1,SPY,rejection_reason,CHOP,CHOP,OFF,alpha_mode_off,0.3349,2.0,True,,SELL,,
2026-03-12 00:40:01,A_VALIDATION_PIPELINE_V1,SPY,plan_skipped,CHOP,CHOP,OFF,alpha_mode_off,0.3349,2.0,True,,SELL,,
2026-03-12 00:40:06,A_VALIDATION_PIPELINE_V1,SPY,rejection_reason,CHOP,CHOP,OFF,alpha_mode_off,0.3349,2.0,True,,SELL,,
2026-03-12 00:40:06,A_VALIDATION_PIPELINE_V1,SPY,plan_skipped,CHOP,CHOP,OFF,alpha_mode_off,0.3349,2.0,True,,SELL,,
2026-03-12 00:40:10,A_VALIDATION_PIPELINE_V1,SPY,rejection_reason,CHOP,CHOP,OFF,alpha_mode_off,0.3349,2.0,True,,SELL,,
2026-03-12 00:40:10,A_VALIDATION_PIPELINE_V1,SPY,plan_skipped,CHOP,CHOP,OFF,alpha_mode_off,0.3349,2.0,True,,SELL,,
2026-03-12 00:40:15,A_VALIDATION_PIPELINE_V1,SPY,rejection_reason,CHOP,CHOP,OFF,alpha_mode_off,0.3349,2.0,True,,SELL,,
2026-03-12 00:40:15,A_VALIDATION_PIPELINE_V1,SPY,plan_skipped,CHOP,CHOP,OFF,alpha_mode_off,0.3349,2.0,True,,SELL,,
2026-03-12 00:40:19,A_VALIDATION_PIPELINE_V1,SPY,rejection_reason,CHOP,CHOP,OFF,alpha_mode_off,0.3349,2.0,True,,SELL,,
2026-03-12 00:40:19,A_VALIDATION_PIPELINE_V1,SPY,plan_skipped,CHOP,CHOP,OFF,alpha_mode_off,0.3349,2.0,True,,SELL,,
2026-03-12 00:40:23,A_VALIDATION_PIPELINE_V1,SPY,rejection_reason,CHOP,CHOP,OFF,alpha_mode_off,0.3349,2.0,True,,SELL,,
2026-03-12 00:40:23,A_VALIDATION_PIPELINE_V1,SPY,plan_skipped,CHOP,CHOP,OFF,alpha_mode_off,0.3349,2.0,True,,SELL,,
2026-03-12 00:40:28,A_VALIDATION_PIPELINE_V1,SPY,rejection_reason,CHOP,CHOP,OFF,alpha_mode_off,0.3349,2.0,True,,SELL,,
2026-03-12 00:40:28,A_VALIDATION_PIPELINE_V1,SPY,plan_skipped,CHOP,CHOP,OFF,alpha_mode_off,0.3349,2.0,True,,SELL,,
2026-03-12 00:40:32,A_VALIDATION_PIPELINE_V1,SPY,rejection_reason,CHOP,CHOP,OFF,alpha_mode_off,0.3349,2.0,True,,SELL,,
2026-03-12 00:40:32,A_VALIDATION_PIPELINE_V1,SPY,plan_skipped,CHOP,CHOP,OFF,alpha_mode_off,0.3349,2.0,True,,SELL,,
2026-03-12 00:40:37,A_VALIDATION_PIPELINE_V1,SPY,rejection_reason,CHOP,CHOP,OFF,alpha_mode_off,0.3349,2.0,True,,SELL,,
2026-03-12 00:40:37,A_VALIDATION_PIPELINE_V1,SPY,plan_skipped,CHOP,CHOP,OFF,alpha_mode_off,0.3349,2.0,True,,SELL,,
2026-03-12 00:40:41,A_VALIDATION_PIPELINE_V1,SPY,rejection_reason,CHOP,CHOP,OFF,alpha_mode_off,0.3349,2.0,True,,SELL,,
2026-03-12 00:40:41,A_VALIDATION_PIPELINE_V1,SPY,plan_skipped,CHOP,CHOP,OFF,alpha_mode_off,0.3349,2.0,True,,SELL,,
2026-03-12 00:40:46,A_VALIDATION_PIPELINE_V1,SPY,rejection_reason,CHOP,CHOP,OFF,alpha_mode_off,0.3349,2.0,True,,SELL,,
2026-03-12 00:40:46,A_VALIDATION_PIPELINE_V1,SPY,plan_skipped,CHOP,CHOP,OFF,alpha_mode_off,0.3349,2.0,True,,SELL,,
2026-03-12 00:40:50,A_VALIDATION_PIPELINE_V1,SPY,rejection_reason,CHOP,CHOP,OFF,alpha_mode_off,0.3349,2.0,True,,SELL,,
2026-03-12 00:40:50,A_VALIDATION_PIPELINE_V1,SPY,plan_skipped,CHOP,CHOP,OFF,alpha_mode_off,0.3349,2.0,True,,SELL,,
2026-03-12 00:40:55,A_VALIDATION_PIPELINE_V1,SPY,rejection_reason,CHOP,CHOP,OFF,alpha_mode_off,0.3349,2.0,True,,SELL,,
2026-03-12 00:40:55,A_VALIDATION_PIPELINE_V1,SPY,plan_skipped,CHOP,CHOP,OFF,alpha_mode_off,0.3349,2.0,True,,SELL,,
2026-03-12 00:40:59,A_VALIDATION_PIPELINE_V1,SPY,rejection_reason,CHOP,CHOP,OFF,alpha_mode_off,0.3349,2.0,True,,SELL,,
2026-03-12 00:40:59,A_VALIDATION_PIPELINE_V1,SPY,plan_skipped,CHOP,CHOP,OFF,alpha_mode_off,0.3349,2.0,True,,SELL,,
2026-03-12 00:41:03,A_VALIDATION_PIPELINE_V1,SPY,rejection_reason,CHOP,CHOP,OFF,alpha_mode_off,0.3349,2.0,True,,SELL,,
2026-03-12 00:41:03,A_VALIDATION_PIPELINE_V1,SPY,plan_skipped,CHOP,CHOP,OFF,alpha_mode_off,0.3349,2.0,True,,SELL,,
2026-03-12 00:41:08,A_VALIDATION_PIPELINE_V1,SPY,rejection_reason,CHOP,CHOP,OFF,alpha_mode_off,0.3349,2.0,True,,SELL,,
2026-03-12 00:41:08,A_VALIDATION_PIPELINE_V1,SPY,plan_skipped,CHOP,CHOP,OFF,alpha_mode_off,0.3349,2.0,True,,SELL,,
2026-03-12 00:41:12,A_VALIDATION_PIPELINE_V1,SPY,rejection_reason,CHOP,CHOP,OFF,alpha_mode_off,0.3349,2.0,True,,SELL,,
2026-03-12 00:41:12,A_VALIDATION_PIPELINE_V1,SPY,plan_skipped,CHOP,CHOP,OFF,alpha_mode_off,0.3349,2.0,True,,SELL,,
2026-03-12 00:41:18,A_VALIDATION_PIPELINE_V1,SPY,rejection_reason,CHOP,CHOP,OFF,alpha_mode_off,0.3349,2.0,True,,SELL,,
2026-03-12 00:41:18,A_VALIDATION_PIPELINE_V1,SPY,plan_skipped,CHOP,CHOP,OFF,alpha_mode_off,0.3349,2.0,True,,SELL,,
2026-03-12 00:41:22,A_VALIDATION_PIPELINE_V1,SPY,rejection_reason,CHOP,CHOP,OFF,alpha_mode_off,0.3349,2.0,True,,SELL,,
2026-03-12 00:41:22,A_VALIDATION_PIPELINE_V1,SPY,plan_skipped,CHOP,CHOP,OFF,alpha_mode_off,0.3349,2.0,True,,SELL,,
2026-03-12 00:41:27,A_VALIDATION_PIPELINE_V1,SPY,rejection_reason,CHOP,CHOP,OFF,alpha_mode_off,0.3349,2.0,True,,SELL,,
2026-03-12 00:41:27,A_VALIDATION_PIPELINE_V1,SPY,plan_skipped,CHOP,CHOP,OFF,alpha_mode_off,0.3349,2.0,True,,SELL,,
2026-03-12 00:41:31,A_VALIDATION_PIPELINE_V1,SPY,rejection_reason,CHOP,CHOP,OFF,alpha_mode_off,0.3349,2.0,True,,SELL,,
2026-03-12 00:41:31,A_VALIDATION_PIPELINE_V1,SPY,plan_skipped,CHOP,CHOP,OFF,alpha_mode_off,0.3349,2.0,True,,SELL,,
2026-03-12 00:41:35,A_VALIDATION_PIPELINE_V1,SPY,rejection_reason,CHOP,CHOP,OFF,alpha_mode_off,0.3349,2.0,True,,SELL,,
2026-03-12 00:41:35,A_VALIDATION_PIPELINE_V1,SPY,plan_skipped,CHOP,CHOP,OFF,alpha_mode_off,0.3349,2.0,True,,SELL,,
2026-03-12 00:41:40,A_VALIDATION_PIPELINE_V1,SPY,rejection_reason,CHOP,CHOP,OFF,alpha_mode_off,0.3349,2.0,True,,SELL,,
2026-03-12 00:41:40,A_VALIDATION_PIPELINE_V1,SPY,plan_skipped,CHOP,CHOP,OFF,alpha_mode_off,0.3349,2.0,True,,SELL,,
2026-03-12 00:41:44,A_VALIDATION_PIPELINE_V1,SPY,rejection_reason,CHOP,CHOP,OFF,alpha_mode_off,0.3349,2.0,True,,SELL,,
2026-03-12 00:41:44,A_VALIDATION_PIPELINE_V1,SPY,plan_skipped,CHOP,CHOP,OFF,alpha_mode_off,0.3349,2.0,True,,SELL,,
2026-03-12 00:41:49,A_VALIDATION_PIPELINE_V1,SPY,rejection_reason,CHOP,CHOP,OFF,alpha_mode_off,0.3349,2.0,True,,SELL,,
2026-03-12 00:41:49,A_VALIDATION_PIPELINE_V1,SPY,plan_skipped,CHOP,CHOP,OFF,alpha_mode_off,0.3349,2.0,True,,SELL,,
2026-03-12 00:41:53,A_VALIDATION_PIPELINE_V1,SPY,rejection_reason,CHOP,CHOP,OFF,alpha_mode_off,0.3349,2.0,True,,SELL,,
2026-03-12 00:41:53,A_VALIDATION_PIPELINE_V1,SPY,plan_skipped,CHOP,CHOP,OFF,alpha_mode_off,0.3349,2.0,True,,SELL,,
2026-03-12 00:41:58,A_VALIDATION_PIPELINE_V1,SPY,rejection_reason,CHOP,CHOP,OFF,alpha_mode_off,0.3349,2.0,True,,SELL,,
2026-03-12 00:41:58,A_VALIDATION_PIPELINE_V1,SPY,plan_skipped,CHOP,CHOP,OFF,alpha_mode_off,0.3349,2.0,True,,SELL,,
2026-03-12 00:42:02,A_VALIDATION_PIPELINE_V1,SPY,rejection_reason,CHOP,CHOP,OFF,alpha_mode_off,0.3349,2.0,True,,SELL,,
2026-03-12 00:42:02,A_VALIDATION_PIPELINE_V1,SPY,plan_skipped,CHOP,CHOP,OFF,alpha_mode_off,0.3349,2.0,True,,SELL,,
2026-03-12 00:42:06,A_VALIDATION_PIPELINE_V1,SPY,rejection_reason,CHOP,CHOP,OFF,alpha_mode_off,0.3349,2.0,True,,SELL,,
2026-03-12 00:42:06,A_VALIDATION_PIPELINE_V1,SPY,plan_skipped,CHOP,CHOP,OFF,alpha_mode_off,0.3349,2.0,True,,SELL,,
2026-03-12 00:42:11,A_VALIDATION_PIPELINE_V1,SPY,rejection_reason,CHOP,CHOP,OFF,alpha_mode_off,0.3349,2.0,True,,SELL,,
2026-03-12 00:42:11,A_VALIDATION_PIPELINE_V1,SPY,plan_skipped,CHOP,CHOP,OFF,alpha_mode_off,0.3349,2.0,True,,SELL,,
2026-03-12 00:42:15,A_VALIDATION_PIPELINE_V1,SPY,rejection_reason,CHOP,CHOP,OFF,alpha_mode_off,0.3349,2.0,True,,SELL,,
2026-03-12 00:42:15,A_VALIDATION_PIPELINE_V1,SPY,plan_skipped,CHOP,CHOP,OFF,alpha_mode_off,0.3349,2.0,True,,SELL,,
2026-03-12 00:42:20,A_VALIDATION_PIPELINE_V1,SPY,rejection_reason,CHOP,CHOP,OFF,alpha_mode_off,0.3349,2.0,True,,SELL,,
2026-03-12 00:42:20,A_VALIDATION_PIPELINE_V1,SPY,plan_skipped,CHOP,CHOP,OFF,alpha_mode_off,0.3349,2.0,True,,SELL,,
2026-03-12 00:42:24,A_VALIDATION_PIPELINE_V1,SPY,rejection_reason,CHOP,CHOP,OFF,alpha_mode_off,0.3349,2.0,True,,SELL,,
2026-03-12 00:42:24,A_VALIDATION_PIPELINE_V1,SPY,plan_skipped,CHOP,CHOP,OFF,alpha_mode_off,0.3349,2.0,True,,SELL,,
2026-03-12 00:42:29,A_VALIDATION_PIPELINE_V1,SPY,rejection_reason,CHOP,CHOP,OFF,alpha_mode_off,0.3349,2.0,True,,SELL,,
2026-03-12 00:42:29,A_VALIDATION_PIPELINE_V1,SPY,plan_skipped,CHOP,CHOP,OFF,alpha_mode_off,0.3349,2.0,True,,SELL,,
2026-03-12 00:42:33,A_VALIDATION_PIPELINE_V1,SPY,rejection_reason,CHOP,CHOP,OFF,alpha_mode_off,0.3349,2.0,True,,SELL,,
2026-03-12 00:42:33,A_VALIDATION_PIPELINE_V1,SPY,plan_skipped,CHOP,CHOP,OFF,alpha_mode_off,0.3349,2.0,True,,SELL,,
2026-03-12 00:42:38,A_VALIDATION_PIPELINE_V1,SPY,rejection_reason,CHOP,CHOP,OFF,alpha_mode_off,0.3349,2.0,True,,SELL,,
2026-03-12 00:42:38,A_VALIDATION_PIPELINE_V1,SPY,plan_skipped,CHOP,CHOP,OFF,alpha_mode_off,0.3349,2.0,True,,SELL,,
2026-03-12 00:42:42,A_VALIDATION_PIPELINE_V1,SPY,rejection_reason,CHOP,CHOP,OFF,alpha_mode_off,0.3349,2.0,True,,SELL,,
2026-03-12 00:42:42,A_VALIDATION_PIPELINE_V1,SPY,plan_skipped,CHOP,CHOP,OFF,alpha_mode_off,0.3349,2.0,True,,SELL,,
2026-03-12 00:42:47,A_VALIDATION_PIPELINE_V1,SPY,rejection_reason,CHOP,CHOP,OFF,alpha_mode_off,0.3349,2.0,True,,SELL,,
2026-03-12 00:42:47,A_VALIDATION_PIPELINE_V1,SPY,plan_skipped,CHOP,CHOP,OFF,alpha_mode_off,0.3349,2.0,True,,SELL,,
2026-03-12 00:42:51,A_VALIDATION_PIPELINE_V1,SPY,rejection_reason,CHOP,CHOP,OFF,alpha_mode_off,0.3349,2.0,True,,SELL,,
2026-03-12 00:42:51,A_VALIDATION_PIPELINE_V1,SPY,plan_skipped,CHOP,CHOP,OFF,alpha_mode_off,0.3349,2.0,True,,SELL,,
2026-03-12 00:42:56,A_VALIDATION_PIPELINE_V1,SPY,rejection_reason,CHOP,CHOP,OFF,alpha_mode_off,0.3349,2.0,True,,SELL,,
2026-03-12 00:42:56,A_VALIDATION_PIPELINE_V1,SPY,plan_skipped,CHOP,CHOP,OFF,alpha_mode_off,0.3349,2.0,True,,SELL,,
2026-03-12 00:43:01,A_VALIDATION_PIPELINE_V1,SPY,rejection_reason,CHOP,CHOP,OFF,alpha_mode_off,0.3349,2.0,True,,SELL,,
2026-03-12 00:43:01,A_VALIDATION_PIPELINE_V1,SPY,plan_skipped,CHOP,CHOP,OFF,alpha_mode_off,0.3349,2.0,True,,SELL,,
2026-03-12 00:43:05,A_VALIDATION_PIPELINE_V1,SPY,rejection_reason,CHOP,CHOP,OFF,alpha_mode_off,0.3349,2.0,True,,SELL,,
2026-03-12 00:43:05,A_VALIDATION_PIPELINE_V1,SPY,plan_skipped,CHOP,CHOP,OFF,alpha_mode_off,0.3349,2.0,True,,SELL,,
2026-03-12 00:43:09,A_VALIDATION_PIPELINE_V1,SPY,rejection_reason,CHOP,CHOP,OFF,alpha_mode_off,0.3349,2.0,True,,SELL,,
2026-03-12 00:43:09,A_VALIDATION_PIPELINE_V1,SPY,plan_skipped,CHOP,CHOP,OFF,alpha_mode_off,0.3349,2.0,True,,SELL,,
2026-03-12 00:43:14,A_VALIDATION_PIPELINE_V1,SPY,rejection_reason,CHOP,CHOP,OFF,alpha_mode_off,0.3349,2.0,True,,SELL,,
2026-03-12 00:43:14,A_VALIDATION_PIPELINE_V1,SPY,plan_skipped,CHOP,CHOP,OFF,alpha_mode_off,0.3349,2.0,True,,SELL,,
2026-03-12 00:43:18,A_VALIDATION_PIPELINE_V1,SPY,rejection_reason,CHOP,CHOP,OFF,alpha_mode_off,0.3349,2.0,True,,SELL,,
2026-03-12 00:43:18,A_VALIDATION_PIPELINE_V1,SPY,plan_skipped,CHOP,CHOP,OFF,alpha_mode_off,0.3349,2.0,True,,SELL,,
2026-03-12 00:43:23,A_VALIDATION_PIPELINE_V1,SPY,rejection_reason,CHOP,CHOP,OFF,alpha_mode_off,0.3349,2.0,True,,SELL,,
2026-03-12 00:43:23,A_VALIDATION_PIPELINE_V1,SPY,plan_skipped,CHOP,CHOP,OFF,alpha_mode_off,0.3349,2.0,True,,SELL,,
2026-03-12 00:43:27,A_VALIDATION_PIPELINE_V1,SPY,rejection_reason,CHOP,CHOP,OFF,alpha_mode_off,0.3349,2.0,True,,SELL,,
2026-03-12 00:43:27,A_VALIDATION_PIPELINE_V1,SPY,plan_skipped,CHOP,CHOP,OFF,alpha_mode_off,0.3349,2.0,True,,SELL,,
2026-03-12 00:43:32,A_VALIDATION_PIPELINE_V1,SPY,rejection_reason,CHOP,CHOP,OFF,alpha_mode_off,0.3349,2.0,True,,SELL,,
2026-03-12 00:43:32,A_VALIDATION_PIPELINE_V1,SPY,plan_skipped,CHOP,CHOP,OFF,alpha_mode_off,0.3349,2.0,True,,SELL,,
2026-03-12 00:43:36,A_VALIDATION_PIPELINE_V1,SPY,rejection_reason,CHOP,CHOP,OFF,alpha_mode_off,0.3349,2.0,True,,SELL,,
2026-03-12 00:43:36,A_VALIDATION_PIPELINE_V1,SPY,plan_skipped,CHOP,CHOP,OFF,alpha_mode_off,0.3349,2.0,True,,SELL,,
2026-03-12 00:43:41,A_VALIDATION_PIPELINE_V1,SPY,rejection_reason,CHOP,CHOP,OFF,alpha_mode_off,0.3349,2.0,True,,SELL,,
2026-03-12 00:43:41,A_VALIDATION_PIPELINE_V1,SPY,plan_skipped,CHOP,CHOP,OFF,alpha_mode_off,0.3349,2.0,True,,SELL,,
2026-03-12 00:43:45,A_VALIDATION_PIPELINE_V1,SPY,rejection_reason,CHOP,CHOP,OFF,alpha_mode_off,0.3349,2.0,True,,SELL,,
2026-03-12 00:43:45,A_VALIDATION_PIPELINE_V1,SPY,plan_skipped,CHOP,CHOP,OFF,alpha_mode_off,0.3349,2.0,True,,SELL,,
2026-03-12 00:43:49,A_VALIDATION_PIPELINE_V1,SPY,rejection_reason,CHOP,CHOP,OFF,alpha_mode_off,0.3349,2.0,True,,SELL,,
2026-03-12 00:43:49,A_VALIDATION_PIPELINE_V1,SPY,plan_skipped,CHOP,CHOP,OFF,alpha_mode_off,0.3349,2.0,True,,SELL,,
2026-03-12 00:43:54,A_VALIDATION_PIPELINE_V1,SPY,rejection_reason,CHOP,CHOP,OFF,alpha_mode_off,0.3349,2.0,True,,SELL,,
2026-03-12 00:43:54,A_VALIDATION_PIPELINE_V1,SPY,plan_skipped,CHOP,CHOP,OFF,alpha_mode_off,0.3349,2.0,True,,SELL,,
2026-03-12 00:43:59,A_VALIDATION_PIPELINE_V1,SPY,rejection_reason,CHOP,CHOP,OFF,alpha_mode_off,0.3349,2.0,True,,SELL,,
2026-03-12 00:43:59,A_VALIDATION_PIPELINE_V1,SPY,plan_skipped,CHOP,CHOP,OFF,alpha_mode_off,0.3349,2.0,True,,SELL,,
2026-03-12 00:44:03,A_VALIDATION_PIPELINE_V1,SPY,rejection_reason,CHOP,CHOP,OFF,alpha_mode_off,0.3349,2.0,True,,SELL,,
2026-03-12 00:44:03,A_VALIDATION_PIPELINE_V1,SPY,plan_skipped,CHOP,CHOP,OFF,alpha_mode_off,0.3349,2.0,True,,SELL,,
2026-03-12 00:44:08,A_VALIDATION_PIPELINE_V1,SPY,rejection_reason,CHOP,CHOP,OFF,alpha_mode_off,0.3349,2.0,True,,SELL,,
2026-03-12 00:44:08,A_VALIDATION_PIPELINE_V1,SPY,plan_skipped,CHOP,CHOP,OFF,alpha_mode_off,0.3349,2.0,True,,SELL,,
2026-03-12 00:44:12,A_VALIDATION_PIPELINE_V1,SPY,rejection_reason,CHOP,CHOP,OFF,alpha_mode_off,0.3349,2.0,True,,SELL,,
2026-03-12 00:44:12,A_VALIDATION_PIPELINE_V1,SPY,plan_skipped,CHOP,CHOP,OFF,alpha_mode_off,0.3349,2.0,True,,SELL,,
2026-03-12 00:44:17,A_VALIDATION_PIPELINE_V1,SPY,rejection_reason,CHOP,CHOP,OFF,alpha_mode_off,0.3349,2.0,True,,SELL,,
2026-03-12 00:44:17,A_VALIDATION_PIPELINE_V1,SPY,plan_skipped,CHOP,CHOP,OFF,alpha_mode_off,0.3349,2.0,True,,SELL,,
2026-03-12 00:44:21,A_VALIDATION_PIPELINE_V1,SPY,rejection_reason,CHOP,CHOP,OFF,alpha_mode_off,0.3349,2.0,True,,SELL,,
2026-03-12 00:44:21,A_VALIDATION_PIPELINE_V1,SPY,plan_skipped,CHOP,CHOP,OFF,alpha_mode_off,0.3349,2.0,True,,SELL,,
2026-03-12 00:44:26,A_VALIDATION_PIPELINE_V1,SPY,rejection_reason,CHOP,CHOP,OFF,alpha_mode_off,0.3349,2.0,True,,SELL,,
2026-03-12 00:44:26,A_VALIDATION_PIPELINE_V1,SPY,plan_skipped,CHOP,CHOP,OFF,alpha_mode_off,0.3349,2.0,True,,SELL,,
2026-03-12 00:44:30,A_VALIDATION_PIPELINE_V1,SPY,rejection_reason,CHOP,CHOP,OFF,alpha_mode_off,0.3349,2.0,True,,SELL,,
2026-03-12 00:44:30,A_VALIDATION_PIPELINE_V1,SPY,plan_skipped,CHOP,CHOP,OFF,alpha_mode_off,0.3349,2.0,True,,SELL,,
2026-03-12 00:44:34,A_VALIDATION_PIPELINE_V1,SPY,rejection_reason,CHOP,CHOP,OFF,alpha_mode_off,0.3349,2.0,True,,SELL,,
2026-03-12 00:44:34,A_VALIDATION_PIPELINE_V1,SPY,plan_skipped,CHOP,CHOP,OFF,alpha_mode_off,0.3349,2.0,True,,SELL,,
2026-03-12 00:44:39,A_VALIDATION_PIPELINE_V1,SPY,rejection_reason,CHOP,CHOP,OFF,alpha_mode_off,0.3349,2.0,True,,SELL,,
2026-03-12 00:44:39,A_VALIDATION_PIPELINE_V1,SPY,plan_skipped,CHOP,CHOP,OFF,alpha_mode_off,0.3349,2.0,True,,SELL,,
2026-03-12 00:44:43,A_VALIDATION_PIPELINE_V1,SPY,rejection_reason,CHOP,CHOP,OFF,alpha_mode_off,0.3349,2.0,True,,SELL,,
2026-03-12 00:44:43,A_VALIDATION_PIPELINE_V1,SPY,plan_skipped,CHOP,CHOP,OFF,alpha_mode_off,0.3349,2.0,True,,SELL,,
2026-03-12 00:44:48,A_VALIDATION_PIPELINE_V1,SPY,rejection_reason,CHOP,CHOP,OFF,alpha_mode_off,0.3349,2.0,True,,SELL,,
2026-03-12 00:44:48,A_VALIDATION_PIPELINE_V1,SPY,plan_skipped,CHOP,CHOP,OFF,alpha_mode_off,0.3349,2.0,True,,SELL,,
2026-03-12 00:44:52,A_VALIDATION_PIPELINE_V1,SPY,rejection_reason,CHOP,CHOP,OFF,alpha_mode_off,0.3349,2.0,True,,SELL,,
2026-03-12 00:44:52,A_VALIDATION_PIPELINE_V1,SPY,plan_skipped,CHOP,CHOP,OFF,alpha_mode_off,0.3349,2.0,True,,SELL,,
2026-03-12 00:44:57,A_VALIDATION_PIPELINE_V1,SPY,rejection_reason,CHOP,CHOP,OFF,alpha_mode_off,0.3349,2.0,True,,SELL,,
2026-03-12 00:44:57,A_VALIDATION_PIPELINE_V1,SPY,plan_skipped,CHOP,CHOP,OFF,alpha_mode_off,0.3349,2.0,True,,SELL,,
2026-03-12 00:45:01,A_VALIDATION_PIPELINE_V1,SPY,rejection_reason,CHOP,CHOP,OFF,alpha_mode_off,0.3349,2.0,True,,SELL,,
2026-03-12 00:45:01,A_VALIDATION_PIPELINE_V1,SPY,plan_skipped,CHOP,CHOP,OFF,alpha_mode_off,0.3349,2.0,True,,SELL,,
2026-03-12 00:45:06,A_VALIDATION_PIPELINE_V1,SPY,rejection_reason,CHOP,CHOP,OFF,alpha_mode_off,0.3349,2.0,True,,SELL,,
2026-03-12 00:45:06,A_VALIDATION_PIPELINE_V1,SPY,plan_skipped,CHOP,CHOP,OFF,alpha_mode_off,0.3349,2.0,True,,SELL,,
2026-03-12 00:45:10,A_VALIDATION_PIPELINE_V1,SPY,rejection_reason,CHOP,CHOP,OFF,alpha_mode_off,0.3349,2.0,True,,SELL,,
2026-03-12 00:45:10,A_VALIDATION_PIPELINE_V1,SPY,plan_skipped,CHOP,CHOP,OFF,alpha_mode_off,0.3349,2.0,True,,SELL,,
2026-03-12 00:45:15,A_VALIDATION_PIPELINE_V1,SPY,rejection_reason,CHOP,CHOP,OFF,alpha_mode_off,0.3349,2.0,True,,SELL,,
2026-03-12 00:45:15,A_VALIDATION_PIPELINE_V1,SPY,plan_skipped,CHOP,CHOP,OFF,alpha_mode_off,0.3349,2.0,True,,SELL,,
2026-03-12 00:45:19,A_VALIDATION_PIPELINE_V1,SPY,rejection_reason,CHOP,CHOP,OFF,alpha_mode_off,0.3349,2.0,True,,SELL,,
2026-03-12 00:45:19,A_VALIDATION_PIPELINE_V1,SPY,plan_skipped,CHOP,CHOP,OFF,alpha_mode_off,0.3349,2.0,True,,SELL,,
2026-03-12 00:45:23,A_VALIDATION_PIPELINE_V1,SPY,rejection_reason,CHOP,CHOP,OFF,alpha_mode_off,0.3349,2.0,True,,SELL,,
2026-03-12 00:45:23,A_VALIDATION_PIPELINE_V1,SPY,plan_skipped,CHOP,CHOP,OFF,alpha_mode_off,0.3349,2.0,True,,SELL,,
2026-03-12 00:45:28,A_VALIDATION_PIPELINE_V1,SPY,rejection_reason,CHOP,CHOP,OFF,alpha_mode_off,0.3349,2.0,True,,SELL,,
2026-03-12 00:45:28,A_VALIDATION_PIPELINE_V1,SPY,plan_skipped,CHOP,CHOP,OFF,alpha_mode_off,0.3349,2.0,True,,SELL,,
2026-03-12 00:45:32,A_VALIDATION_PIPELINE_V1,SPY,rejection_reason,CHOP,CHOP,OFF,alpha_mode_off,0.3349,2.0,True,,SELL,,
2026-03-12 00:45:32,A_VALIDATION_PIPELINE_V1,SPY,plan_skipped,CHOP,CHOP,OFF,alpha_mode_off,0.3349,2.0,True,,SELL,,
2026-03-12 00:45:37,A_VALIDATION_PIPELINE_V1,SPY,rejection_reason,CHOP,CHOP,OFF,alpha_mode_off,0.3349,2.0,True,,SELL,,
2026-03-12 00:45:37,A_VALIDATION_PIPELINE_V1,SPY,plan_skipped,CHOP,CHOP,OFF,alpha_mode_off,0.3349,2.0,True,,SELL,,
2026-03-12 00:45:41,A_VALIDATION_PIPELINE_V1,SPY,rejection_reason,CHOP,CHOP,OFF,alpha_mode_off,0.3349,2.0,True,,SELL,,
2026-03-12 00:45:41,A_VALIDATION_PIPELINE_V1,SPY,plan_skipped,CHOP,CHOP,OFF,alpha_mode_off,0.3349,2.0,True,,SELL,,
2026-03-12 00:45:46,A_VALIDATION_PIPELINE_V1,SPY,rejection_reason,CHOP,CHOP,OFF,alpha_mode_off,0.3349,2.0,True,,SELL,,
2026-03-12 00:45:46,A_VALIDATION_PIPELINE_V1,SPY,plan_skipped,CHOP,CHOP,OFF,alpha_mode_off,0.3349,2.0,True,,SELL,,
2026-03-12 00:45:50,A_VALIDATION_PIPELINE_V1,SPY,rejection_reason,CHOP,CHOP,OFF,alpha_mode_off,0.3349,2.0,True,,SELL,,
2026-03-12 00:45:50,A_VALIDATION_PIPELINE_V1,SPY,plan_skipped,CHOP,CHOP,OFF,alpha_mode_off,0.3349,2.0,True,,SELL,,
2026-03-12 00:45:54,A_VALIDATION_PIPELINE_V1,SPY,rejection_reason,CHOP,CHOP,OFF,alpha_mode_off,0.3349,2.0,True,,SELL,,
2026-03-12 00:45:54,A_VALIDATION_PIPELINE_V1,SPY,plan_skipped,CHOP,CHOP,OFF,alpha_mode_off,0.3349,2.0,True,,SELL,,
2026-03-12 00:45:59,A_VALIDATION_PIPELINE_V1,SPY,rejection_reason,CHOP,CHOP,OFF,alpha_mode_off,0.3349,2.0,True,,SELL,,
2026-03-12 00:45:59,A_VALIDATION_PIPELINE_V1,SPY,plan_skipped,CHOP,CHOP,OFF,alpha_mode_off,0.3349,2.0,True,,SELL,,
2026-03-12 00:46:03,A_VALIDATION_PIPELINE_V1,SPY,rejection_reason,CHOP,CHOP,OFF,alpha_mode_off,0.3349,2.0,True,,SELL,,
2026-03-12 00:46:03,A_VALIDATION_PIPELINE_V1,SPY,plan_skipped,CHOP,CHOP,OFF,alpha_mode_off,0.3349,2.0,True,,SELL,,
2026-03-12 00:46:08,A_VALIDATION_PIPELINE_V1,SPY,rejection_reason,CHOP,CHOP,OFF,alpha_mode_off,0.3349,2.0,True,,SELL,,
2026-03-12 00:46:08,A_VALIDATION_PIPELINE_V1,SPY,plan_skipped,CHOP,CHOP,OFF,alpha_mode_off,0.3349,2.0,True,,SELL,,
2026-03-12 00:46:12,A_VALIDATION_PIPELINE_V1,SPY,rejection_reason,CHOP,CHOP,OFF,alpha_mode_off,0.3349,2.0,True,,SELL,,
2026-03-12 00:46:12,A_VALIDATION_PIPELINE_V1,SPY,plan_skipped,CHOP,CHOP,OFF,alpha_mode_off,0.3349,2.0,True,,SELL,,
2026-03-12 00:46:17,A_VALIDATION_PIPELINE_V1,SPY,rejection_reason,CHOP,CHOP,OFF,alpha_mode_off,0.3349,2.0,True,,SELL,,
2026-03-12 00:46:17,A_VALIDATION_PIPELINE_V1,SPY,plan_skipped,CHOP,CHOP,OFF,alpha_mode_off,0.3349,2.0,True,,SELL,,
2026-03-12 00:46:22,A_VALIDATION_PIPELINE_V1,SPY,rejection_reason,CHOP,CHOP,OFF,alpha_mode_off,0.3349,2.0,True,,SELL,,
2026-03-12 00:46:22,A_VALIDATION_PIPELINE_V1,SPY,plan_skipped,CHOP,CHOP,OFF,alpha_mode_off,0.3349,2.0,True,,SELL,,
2026-03-12 00:46:27,A_VALIDATION_PIPELINE_V1,SPY,rejection_reason,CHOP,CHOP,OFF,alpha_mode_off,0.3349,2.0,True,,SELL,,
2026-03-12 00:46:27,A_VALIDATION_PIPELINE_V1,SPY,plan_skipped,CHOP,CHOP,OFF,alpha_mode_off,0.3349,2.0,True,,SELL,,
2026-03-12 00:46:31,A_VALIDATION_PIPELINE_V1,SPY,rejection_reason,CHOP,CHOP,OFF,alpha_mode_off,0.3349,2.0,True,,SELL,,
2026-03-12 00:46:31,A_VALIDATION_PIPELINE_V1,SPY,plan_skipped,CHOP,CHOP,OFF,alpha_mode_off,0.3349,2.0,True,,SELL,,
2026-03-12 00:46:35,A_VALIDATION_PIPELINE_V1,SPY,rejection_reason,CHOP,CHOP,OFF,alpha_mode_off,0.3349,2.0,True,,SELL,,
2026-03-12 00:46:36,A_VALIDATION_PIPELINE_V1,SPY,plan_skipped,CHOP,CHOP,OFF,alpha_mode_off,0.3349,2.0,True,,SELL,,
2026-03-12 00:46:40,A_VALIDATION_PIPELINE_V1,SPY,rejection_reason,CHOP,CHOP,OFF,alpha_mode_off,0.3349,2.0,True,,SELL,,
2026-03-12 00:46:40,A_VALIDATION_PIPELINE_V1,SPY,plan_skipped,CHOP,CHOP,OFF,alpha_mode_off,0.3349,2.0,True,,SELL,,
2026-03-12 00:46:44,A_VALIDATION_PIPELINE_V1,SPY,rejection_reason,CHOP,CHOP,OFF,alpha_mode_off,0.3349,2.0,True,,SELL,,
2026-03-12 00:46:44,A_VALIDATION_PIPELINE_V1,SPY,plan_skipped,CHOP,CHOP,OFF,alpha_mode_off,0.3349,2.0,True,,SELL,,
2026-03-12 00:46:49,A_VALIDATION_PIPELINE_V1,SPY,rejection_reason,CHOP,CHOP,OFF,alpha_mode_off,0.3349,2.0,True,,SELL,,
2026-03-12 00:46:49,A_VALIDATION_PIPELINE_V1,SPY,plan_skipped,CHOP,CHOP,OFF,alpha_mode_off,0.3349,2.0,True,,SELL,,
2026-03-12 00:46:53,A_VALIDATION_PIPELINE_V1,SPY,rejection_reason,CHOP,CHOP,OFF,alpha_mode_off,0.3349,2.0,True,,SELL,,
2026-03-12 00:46:53,A_VALIDATION_PIPELINE_V1,SPY,plan_skipped,CHOP,CHOP,OFF,alpha_mode_off,0.3349,2.0,True,,SELL,,
2026-03-12 00:46:58,A_VALIDATION_PIPELINE_V1,SPY,rejection_reason,CHOP,CHOP,OFF,alpha_mode_off,0.3349,2.0,True,,SELL,,
2026-03-12 00:46:58,A_VALIDATION_PIPELINE_V1,SPY,plan_skipped,CHOP,CHOP,OFF,alpha_mode_off,0.3349,2.0,True,,SELL,,
2026-03-12 00:47:02,A_VALIDATION_PIPELINE_V1,SPY,rejection_reason,CHOP,CHOP,OFF,alpha_mode_off,0.3349,2.0,True,,SELL,,
2026-03-12 00:47:02,A_VALIDATION_PIPELINE_V1,SPY,plan_skipped,CHOP,CHOP,OFF,alpha_mode_off,0.3349,2.0,True,,SELL,,
2026-03-12 00:47:07,A_VALIDATION_PIPELINE_V1,SPY,rejection_reason,CHOP,CHOP,OFF,alpha_mode_off,0.3349,2.0,True,,SELL,,
2026-03-12 00:47:07,A_VALIDATION_PIPELINE_V1,SPY,plan_skipped,CHOP,CHOP,OFF,alpha_mode_off,0.3349,2.0,True,,SELL,,
2026-03-12 00:47:11,A_VALIDATION_PIPELINE_V1,SPY,rejection_reason,CHOP,CHOP,OFF,alpha_mode_off,0.3349,2.0,True,,SELL,,
2026-03-12 00:47:11,A_VALIDATION_PIPELINE_V1,SPY,plan_skipped,CHOP,CHOP,OFF,alpha_mode_off,0.3349,2.0,True,,SELL,,
2026-03-12 00:47:16,A_VALIDATION_PIPELINE_V1,SPY,rejection_reason,CHOP,CHOP,OFF,alpha_mode_off,0.3349,2.0,True,,SELL,,
2026-03-12 00:47:16,A_VALIDATION_PIPELINE_V1,SPY,plan_skipped,CHOP,CHOP,OFF,alpha_mode_off,0.3349,2.0,True,,SELL,,
2026-03-12 00:47:20,A_VALIDATION_PIPELINE_V1,SPY,rejection_reason,CHOP,CHOP,OFF,alpha_mode_off,0.3349,2.0,True,,SELL,,
2026-03-12 00:47:20,A_VALIDATION_PIPELINE_V1,SPY,plan_skipped,CHOP,CHOP,OFF,alpha_mode_off,0.3349,2.0,True,,SELL,,
2026-03-12 00:47:25,A_VALIDATION_PIPELINE_V1,SPY,rejection_reason,CHOP,CHOP,OFF,alpha_mode_off,0.3349,2.0,True,,SELL,,
2026-03-12 00:47:25,A_VALIDATION_PIPELINE_V1,SPY,plan_skipped,CHOP,CHOP,OFF,alpha_mode_off,0.3349,2.0,True,,SELL,,
2026-03-12 00:47:30,A_VALIDATION_PIPELINE_V1,SPY,rejection_reason,CHOP,CHOP,OFF,alpha_mode_off,0.3349,2.0,True,,SELL,,
2026-03-12 00:47:30,A_VALIDATION_PIPELINE_V1,SPY,plan_skipped,CHOP,CHOP,OFF,alpha_mode_off,0.3349,2.0,True,,SELL,,
2026-03-12 00:47:34,A_VALIDATION_PIPELINE_V1,SPY,rejection_reason,CHOP,CHOP,OFF,alpha_mode_off,0.3349,2.0,True,,SELL,,
2026-03-12 00:47:34,A_VALIDATION_PIPELINE_V1,SPY,plan_skipped,CHOP,CHOP,OFF,alpha_mode_off,0.3349,2.0,True,,SELL,,
2026-03-12 00:47:39,A_VALIDATION_PIPELINE_V1,SPY,rejection_reason,CHOP,CHOP,OFF,alpha_mode_off,0.3349,2.0,True,,SELL,,
2026-03-12 00:47:39,A_VALIDATION_PIPELINE_V1,SPY,plan_skipped,CHOP,CHOP,OFF,alpha_mode_off,0.3349,2.0,True,,SELL,,
2026-03-12 00:47:43,A_VALIDATION_PIPELINE_V1,SPY,rejection_reason,CHOP,CHOP,OFF,alpha_mode_off,0.3349,2.0,True,,SELL,,
2026-03-12 00:47:43,A_VALIDATION_PIPELINE_V1,SPY,plan_skipped,CHOP,CHOP,OFF,alpha_mode_off,0.3349,2.0,True,,SELL,,
2026-03-12 00:47:47,A_VALIDATION_PIPELINE_V1,SPY,rejection_reason,CHOP,CHOP,OFF,alpha_mode_off,0.3349,2.0,True,,SELL,,
2026-03-12 00:47:47,A_VALIDATION_PIPELINE_V1,SPY,plan_skipped,CHOP,CHOP,OFF,alpha_mode_off,0.3349,2.0,True,,SELL,,
2026-03-12 00:47:52,A_VALIDATION_PIPELINE_V1,SPY,rejection_reason,CHOP,CHOP,OFF,alpha_mode_off,0.3349,2.0,True,,SELL,,
2026-03-12 00:47:52,A_VALIDATION_PIPELINE_V1,SPY,plan_skipped,CHOP,CHOP,OFF,alpha_mode_off,0.3349,2.0,True,,SELL,,
2026-03-12 00:47:56,A_VALIDATION_PIPELINE_V1,SPY,rejection_reason,CHOP,CHOP,OFF,alpha_mode_off,0.3349,2.0,True,,SELL,,
2026-03-12 00:47:56,A_VALIDATION_PIPELINE_V1,SPY,plan_skipped,CHOP,CHOP,OFF,alpha_mode_off,0.3349,2.0,True,,SELL,,
2026-03-12 00:48:01,A_VALIDATION_PIPELINE_V1,SPY,rejection_reason,CHOP,CHOP,OFF,alpha_mode_off,0.3349,2.0,True,,SELL,,
2026-03-12 00:48:01,A_VALIDATION_PIPELINE_V1,SPY,plan_skipped,CHOP,CHOP,OFF,alpha_mode_off,0.3349,2.0,True,,SELL,,
2026-03-12 00:48:05,A_VALIDATION_PIPELINE_V1,SPY,rejection_reason,CHOP,CHOP,OFF,alpha_mode_off,0.3349,2.0,True,,SELL,,
2026-03-12 00:48:05,A_VALIDATION_PIPELINE_V1,SPY,plan_skipped,CHOP,CHOP,OFF,alpha_mode_off,0.3349,2.0,True,,SELL,,
2026-03-12 00:48:10,A_VALIDATION_PIPELINE_V1,SPY,rejection_reason,CHOP,CHOP,OFF,alpha_mode_off,0.3349,2.0,True,,SELL,,
2026-03-12 00:48:10,A_VALIDATION_PIPELINE_V1,SPY,plan_skipped,CHOP,CHOP,OFF,alpha_mode_off,0.3349,2.0,True,,SELL,,
2026-03-12 00:48:14,A_VALIDATION_PIPELINE_V1,SPY,rejection_reason,CHOP,CHOP,OFF,alpha_mode_off,0.3349,2.0,True,,SELL,,
2026-03-12 00:48:14,A_VALIDATION_PIPELINE_V1,SPY,plan_skipped,CHOP,CHOP,OFF,alpha_mode_off,0.3349,2.0,True,,SELL,,
2026-03-12 00:48:19,A_VALIDATION_PIPELINE_V1,SPY,rejection_reason,CHOP,CHOP,OFF,alpha_mode_off,0.3349,2.0,True,,SELL,,
2026-03-12 00:48:19,A_VALIDATION_PIPELINE_V1,SPY,plan_skipped,CHOP,CHOP,OFF,alpha_mode_off,0.3349,2.0,True,,SELL,,
2026-03-12 00:48:23,A_VALIDATION_PIPELINE_V1,SPY,rejection_reason,CHOP,CHOP,OFF,alpha_mode_off,0.3349,2.0,True,,SELL,,
2026-03-12 00:48:23,A_VALIDATION_PIPELINE_V1,SPY,plan_skipped,CHOP,CHOP,OFF,alpha_mode_off,0.3349,2.0,True,,SELL,,
2026-03-12 00:48:28,A_VALIDATION_PIPELINE_V1,SPY,rejection_reason,CHOP,CHOP,OFF,alpha_mode_off,0.3349,2.0,True,,SELL,,
2026-03-12 00:48:28,A_VALIDATION_PIPELINE_V1,SPY,plan_skipped,CHOP,CHOP,OFF,alpha_mode_off,0.3349,2.0,True,,SELL,,
2026-03-12 00:48:32,A_VALIDATION_PIPELINE_V1,SPY,rejection_reason,CHOP,CHOP,OFF,alpha_mode_off,0.3349,2.0,True,,SELL,,
2026-03-12 00:48:32,A_VALIDATION_PIPELINE_V1,SPY,plan_skipped,CHOP,CHOP,OFF,alpha_mode_off,0.3349,2.0,True,,SELL,,
2026-03-12 00:48:37,A_VALIDATION_PIPELINE_V1,SPY,rejection_reason,CHOP,CHOP,OFF,alpha_mode_off,0.3349,2.0,True,,SELL,,
2026-03-12 00:48:37,A_VALIDATION_PIPELINE_V1,SPY,plan_skipped,CHOP,CHOP,OFF,alpha_mode_off,0.3349,2.0,True,,SELL,,
2026-03-12 00:48:41,A_VALIDATION_PIPELINE_V1,SPY,rejection_reason,CHOP,CHOP,OFF,alpha_mode_off,0.3349,2.0,True,,SELL,,
2026-03-12 00:48:41,A_VALIDATION_PIPELINE_V1,SPY,plan_skipped,CHOP,CHOP,OFF,alpha_mode_off,0.3349,2.0,True,,SELL,,
2026-03-12 00:48:45,A_VALIDATION_PIPELINE_V1,SPY,rejection_reason,CHOP,CHOP,OFF,alpha_mode_off,0.3349,2.0,True,,SELL,,
2026-03-12 00:48:45,A_VALIDATION_PIPELINE_V1,SPY,plan_skipped,CHOP,CHOP,OFF,alpha_mode_off,0.3349,2.0,True,,SELL,,
2026-03-12 00:48:50,A_VALIDATION_PIPELINE_V1,SPY,rejection_reason,CHOP,CHOP,OFF,alpha_mode_off,0.3349,2.0,True,,SELL,,
2026-03-12 00:48:50,A_VALIDATION_PIPELINE_V1,SPY,plan_skipped,CHOP,CHOP,OFF,alpha_mode_off,0.3349,2.0,True,,SELL,,
2026-03-12 00:48:55,A_VALIDATION_PIPELINE_V1,SPY,rejection_reason,CHOP,CHOP,OFF,alpha_mode_off,0.3349,2.0,True,,SELL,,
2026-03-12 00:48:55,A_VALIDATION_PIPELINE_V1,SPY,plan_skipped,CHOP,CHOP,OFF,alpha_mode_off,0.3349,2.0,True,,SELL,,
2026-03-12 00:48:59,A_VALIDATION_PIPELINE_V1,SPY,rejection_reason,CHOP,CHOP,OFF,alpha_mode_off,0.3349,2.0,True,,SELL,,
2026-03-12 00:48:59,A_VALIDATION_PIPELINE_V1,SPY,plan_skipped,CHOP,CHOP,OFF,alpha_mode_off,0.3349,2.0,True,,SELL,,
2026-03-12 00:49:04,A_VALIDATION_PIPELINE_V1,SPY,rejection_reason,CHOP,CHOP,OFF,alpha_mode_off,0.3349,2.0,True,,SELL,,
2026-03-12 00:49:04,A_VALIDATION_PIPELINE_V1,SPY,plan_skipped,CHOP,CHOP,OFF,alpha_mode_off,0.3349,2.0,True,,SELL,,
2026-03-12 00:49:08,A_VALIDATION_PIPELINE_V1,SPY,rejection_reason,CHOP,CHOP,OFF,alpha_mode_off,0.3349,2.0,True,,SELL,,
2026-03-12 00:49:08,A_VALIDATION_PIPELINE_V1,SPY,plan_skipped,CHOP,CHOP,OFF,alpha_mode_off,0.3349,2.0,True,,SELL,,
2026-03-12 00:49:13,A_VALIDATION_PIPELINE_V1,SPY,rejection_reason,CHOP,CHOP,OFF,alpha_mode_off,0.3349,2.0,True,,SELL,,
2026-03-12 00:49:13,A_VALIDATION_PIPELINE_V1,SPY,plan_skipped,CHOP,CHOP,OFF,alpha_mode_off,0.3349,2.0,True,,SELL,,
2026-03-12 00:49:17,A_VALIDATION_PIPELINE_V1,SPY,rejection_reason,CHOP,CHOP,OFF,alpha_mode_off,0.3349,2.0,True,,SELL,,
2026-03-12 00:49:17,A_VALIDATION_PIPELINE_V1,SPY,plan_skipped,CHOP,CHOP,OFF,alpha_mode_off,0.3349,2.0,True,,SELL,,
2026-03-12 00:49:22,A_VALIDATION_PIPELINE_V1,SPY,rejection_reason,CHOP,CHOP,OFF,alpha_mode_off,0.3349,2.0,True,,SELL,,
2026-03-12 00:49:22,A_VALIDATION_PIPELINE_V1,SPY,plan_skipped,CHOP,CHOP,OFF,alpha_mode_off,0.3349,2.0,True,,SELL,,
2026-03-12 00:49:26,A_VALIDATION_PIPELINE_V1,SPY,rejection_reason,CHOP,CHOP,OFF,alpha_mode_off,0.3349,2.0,True,,SELL,,
2026-03-12 00:49:26,A_VALIDATION_PIPELINE_V1,SPY,plan_skipped,CHOP,CHOP,OFF,alpha_mode_off,0.3349,2.0,True,,SELL,,
2026-03-12 00:49:31,A_VALIDATION_PIPELINE_V1,SPY,rejection_reason,CHOP,CHOP,OFF,alpha_mode_off,0.3349,2.0,True,,SELL,,
2026-03-12 00:49:31,A_VALIDATION_PIPELINE_V1,SPY,plan_skipped,CHOP,CHOP,OFF,alpha_mode_off,0.3349,2.0,True,,SELL,,
2026-03-12 00:49:35,A_VALIDATION_PIPELINE_V1,SPY,rejection_reason,CHOP,CHOP,OFF,alpha_mode_off,0.3349,2.0,True,,SELL,,
2026-03-12 00:49:35,A_VALIDATION_PIPELINE_V1,SPY,plan_skipped,CHOP,CHOP,OFF,alpha_mode_off,0.3349,2.0,True,,SELL,,
2026-03-12 00:49:40,A_VALIDATION_PIPELINE_V1,SPY,rejection_reason,CHOP,CHOP,OFF,alpha_mode_off,0.3349,2.0,True,,SELL,,
2026-03-12 00:49:40,A_VALIDATION_PIPELINE_V1,SPY,plan_skipped,CHOP,CHOP,OFF,alpha_mode_off,0.3349,2.0,True,,SELL,,
2026-03-12 00:49:44,A_VALIDATION_PIPELINE_V1,SPY,rejection_reason,CHOP,CHOP,OFF,alpha_mode_off,0.3349,2.0,True,,SELL,,
2026-03-12 00:49:44,A_VALIDATION_PIPELINE_V1,SPY,plan_skipped,CHOP,CHOP,OFF,alpha_mode_off,0.3349,2.0,True,,SELL,,
2026-03-12 00:49:49,A_VALIDATION_PIPELINE_V1,SPY,rejection_reason,CHOP,CHOP,OFF,alpha_mode_off,0.3349,2.0,True,,SELL,,
2026-03-12 00:49:49,A_VALIDATION_PIPELINE_V1,SPY,plan_skipped,CHOP,CHOP,OFF,alpha_mode_off,0.3349,2.0,True,,SELL,,
2026-03-12 00:49:53,A_VALIDATION_PIPELINE_V1,SPY,rejection_reason,CHOP,CHOP,OFF,alpha_mode_off,0.3349,2.0,True,,SELL,,
2026-03-12 00:49:53,A_VALIDATION_PIPELINE_V1,SPY,plan_skipped,CHOP,CHOP,OFF,alpha_mode_off,0.3349,2.0,True,,SELL,,
2026-03-12 00:49:58,A_VALIDATION_PIPELINE_V1,SPY,rejection_reason,CHOP,CHOP,OFF,alpha_mode_off,0.3349,2.0,True,,SELL,,
2026-03-12 00:49:58,A_VALIDATION_PIPELINE_V1,SPY,plan_skipped,CHOP,CHOP,OFF,alpha_mode_off,0.3349,2.0,True,,SELL,,
2026-03-12 00:50:02,A_VALIDATION_PIPELINE_V1,SPY,rejection_reason,CHOP,CHOP,OFF,alpha_mode_off,0.3349,2.0,True,,SELL,,
2026-03-12 00:50:02,A_VALIDATION_PIPELINE_V1,SPY,plan_skipped,CHOP,CHOP,OFF,alpha_mode_off,0.3349,2.0,True,,SELL,,
2026-03-12 00:50:06,A_VALIDATION_PIPELINE_V1,SPY,rejection_reason,CHOP,CHOP,OFF,alpha_mode_off,0.3349,2.0,True,,SELL,,
2026-03-12 00:50:06,A_VALIDATION_PIPELINE_V1,SPY,plan_skipped,CHOP,CHOP,OFF,alpha_mode_off,0.3349,2.0,True,,SELL,,
2026-03-12 00:50:11,A_VALIDATION_PIPELINE_V1,SPY,rejection_reason,CHOP,CHOP,OFF,alpha_mode_off,0.3349,2.0,True,,SELL,,
2026-03-12 00:50:11,A_VALIDATION_PIPELINE_V1,SPY,plan_skipped,CHOP,CHOP,OFF,alpha_mode_off,0.3349,2.0,True,,SELL,,
2026-03-12 00:50:15,A_VALIDATION_PIPELINE_V1,SPY,rejection_reason,CHOP,CHOP,OFF,alpha_mode_off,0.3349,2.0,True,,SELL,,
2026-03-12 00:50:15,A_VALIDATION_PIPELINE_V1,SPY,plan_skipped,CHOP,CHOP,OFF,alpha_mode_off,0.3349,2.0,True,,SELL,,
2026-03-12 00:50:20,A_VALIDATION_PIPELINE_V1,SPY,rejection_reason,CHOP,CHOP,OFF,alpha_mode_off,0.3349,2.0,True,,SELL,,
2026-03-12 00:50:20,A_VALIDATION_PIPELINE_V1,SPY,plan_skipped,CHOP,CHOP,OFF,alpha_mode_off,0.3349,2.0,True,,SELL,,
2026-03-12 00:50:24,A_VALIDATION_PIPELINE_V1,SPY,rejection_reason,CHOP,CHOP,OFF,alpha_mode_off,0.3349,2.0,True,,SELL,,
2026-03-12 00:50:24,A_VALIDATION_PIPELINE_V1,SPY,plan_skipped,CHOP,CHOP,OFF,alpha_mode_off,0.3349,2.0,True,,SELL,,
2026-03-12 00:50:29,A_VALIDATION_PIPELINE_V1,SPY,rejection_reason,CHOP,CHOP,OFF,alpha_mode_off,0.3349,2.0,True,,SELL,,
2026-03-12 00:50:29,A_VALIDATION_PIPELINE_V1,SPY,plan_skipped,CHOP,CHOP,OFF,alpha_mode_off,0.3349,2.0,True,,SELL,,
2026-03-12 00:50:33,A_VALIDATION_PIPELINE_V1,SPY,rejection_reason,CHOP,CHOP,OFF,alpha_mode_off,0.3349,2.0,True,,SELL,,
2026-03-12 00:50:33,A_VALIDATION_PIPELINE_V1,SPY,plan_skipped,CHOP,CHOP,OFF,alpha_mode_off,0.3349,2.0,True,,SELL,,
2026-03-12 00:50:38,A_VALIDATION_PIPELINE_V1,SPY,rejection_reason,CHOP,CHOP,OFF,alpha_mode_off,0.3349,2.0,True,,SELL,,
2026-03-12 00:50:38,A_VALIDATION_PIPELINE_V1,SPY,plan_skipped,CHOP,CHOP,OFF,alpha_mode_off,0.3349,2.0,True,,SELL,,
2026-03-12 00:50:42,A_VALIDATION_PIPELINE_V1,SPY,rejection_reason,CHOP,CHOP,OFF,alpha_mode_off,0.3349,2.0,True,,SELL,,
2026-03-12 00:50:42,A_VALIDATION_PIPELINE_V1,SPY,plan_skipped,CHOP,CHOP,OFF,alpha_mode_off,0.3349,2.0,True,,SELL,,
2026-03-12 00:50:47,A_VALIDATION_PIPELINE_V1,SPY,rejection_reason,CHOP,CHOP,OFF,alpha_mode_off,0.3349,2.0,True,,SELL,,
2026-03-12 00:50:47,A_VALIDATION_PIPELINE_V1,SPY,plan_skipped,CHOP,CHOP,OFF,alpha_mode_off,0.3349,2.0,True,,SELL,,
2026-03-12 00:50:52,A_VALIDATION_PIPELINE_V1,SPY,rejection_reason,CHOP,CHOP,OFF,alpha_mode_off,0.3349,2.0,True,,SELL,,
2026-03-12 00:50:52,A_VALIDATION_PIPELINE_V1,SPY,plan_skipped,CHOP,CHOP,OFF,alpha_mode_off,0.3349,2.0,True,,SELL,,
2026-03-12 00:50:56,A_VALIDATION_PIPELINE_V1,SPY,rejection_reason,CHOP,CHOP,OFF,alpha_mode_off,0.3349,2.0,True,,SELL,,
2026-03-12 00:50:56,A_VALIDATION_PIPELINE_V1,SPY,plan_skipped,CHOP,CHOP,OFF,alpha_mode_off,0.3349,2.0,True,,SELL,,
2026-03-12 00:51:01,A_VALIDATION_PIPELINE_V1,SPY,rejection_reason,CHOP,CHOP,OFF,alpha_mode_off,0.3349,2.0,True,,SELL,,
2026-03-12 00:51:01,A_VALIDATION_PIPELINE_V1,SPY,plan_skipped,CHOP,CHOP,OFF,alpha_mode_off,0.3349,2.0,True,,SELL,,
2026-03-12 00:51:06,A_VALIDATION_PIPELINE_V1,SPY,rejection_reason,CHOP,CHOP,OFF,alpha_mode_off,0.3349,2.0,True,,SELL,,
2026-03-12 00:51:06,A_VALIDATION_PIPELINE_V1,SPY,plan_skipped,CHOP,CHOP,OFF,alpha_mode_off,0.3349,2.0,True,,SELL,,
2026-03-12 00:51:10,A_VALIDATION_PIPELINE_V1,SPY,rejection_reason,CHOP,CHOP,OFF,alpha_mode_off,0.3349,2.0,True,,SELL,,
2026-03-12 00:51:10,A_VALIDATION_PIPELINE_V1,SPY,plan_skipped,CHOP,CHOP,OFF,alpha_mode_off,0.3349,2.0,True,,SELL,,
2026-03-12 00:51:15,A_VALIDATION_PIPELINE_V1,SPY,rejection_reason,CHOP,CHOP,OFF,alpha_mode_off,0.3349,2.0,True,,SELL,,
2026-03-12 00:51:15,A_VALIDATION_PIPELINE_V1,SPY,plan_skipped,CHOP,CHOP,OFF,alpha_mode_off,0.3349,2.0,True,,SELL,,
2026-03-12 00:51:19,A_VALIDATION_PIPELINE_V1,SPY,rejection_reason,CHOP,CHOP,OFF,alpha_mode_off,0.3349,2.0,True,,SELL,,
2026-03-12 00:51:19,A_VALIDATION_PIPELINE_V1,SPY,plan_skipped,CHOP,CHOP,OFF,alpha_mode_off,0.3349,2.0,True,,SELL,,
2026-03-12 00:51:23,A_VALIDATION_PIPELINE_V1,SPY,rejection_reason,CHOP,CHOP,OFF,alpha_mode_off,0.3349,2.0,True,,SELL,,
2026-03-12 00:51:23,A_VALIDATION_PIPELINE_V1,SPY,plan_skipped,CHOP,CHOP,OFF,alpha_mode_off,0.3349,2.0,True,,SELL,,
2026-03-12 00:51:28,A_VALIDATION_PIPELINE_V1,SPY,rejection_reason,CHOP,CHOP,OFF,alpha_mode_off,0.3349,2.0,True,,SELL,,
2026-03-12 00:51:28,A_VALIDATION_PIPELINE_V1,SPY,plan_skipped,CHOP,CHOP,OFF,alpha_mode_off,0.3349,2.0,True,,SELL,,
2026-03-12 00:51:32,A_VALIDATION_PIPELINE_V1,SPY,rejection_reason,CHOP,CHOP,OFF,alpha_mode_off,0.3349,2.0,True,,SELL,,
2026-03-12 00:51:32,A_VALIDATION_PIPELINE_V1,SPY,plan_skipped,CHOP,CHOP,OFF,alpha_mode_off,0.3349,2.0,True,,SELL,,
2026-03-12 00:51:37,A_VALIDATION_PIPELINE_V1,SPY,rejection_reason,CHOP,CHOP,OFF,alpha_mode_off,0.3349,2.0,True,,SELL,,
2026-03-12 00:51:37,A_VALIDATION_PIPELINE_V1,SPY,plan_skipped,CHOP,CHOP,OFF,alpha_mode_off,0.3349,2.0,True,,SELL,,
2026-03-12 00:51:41,A_VALIDATION_PIPELINE_V1,SPY,rejection_reason,CHOP,CHOP,OFF,alpha_mode_off,0.3349,2.0,True,,SELL,,
2026-03-12 00:51:41,A_VALIDATION_PIPELINE_V1,SPY,plan_skipped,CHOP,CHOP,OFF,alpha_mode_off,0.3349,2.0,True,,SELL,,
2026-03-12 00:51:46,A_VALIDATION_PIPELINE_V1,SPY,rejection_reason,CHOP,CHOP,OFF,alpha_mode_off,0.3349,2.0,True,,SELL,,
2026-03-12 00:51:46,A_VALIDATION_PIPELINE_V1,SPY,plan_skipped,CHOP,CHOP,OFF,alpha_mode_off,0.3349,2.0,True,,SELL,,
2026-03-12 00:51:50,A_VALIDATION_PIPELINE_V1,SPY,rejection_reason,CHOP,CHOP,OFF,alpha_mode_off,0.3349,2.0,True,,SELL,,
2026-03-12 00:51:50,A_VALIDATION_PIPELINE_V1,SPY,plan_skipped,CHOP,CHOP,OFF,alpha_mode_off,0.3349,2.0,True,,SELL,,
2026-03-12 00:51:55,A_VALIDATION_PIPELINE_V1,SPY,rejection_reason,CHOP,CHOP,OFF,alpha_mode_off,0.3349,2.0,True,,SELL,,
2026-03-12 00:51:55,A_VALIDATION_PIPELINE_V1,SPY,plan_skipped,CHOP,CHOP,OFF,alpha_mode_off,0.3349,2.0,True,,SELL,,
2026-03-12 00:51:59,A_VALIDATION_PIPELINE_V1,SPY,rejection_reason,CHOP,CHOP,OFF,alpha_mode_off,0.3349,2.0,True,,SELL,,
2026-03-12 00:51:59,A_VALIDATION_PIPELINE_V1,SPY,plan_skipped,CHOP,CHOP,OFF,alpha_mode_off,0.3349,2.0,True,,SELL,,
2026-03-12 00:52:03,A_VALIDATION_PIPELINE_V1,SPY,rejection_reason,CHOP,CHOP,OFF,alpha_mode_off,0.3349,2.0,True,,SELL,,
2026-03-12 00:52:03,A_VALIDATION_PIPELINE_V1,SPY,plan_skipped,CHOP,CHOP,OFF,alpha_mode_off,0.3349,2.0,True,,SELL,,
2026-03-12 00:52:08,A_VALIDATION_PIPELINE_V1,SPY,rejection_reason,CHOP,CHOP,OFF,alpha_mode_off,0.3349,2.0,True,,SELL,,
2026-03-12 00:52:08,A_VALIDATION_PIPELINE_V1,SPY,plan_skipped,CHOP,CHOP,OFF,alpha_mode_off,0.3349,2.0,True,,SELL,,
2026-03-12 00:52:12,A_VALIDATION_PIPELINE_V1,SPY,rejection_reason,CHOP,CHOP,OFF,alpha_mode_off,0.3349,2.0,True,,SELL,,
2026-03-12 00:52:12,A_VALIDATION_PIPELINE_V1,SPY,plan_skipped,CHOP,CHOP,OFF,alpha_mode_off,0.3349,2.0,True,,SELL,,
2026-03-12 00:52:17,A_VALIDATION_PIPELINE_V1,SPY,rejection_reason,CHOP,CHOP,OFF,alpha_mode_off,0.3349,2.0,True,,SELL,,
2026-03-12 00:52:17,A_VALIDATION_PIPELINE_V1,SPY,plan_skipped,CHOP,CHOP,OFF,alpha_mode_off,0.3349,2.0,True,,SELL,,
2026-03-12 00:52:22,A_VALIDATION_PIPELINE_V1,SPY,rejection_reason,CHOP,CHOP,OFF,alpha_mode_off,0.3349,2.0,True,,SELL,,
2026-03-12 00:52:22,A_VALIDATION_PIPELINE_V1,SPY,plan_skipped,CHOP,CHOP,OFF,alpha_mode_off,0.3349,2.0,True,,SELL,,
2026-03-12 00:52:26,A_VALIDATION_PIPELINE_V1,SPY,rejection_reason,CHOP,CHOP,OFF,alpha_mode_off,0.3349,2.0,True,,SELL,,
2026-03-12 00:52:26,A_VALIDATION_PIPELINE_V1,SPY,plan_skipped,CHOP,CHOP,OFF,alpha_mode_off,0.3349,2.0,True,,SELL,,
2026-03-12 00:52:31,A_VALIDATION_PIPELINE_V1,SPY,rejection_reason,CHOP,CHOP,OFF,alpha_mode_off,0.3349,2.0,True,,SELL,,
2026-03-12 00:52:31,A_VALIDATION_PIPELINE_V1,SPY,plan_skipped,CHOP,CHOP,OFF,alpha_mode_off,0.3349,2.0,True,,SELL,,
2026-03-12 00:52:35,A_VALIDATION_PIPELINE_V1,SPY,rejection_reason,CHOP,CHOP,OFF,alpha_mode_off,0.3349,2.0,True,,SELL,,
2026-03-12 00:52:35,A_VALIDATION_PIPELINE_V1,SPY,plan_skipped,CHOP,CHOP,OFF,alpha_mode_off,0.3349,2.0,True,,SELL,,
2026-03-12 00:52:40,A_VALIDATION_PIPELINE_V1,SPY,rejection_reason,CHOP,CHOP,OFF,alpha_mode_off,0.3349,2.0,True,,SELL,,
2026-03-12 00:52:40,A_VALIDATION_PIPELINE_V1,SPY,plan_skipped,CHOP,CHOP,OFF,alpha_mode_off,0.3349,2.0,True,,SELL,,
2026-03-12 00:52:45,A_VALIDATION_PIPELINE_V1,SPY,rejection_reason,CHOP,CHOP,OFF,alpha_mode_off,0.3349,2.0,True,,SELL,,
2026-03-12 00:52:45,A_VALIDATION_PIPELINE_V1,SPY,plan_skipped,CHOP,CHOP,OFF,alpha_mode_off,0.3349,2.0,True,,SELL,,
2026-03-12 00:52:49,A_VALIDATION_PIPELINE_V1,SPY,rejection_reason,CHOP,CHOP,OFF,alpha_mode_off,0.3349,2.0,True,,SELL,,
2026-03-12 00:52:49,A_VALIDATION_PIPELINE_V1,SPY,plan_skipped,CHOP,CHOP,OFF,alpha_mode_off,0.3349,2.0,True,,SELL,,
2026-03-12 00:52:53,A_VALIDATION_PIPELINE_V1,SPY,rejection_reason,CHOP,CHOP,OFF,alpha_mode_off,0.3349,2.0,True,,SELL,,
2026-03-12 00:52:53,A_VALIDATION_PIPELINE_V1,SPY,plan_skipped,CHOP,CHOP,OFF,alpha_mode_off,0.3349,2.0,True,,SELL,,
2026-03-12 00:52:58,A_VALIDATION_PIPELINE_V1,SPY,rejection_reason,CHOP,CHOP,OFF,alpha_mode_off,0.3349,2.0,True,,SELL,,
2026-03-12 00:52:58,A_VALIDATION_PIPELINE_V1,SPY,plan_skipped,CHOP,CHOP,OFF,alpha_mode_off,0.3349,2.0,True,,SELL,,
2026-03-12 00:53:03,A_VALIDATION_PIPELINE_V1,SPY,rejection_reason,CHOP,CHOP,OFF,alpha_mode_off,0.3349,2.0,True,,SELL,,
2026-03-12 00:53:03,A_VALIDATION_PIPELINE_V1,SPY,plan_skipped,CHOP,CHOP,OFF,alpha_mode_off,0.3349,2.0,True,,SELL,,
2026-03-12 00:53:07,A_VALIDATION_PIPELINE_V1,SPY,rejection_reason,CHOP,CHOP,OFF,alpha_mode_off,0.3349,2.0,True,,SELL,,
2026-03-12 00:53:07,A_VALIDATION_PIPELINE_V1,SPY,plan_skipped,CHOP,CHOP,OFF,alpha_mode_off,0.3349,2.0,True,,SELL,,
2026-03-12 00:53:12,A_VALIDATION_PIPELINE_V1,SPY,rejection_reason,CHOP,CHOP,OFF,alpha_mode_off,0.3349,2.0,True,,SELL,,
2026-03-12 00:53:12,A_VALIDATION_PIPELINE_V1,SPY,plan_skipped,CHOP,CHOP,OFF,alpha_mode_off,0.3349,2.0,True,,SELL,,
2026-03-12 00:53:16,A_VALIDATION_PIPELINE_V1,SPY,rejection_reason,CHOP,CHOP,OFF,alpha_mode_off,0.3349,2.0,True,,SELL,,
2026-03-12 00:53:16,A_VALIDATION_PIPELINE_V1,SPY,plan_skipped,CHOP,CHOP,OFF,alpha_mode_off,0.3349,2.0,True,,SELL,,
2026-03-12 00:53:20,A_VALIDATION_PIPELINE_V1,SPY,rejection_reason,CHOP,CHOP,OFF,alpha_mode_off,0.3349,2.0,True,,SELL,,
2026-03-12 00:53:20,A_VALIDATION_PIPELINE_V1,SPY,plan_skipped,CHOP,CHOP,OFF,alpha_mode_off,0.3349,2.0,True,,SELL,,
2026-03-12 00:53:26,A_VALIDATION_PIPELINE_V1,SPY,rejection_reason,CHOP,CHOP,OFF,alpha_mode_off,0.3349,2.0,True,,SELL,,
2026-03-12 00:53:26,A_VALIDATION_PIPELINE_V1,SPY,plan_skipped,CHOP,CHOP,OFF,alpha_mode_off,0.3349,2.0,True,,SELL,,
2026-03-12 00:53:31,A_VALIDATION_PIPELINE_V1,SPY,rejection_reason,CHOP,CHOP,OFF,alpha_mode_off,0.3349,2.0,True,,SELL,,
2026-03-12 00:53:31,A_VALIDATION_PIPELINE_V1,SPY,plan_skipped,CHOP,CHOP,OFF,alpha_mode_off,0.3349,2.0,True,,SELL,,
2026-03-12 00:53:35,A_VALIDATION_PIPELINE_V1,SPY,rejection_reason,CHOP,CHOP,OFF,alpha_mode_off,0.3349,2.0,True,,SELL,,
2026-03-12 00:53:35,A_VALIDATION_PIPELINE_V1,SPY,plan_skipped,CHOP,CHOP,OFF,alpha_mode_off,0.3349,2.0,True,,SELL,,
2026-03-12 00:53:39,A_VALIDATION_PIPELINE_V1,SPY,rejection_reason,CHOP,CHOP,OFF,alpha_mode_off,0.3349,2.0,True,,SELL,,
2026-03-12 00:53:39,A_VALIDATION_PIPELINE_V1,SPY,plan_skipped,CHOP,CHOP,OFF,alpha_mode_off,0.3349,2.0,True,,SELL,,
2026-03-12 00:53:44,A_VALIDATION_PIPELINE_V1,SPY,rejection_reason,CHOP,CHOP,OFF,alpha_mode_off,0.3349,2.0,True,,SELL,,
2026-03-12 00:53:44,A_VALIDATION_PIPELINE_V1,SPY,plan_skipped,CHOP,CHOP,OFF,alpha_mode_off,0.3349,2.0,True,,SELL,,
2026-03-12 00:53:48,A_VALIDATION_PIPELINE_V1,SPY,rejection_reason,CHOP,CHOP,OFF,alpha_mode_off,0.3349,2.0,True,,SELL,,
2026-03-12 00:53:48,A_VALIDATION_PIPELINE_V1,SPY,plan_skipped,CHOP,CHOP,OFF,alpha_mode_off,0.3349,2.0,True,,SELL,,
2026-03-12 00:53:53,A_VALIDATION_PIPELINE_V1,SPY,rejection_reason,CHOP,CHOP,OFF,alpha_mode_off,0.3349,2.0,True,,SELL,,
2026-03-12 00:53:53,A_VALIDATION_PIPELINE_V1,SPY,plan_skipped,CHOP,CHOP,OFF,alpha_mode_off,0.3349,2.0,True,,SELL,,
2026-03-12 00:53:57,A_VALIDATION_PIPELINE_V1,SPY,rejection_reason,CHOP,CHOP,OFF,alpha_mode_off,0.3349,2.0,True,,SELL,,
2026-03-12 00:53:57,A_VALIDATION_PIPELINE_V1,SPY,plan_skipped,CHOP,CHOP,OFF,alpha_mode_off,0.3349,2.0,True,,SELL,,
2026-03-12 00:54:02,A_VALIDATION_PIPELINE_V1,SPY,rejection_reason,CHOP,CHOP,OFF,alpha_mode_off,0.3349,2.0,True,,SELL,,
2026-03-12 00:54:02,A_VALIDATION_PIPELINE_V1,SPY,plan_skipped,CHOP,CHOP,OFF,alpha_mode_off,0.3349,2.0,True,,SELL,,
2026-03-12 00:54:06,A_VALIDATION_PIPELINE_V1,SPY,rejection_reason,CHOP,CHOP,OFF,alpha_mode_off,0.3349,2.0,True,,SELL,,
2026-03-12 00:54:06,A_VALIDATION_PIPELINE_V1,SPY,plan_skipped,CHOP,CHOP,OFF,alpha_mode_off,0.3349,2.0,True,,SELL,,
2026-03-12 00:54:10,A_VALIDATION_PIPELINE_V1,SPY,rejection_reason,CHOP,CHOP,OFF,alpha_mode_off,0.3349,2.0,True,,SELL,,
2026-03-12 00:54:10,A_VALIDATION_PIPELINE_V1,SPY,plan_skipped,CHOP,CHOP,OFF,alpha_mode_off,0.3349,2.0,True,,SELL,,
2026-03-12 00:54:15,A_VALIDATION_PIPELINE_V1,SPY,rejection_reason,CHOP,CHOP,OFF,alpha_mode_off,0.3349,2.0,True,,SELL,,
2026-03-12 00:54:15,A_VALIDATION_PIPELINE_V1,SPY,plan_skipped,CHOP,CHOP,OFF,alpha_mode_off,0.3349,2.0,True,,SELL,,
2026-03-12 00:54:19,A_VALIDATION_PIPELINE_V1,SPY,rejection_reason,CHOP,CHOP,OFF,alpha_mode_off,0.3349,2.0,True,,SELL,,
2026-03-12 00:54:19,A_VALIDATION_PIPELINE_V1,SPY,plan_skipped,CHOP,CHOP,OFF,alpha_mode_off,0.3349,2.0,True,,SELL,,
2026-03-12 00:54:24,A_VALIDATION_PIPELINE_V1,SPY,rejection_reason,CHOP,CHOP,OFF,alpha_mode_off,0.3349,2.0,True,,SELL,,
2026-03-12 00:54:24,A_VALIDATION_PIPELINE_V1,SPY,plan_skipped,CHOP,CHOP,OFF,alpha_mode_off,0.3349,2.0,True,,SELL,,
2026-03-12 00:54:28,A_VALIDATION_PIPELINE_V1,SPY,rejection_reason,CHOP,CHOP,OFF,alpha_mode_off,0.3349,2.0,True,,SELL,,
2026-03-12 00:54:28,A_VALIDATION_PIPELINE_V1,SPY,plan_skipped,CHOP,CHOP,OFF,alpha_mode_off,0.3349,2.0,True,,SELL,,
2026-03-12 00:54:33,A_VALIDATION_PIPELINE_V1,SPY,rejection_reason,CHOP,CHOP,OFF,alpha_mode_off,0.3349,2.0,True,,SELL,,
2026-03-12 00:54:33,A_VALIDATION_PIPELINE_V1,SPY,plan_skipped,CHOP,CHOP,OFF,alpha_mode_off,0.3349,2.0,True,,SELL,,
2026-03-12 00:54:37,A_VALIDATION_PIPELINE_V1,SPY,rejection_reason,CHOP,CHOP,OFF,alpha_mode_off,0.3349,2.0,True,,SELL,,
2026-03-12 00:54:37,A_VALIDATION_PIPELINE_V1,SPY,plan_skipped,CHOP,CHOP,OFF,alpha_mode_off,0.3349,2.0,True,,SELL,,
2026-03-12 00:54:42,A_VALIDATION_PIPELINE_V1,SPY,rejection_reason,CHOP,CHOP,OFF,alpha_mode_off,0.3349,2.0,True,,SELL,,
2026-03-12 00:54:42,A_VALIDATION_PIPELINE_V1,SPY,plan_skipped,CHOP,CHOP,OFF,alpha_mode_off,0.3349,2.0,True,,SELL,,
2026-03-12 00:54:46,A_VALIDATION_PIPELINE_V1,SPY,rejection_reason,CHOP,CHOP,OFF,alpha_mode_off,0.3349,2.0,True,,SELL,,
2026-03-12 00:54:46,A_VALIDATION_PIPELINE_V1,SPY,plan_skipped,CHOP,CHOP,OFF,alpha_mode_off,0.3349,2.0,True,,SELL,,
2026-03-12 00:54:51,A_VALIDATION_PIPELINE_V1,SPY,rejection_reason,CHOP,CHOP,OFF,alpha_mode_off,0.3349,2.0,True,,SELL,,
2026-03-12 00:54:51,A_VALIDATION_PIPELINE_V1,SPY,plan_skipped,CHOP,CHOP,OFF,alpha_mode_off,0.3349,2.0,True,,SELL,,
2026-03-12 00:54:55,A_VALIDATION_PIPELINE_V1,SPY,rejection_reason,CHOP,CHOP,OFF,alpha_mode_off,0.3349,2.0,True,,SELL,,
2026-03-12 00:54:55,A_VALIDATION_PIPELINE_V1,SPY,plan_skipped,CHOP,CHOP,OFF,alpha_mode_off,0.3349,2.0,True,,SELL,,
2026-03-12 00:55:00,A_VALIDATION_PIPELINE_V1,SPY,rejection_reason,CHOP,CHOP,OFF,alpha_mode_off,0.3349,2.0,True,,SELL,,
2026-03-12 00:55:00,A_VALIDATION_PIPELINE_V1,SPY,plan_skipped,CHOP,CHOP,OFF,alpha_mode_off,0.3349,2.0,True,,SELL,,
2026-03-12 00:55:04,A_VALIDATION_PIPELINE_V1,SPY,rejection_reason,CHOP,CHOP,OFF,alpha_mode_off,0.3349,2.0,True,,SELL,,
2026-03-12 00:55:04,A_VALIDATION_PIPELINE_V1,SPY,plan_skipped,CHOP,CHOP,OFF,alpha_mode_off,0.3349,2.0,True,,SELL,,
2026-03-12 00:55:09,A_VALIDATION_PIPELINE_V1,SPY,rejection_reason,CHOP,CHOP,OFF,alpha_mode_off,0.3349,2.0,True,,SELL,,
2026-03-12 00:55:09,A_VALIDATION_PIPELINE_V1,SPY,plan_skipped,CHOP,CHOP,OFF,alpha_mode_off,0.3349,2.0,True,,SELL,,
2026-03-12 00:55:13,A_VALIDATION_PIPELINE_V1,SPY,rejection_reason,CHOP,CHOP,OFF,alpha_mode_off,0.3349,2.0,True,,SELL,,
2026-03-12 00:55:13,A_VALIDATION_PIPELINE_V1,SPY,plan_skipped,CHOP,CHOP,OFF,alpha_mode_off,0.3349,2.0,True,,SELL,,
2026-03-12 00:55:18,A_VALIDATION_PIPELINE_V1,SPY,rejection_reason,CHOP,CHOP,OFF,alpha_mode_off,0.3349,2.0,True,,SELL,,
2026-03-12 00:55:18,A_VALIDATION_PIPELINE_V1,SPY,plan_skipped,CHOP,CHOP,OFF,alpha_mode_off,0.3349,2.0,True,,SELL,,
2026-03-12 00:55:22,A_VALIDATION_PIPELINE_V1,SPY,rejection_reason,CHOP,CHOP,OFF,alpha_mode_off,0.3349,2.0,True,,SELL,,
2026-03-12 00:55:22,A_VALIDATION_PIPELINE_V1,SPY,plan_skipped,CHOP,CHOP,OFF,alpha_mode_off,0.3349,2.0,True,,SELL,,
2026-03-12 00:55:26,A_VALIDATION_PIPELINE_V1,SPY,rejection_reason,CHOP,CHOP,OFF,alpha_mode_off,0.3349,2.0,True,,SELL,,
2026-03-12 00:55:26,A_VALIDATION_PIPELINE_V1,SPY,plan_skipped,CHOP,CHOP,OFF,alpha_mode_off,0.3349,2.0,True,,SELL,,
2026-03-12 00:55:31,A_VALIDATION_PIPELINE_V1,SPY,rejection_reason,CHOP,CHOP,OFF,alpha_mode_off,0.3349,2.0,True,,SELL,,
2026-03-12 00:55:31,A_VALIDATION_PIPELINE_V1,SPY,plan_skipped,CHOP,CHOP,OFF,alpha_mode_off,0.3349,2.0,True,,SELL,,
2026-03-12 00:55:35,A_VALIDATION_PIPELINE_V1,SPY,rejection_reason,CHOP,CHOP,OFF,alpha_mode_off,0.3349,2.0,True,,SELL,,
2026-03-12 00:55:35,A_VALIDATION_PIPELINE_V1,SPY,plan_skipped,CHOP,CHOP,OFF,alpha_mode_off,0.3349,2.0,True,,SELL,,
2026-03-12 00:55:40,A_VALIDATION_PIPELINE_V1,SPY,rejection_reason,CHOP,CHOP,OFF,alpha_mode_off,0.3349,2.0,True,,SELL,,
2026-03-12 00:55:40,A_VALIDATION_PIPELINE_V1,SPY,plan_skipped,CHOP,CHOP,OFF,alpha_mode_off,0.3349,2.0,True,,SELL,,
2026-03-12 00:55:44,A_VALIDATION_PIPELINE_V1,SPY,rejection_reason,CHOP,CHOP,OFF,alpha_mode_off,0.3349,2.0,True,,SELL,,
2026-03-12 00:55:44,A_VALIDATION_PIPELINE_V1,SPY,plan_skipped,CHOP,CHOP,OFF,alpha_mode_off,0.3349,2.0,True,,SELL,,
2026-03-12 00:55:49,A_VALIDATION_PIPELINE_V1,SPY,rejection_reason,CHOP,CHOP,OFF,alpha_mode_off,0.3349,2.0,True,,SELL,,
2026-03-12 00:55:49,A_VALIDATION_PIPELINE_V1,SPY,plan_skipped,CHOP,CHOP,OFF,alpha_mode_off,0.3349,2.0,True,,SELL,,
2026-03-12 00:55:53,A_VALIDATION_PIPELINE_V1,SPY,rejection_reason,CHOP,CHOP,OFF,alpha_mode_off,0.3349,2.0,True,,SELL,,
2026-03-12 00:55:53,A_VALIDATION_PIPELINE_V1,SPY,plan_skipped,CHOP,CHOP,OFF,alpha_mode_off,0.3349,2.0,True,,SELL,,
2026-03-12 00:55:58,A_VALIDATION_PIPELINE_V1,SPY,rejection_reason,CHOP,CHOP,OFF,alpha_mode_off,0.3349,2.0,True,,SELL,,
2026-03-12 00:55:58,A_VALIDATION_PIPELINE_V1,SPY,plan_skipped,CHOP,CHOP,OFF,alpha_mode_off,0.3349,2.0,True,,SELL,,
2026-03-12 00:56:02,A_VALIDATION_PIPELINE_V1,SPY,rejection_reason,CHOP,CHOP,OFF,alpha_mode_off,0.3349,2.0,True,,SELL,,
2026-03-12 00:56:02,A_VALIDATION_PIPELINE_V1,SPY,plan_skipped,CHOP,CHOP,OFF,alpha_mode_off,0.3349,2.0,True,,SELL,,
2026-03-12 00:56:07,A_VALIDATION_PIPELINE_V1,SPY,rejection_reason,CHOP,CHOP,OFF,alpha_mode_off,0.3349,2.0,True,,SELL,,
2026-03-12 00:56:07,A_VALIDATION_PIPELINE_V1,SPY,plan_skipped,CHOP,CHOP,OFF,alpha_mode_off,0.3349,2.0,True,,SELL,,
2026-03-12 00:56:11,A_VALIDATION_PIPELINE_V1,SPY,rejection_reason,CHOP,CHOP,OFF,alpha_mode_off,0.3349,2.0,True,,SELL,,
2026-03-12 00:56:11,A_VALIDATION_PIPELINE_V1,SPY,plan_skipped,CHOP,CHOP,OFF,alpha_mode_off,0.3349,2.0,True,,SELL,,
2026-03-12 00:56:15,A_VALIDATION_PIPELINE_V1,SPY,rejection_reason,CHOP,CHOP,OFF,alpha_mode_off,0.3349,2.0,True,,SELL,,
2026-03-12 00:56:15,A_VALIDATION_PIPELINE_V1,SPY,plan_skipped,CHOP,CHOP,OFF,alpha_mode_off,0.3349,2.0,True,,SELL,,
2026-03-12 00:56:20,A_VALIDATION_PIPELINE_V1,SPY,rejection_reason,CHOP,CHOP,OFF,alpha_mode_off,0.3349,2.0,True,,SELL,,
2026-03-12 00:56:20,A_VALIDATION_PIPELINE_V1,SPY,plan_skipped,CHOP,CHOP,OFF,alpha_mode_off,0.3349,2.0,True,,SELL,,
2026-03-12 00:56:24,A_VALIDATION_PIPELINE_V1,SPY,rejection_reason,CHOP,CHOP,OFF,alpha_mode_off,0.3349,2.0,True,,SELL,,
2026-03-12 00:56:24,A_VALIDATION_PIPELINE_V1,SPY,plan_skipped,CHOP,CHOP,OFF,alpha_mode_off,0.3349,2.0,True,,SELL,,
2026-03-12 00:56:29,A_VALIDATION_PIPELINE_V1,SPY,rejection_reason,CHOP,CHOP,OFF,alpha_mode_off,0.3349,2.0,True,,SELL,,
2026-03-12 00:56:29,A_VALIDATION_PIPELINE_V1,SPY,plan_skipped,CHOP,CHOP,OFF,alpha_mode_off,0.3349,2.0,True,,SELL,,
2026-03-12 00:56:33,A_VALIDATION_PIPELINE_V1,SPY,rejection_reason,CHOP,CHOP,OFF,alpha_mode_off,0.3349,2.0,True,,SELL,,
2026-03-12 00:56:33,A_VALIDATION_PIPELINE_V1,SPY,plan_skipped,CHOP,CHOP,OFF,alpha_mode_off,0.3349,2.0,True,,SELL,,
2026-03-12 00:56:38,A_VALIDATION_PIPELINE_V1,SPY,rejection_reason,CHOP,CHOP,OFF,alpha_mode_off,0.3349,2.0,True,,SELL,,
2026-03-12 00:56:38,A_VALIDATION_PIPELINE_V1,SPY,plan_skipped,CHOP,CHOP,OFF,alpha_mode_off,0.3349,2.0,True,,SELL,,
2026-03-12 00:56:42,A_VALIDATION_PIPELINE_V1,SPY,rejection_reason,CHOP,CHOP,OFF,alpha_mode_off,0.3349,2.0,True,,SELL,,
2026-03-12 00:56:42,A_VALIDATION_PIPELINE_V1,SPY,plan_skipped,CHOP,CHOP,OFF,alpha_mode_off,0.3349,2.0,True,,SELL,,
2026-03-12 00:56:47,A_VALIDATION_PIPELINE_V1,SPY,rejection_reason,CHOP,CHOP,OFF,alpha_mode_off,0.3349,2.0,True,,SELL,,
2026-03-12 00:56:47,A_VALIDATION_PIPELINE_V1,SPY,plan_skipped,CHOP,CHOP,OFF,alpha_mode_off,0.3349,2.0,True,,SELL,,
2026-03-12 00:56:52,A_VALIDATION_PIPELINE_V1,SPY,rejection_reason,CHOP,CHOP,OFF,alpha_mode_off,0.3349,2.0,True,,SELL,,
2026-03-12 00:56:52,A_VALIDATION_PIPELINE_V1,SPY,plan_skipped,CHOP,CHOP,OFF,alpha_mode_off,0.3349,2.0,True,,SELL,,
2026-03-12 00:56:56,A_VALIDATION_PIPELINE_V1,SPY,rejection_reason,CHOP,CHOP,OFF,alpha_mode_off,0.3349,2.0,True,,SELL,,
2026-03-12 00:56:56,A_VALIDATION_PIPELINE_V1,SPY,plan_skipped,CHOP,CHOP,OFF,alpha_mode_off,0.3349,2.0,True,,SELL,,
2026-03-12 00:57:01,A_VALIDATION_PIPELINE_V1,SPY,rejection_reason,CHOP,CHOP,OFF,alpha_mode_off,0.3349,2.0,True,,SELL,,
2026-03-12 00:57:01,A_VALIDATION_PIPELINE_V1,SPY,plan_skipped,CHOP,CHOP,OFF,alpha_mode_off,0.3349,2.0,True,,SELL,,
2026-03-12 00:57:05,A_VALIDATION_PIPELINE_V1,SPY,rejection_reason,CHOP,CHOP,OFF,alpha_mode_off,0.3349,2.0,True,,SELL,,
2026-03-12 00:57:05,A_VALIDATION_PIPELINE_V1,SPY,plan_skipped,CHOP,CHOP,OFF,alpha_mode_off,0.3349,2.0,True,,SELL,,
2026-03-12 00:57:09,A_VALIDATION_PIPELINE_V1,SPY,rejection_reason,CHOP,CHOP,OFF,alpha_mode_off,0.3349,2.0,True,,SELL,,
2026-03-12 00:57:09,A_VALIDATION_PIPELINE_V1,SPY,plan_skipped,CHOP,CHOP,OFF,alpha_mode_off,0.3349,2.0,True,,SELL,,
2026-03-12 00:57:14,A_VALIDATION_PIPELINE_V1,SPY,rejection_reason,CHOP,CHOP,OFF,alpha_mode_off,0.3349,2.0,True,,SELL,,
2026-03-12 00:57:14,A_VALIDATION_PIPELINE_V1,SPY,plan_skipped,CHOP,CHOP,OFF,alpha_mode_off,0.3349,2.0,True,,SELL,,
2026-03-12 00:57:18,A_VALIDATION_PIPELINE_V1,SPY,rejection_reason,CHOP,CHOP,OFF,alpha_mode_off,0.3349,2.0,True,,SELL,,
2026-03-12 00:57:18,A_VALIDATION_PIPELINE_V1,SPY,plan_skipped,CHOP,CHOP,OFF,alpha_mode_off,0.3349,2.0,True,,SELL,,
2026-03-12 00:57:23,A_VALIDATION_PIPELINE_V1,SPY,rejection_reason,CHOP,CHOP,OFF,alpha_mode_off,0.3349,2.0,True,,SELL,,
2026-03-12 00:57:23,A_VALIDATION_PIPELINE_V1,SPY,plan_skipped,CHOP,CHOP,OFF,alpha_mode_off,0.3349,2.0,True,,SELL,,
2026-03-12 00:57:27,A_VALIDATION_PIPELINE_V1,SPY,rejection_reason,CHOP,CHOP,OFF,alpha_mode_off,0.3349,2.0,True,,SELL,,
2026-03-12 00:57:27,A_VALIDATION_PIPELINE_V1,SPY,plan_skipped,CHOP,CHOP,OFF,alpha_mode_off,0.3349,2.0,True,,SELL,,
2026-03-12 00:57:32,A_VALIDATION_PIPELINE_V1,SPY,rejection_reason,CHOP,CHOP,OFF,alpha_mode_off,0.3349,2.0,True,,SELL,,
2026-03-12 00:57:32,A_VALIDATION_PIPELINE_V1,SPY,plan_skipped,CHOP,CHOP,OFF,alpha_mode_off,0.3349,2.0,True,,SELL,,
2026-03-12 00:57:36,A_VALIDATION_PIPELINE_V1,SPY,rejection_reason,CHOP,CHOP,OFF,alpha_mode_off,0.3349,2.0,True,,SELL,,
2026-03-12 00:57:36,A_VALIDATION_PIPELINE_V1,SPY,plan_skipped,CHOP,CHOP,OFF,alpha_mode_off,0.3349,2.0,True,,SELL,,
2026-03-12 00:57:41,A_VALIDATION_PIPELINE_V1,SPY,rejection_reason,CHOP,CHOP,OFF,alpha_mode_off,0.3349,2.0,True,,SELL,,
2026-03-12 00:57:41,A_VALIDATION_PIPELINE_V1,SPY,plan_skipped,CHOP,CHOP,OFF,alpha_mode_off,0.3349,2.0,True,,SELL,,
2026-03-12 00:57:45,A_VALIDATION_PIPELINE_V1,SPY,rejection_reason,CHOP,CHOP,OFF,alpha_mode_off,0.3349,2.0,True,,SELL,,
2026-03-12 00:57:45,A_VALIDATION_PIPELINE_V1,SPY,plan_skipped,CHOP,CHOP,OFF,alpha_mode_off,0.3349,2.0,True,,SELL,,
2026-03-12 00:57:50,A_VALIDATION_PIPELINE_V1,SPY,rejection_reason,CHOP,CHOP,OFF,alpha_mode_off,0.3349,2.0,True,,SELL,,
2026-03-12 00:57:50,A_VALIDATION_PIPELINE_V1,SPY,plan_skipped,CHOP,CHOP,OFF,alpha_mode_off,0.3349,2.0,True,,SELL,,
2026-03-12 00:57:54,A_VALIDATION_PIPELINE_V1,SPY,rejection_reason,CHOP,CHOP,OFF,alpha_mode_off,0.3349,2.0,True,,SELL,,
2026-03-12 00:57:54,A_VALIDATION_PIPELINE_V1,SPY,plan_skipped,CHOP,CHOP,OFF,alpha_mode_off,0.3349,2.0,True,,SELL,,
2026-03-12 00:57:59,A_VALIDATION_PIPELINE_V1,SPY,rejection_reason,CHOP,CHOP,OFF,alpha_mode_off,0.3349,2.0,True,,SELL,,
2026-03-12 00:57:59,A_VALIDATION_PIPELINE_V1,SPY,plan_skipped,CHOP,CHOP,OFF,alpha_mode_off,0.3349,2.0,True,,SELL,,
2026-03-12 00:58:03,A_VALIDATION_PIPELINE_V1,SPY,rejection_reason,CHOP,CHOP,OFF,alpha_mode_off,0.3349,2.0,True,,SELL,,
2026-03-12 00:58:03,A_VALIDATION_PIPELINE_V1,SPY,plan_skipped,CHOP,CHOP,OFF,alpha_mode_off,0.3349,2.0,True,,SELL,,
2026-03-12 00:58:08,A_VALIDATION_PIPELINE_V1,SPY,rejection_reason,CHOP,CHOP,OFF,alpha_mode_off,0.3349,2.0,True,,SELL,,
2026-03-12 00:58:08,A_VALIDATION_PIPELINE_V1,SPY,plan_skipped,CHOP,CHOP,OFF,alpha_mode_off,0.3349,2.0,True,,SELL,,
2026-03-12 00:58:12,A_VALIDATION_PIPELINE_V1,SPY,rejection_reason,CHOP,CHOP,OFF,alpha_mode_off,0.3349,2.0,True,,SELL,,
2026-03-12 00:58:12,A_VALIDATION_PIPELINE_V1,SPY,plan_skipped,CHOP,CHOP,OFF,alpha_mode_off,0.3349,2.0,True,,SELL,,
2026-03-12 00:58:17,A_VALIDATION_PIPELINE_V1,SPY,rejection_reason,CHOP,CHOP,OFF,alpha_mode_off,0.3349,2.0,True,,SELL,,
2026-03-12 00:58:17,A_VALIDATION_PIPELINE_V1,SPY,plan_skipped,CHOP,CHOP,OFF,alpha_mode_off,0.3349,2.0,True,,SELL,,
2026-03-12 00:58:21,A_VALIDATION_PIPELINE_V1,SPY,rejection_reason,CHOP,CHOP,OFF,alpha_mode_off,0.3349,2.0,True,,SELL,,
2026-03-12 00:58:21,A_VALIDATION_PIPELINE_V1,SPY,plan_skipped,CHOP,CHOP,OFF,alpha_mode_off,0.3349,2.0,True,,SELL,,
2026-03-12 00:58:26,A_VALIDATION_PIPELINE_V1,SPY,rejection_reason,CHOP,CHOP,OFF,alpha_mode_off,0.3349,2.0,True,,SELL,,
2026-03-12 00:58:26,A_VALIDATION_PIPELINE_V1,SPY,plan_skipped,CHOP,CHOP,OFF,alpha_mode_off,0.3349,2.0,True,,SELL,,
2026-03-12 00:58:30,A_VALIDATION_PIPELINE_V1,SPY,rejection_reason,CHOP,CHOP,OFF,alpha_mode_off,0.3349,2.0,True,,SELL,,
2026-03-12 00:58:30,A_VALIDATION_PIPELINE_V1,SPY,plan_skipped,CHOP,CHOP,OFF,alpha_mode_off,0.3349,2.0,True,,SELL,,
2026-03-12 00:58:35,A_VALIDATION_PIPELINE_V1,SPY,rejection_reason,CHOP,CHOP,OFF,alpha_mode_off,0.3349,2.0,True,,SELL,,
2026-03-12 00:58:35,A_VALIDATION_PIPELINE_V1,SPY,plan_skipped,CHOP,CHOP,OFF,alpha_mode_off,0.3349,2.0,True,,SELL,,
2026-03-12 00:58:39,A_VALIDATION_PIPELINE_V1,SPY,rejection_reason,CHOP,CHOP,OFF,alpha_mode_off,0.3349,2.0,True,,SELL,,
2026-03-12 00:58:39,A_VALIDATION_PIPELINE_V1,SPY,plan_skipped,CHOP,CHOP,OFF,alpha_mode_off,0.3349,2.0,True,,SELL,,
2026-03-12 00:58:44,A_VALIDATION_PIPELINE_V1,SPY,rejection_reason,CHOP,CHOP,OFF,alpha_mode_off,0.3349,2.0,True,,SELL,,
2026-03-12 00:58:44,A_VALIDATION_PIPELINE_V1,SPY,plan_skipped,CHOP,CHOP,OFF,alpha_mode_off,0.3349,2.0,True,,SELL,,
2026-03-12 00:58:48,A_VALIDATION_PIPELINE_V1,SPY,rejection_reason,CHOP,CHOP,OFF,alpha_mode_off,0.3349,2.0,True,,SELL,,
2026-03-12 00:58:48,A_VALIDATION_PIPELINE_V1,SPY,plan_skipped,CHOP,CHOP,OFF,alpha_mode_off,0.3349,2.0,True,,SELL,,
2026-03-12 00:58:53,A_VALIDATION_PIPELINE_V1,SPY,rejection_reason,CHOP,CHOP,OFF,alpha_mode_off,0.3349,2.0,True,,SELL,,
2026-03-12 00:58:53,A_VALIDATION_PIPELINE_V1,SPY,plan_skipped,CHOP,CHOP,OFF,alpha_mode_off,0.3349,2.0,True,,SELL,,
2026-03-12 00:58:57,A_VALIDATION_PIPELINE_V1,SPY,rejection_reason,CHOP,CHOP,OFF,alpha_mode_off,0.3349,2.0,True,,SELL,,
2026-03-12 00:58:57,A_VALIDATION_PIPELINE_V1,SPY,plan_skipped,CHOP,CHOP,OFF,alpha_mode_off,0.3349,2.0,True,,SELL,,
2026-03-12 00:59:01,A_VALIDATION_PIPELINE_V1,SPY,rejection_reason,CHOP,CHOP,OFF,alpha_mode_off,0.3349,2.0,True,,SELL,,
2026-03-12 00:59:01,A_VALIDATION_PIPELINE_V1,SPY,plan_skipped,CHOP,CHOP,OFF,alpha_mode_off,0.3349,2.0,True,,SELL,,
2026-03-12 00:59:06,A_VALIDATION_PIPELINE_V1,SPY,rejection_reason,CHOP,CHOP,OFF,alpha_mode_off,0.3349,2.0,True,,SELL,,
2026-03-12 00:59:06,A_VALIDATION_PIPELINE_V1,SPY,plan_skipped,CHOP,CHOP,OFF,alpha_mode_off,0.3349,2.0,True,,SELL,,
2026-03-12 00:59:11,A_VALIDATION_PIPELINE_V1,SPY,rejection_reason,CHOP,CHOP,OFF,alpha_mode_off,0.3349,2.0,True,,SELL,,
2026-03-12 00:59:11,A_VALIDATION_PIPELINE_V1,SPY,plan_skipped,CHOP,CHOP,OFF,alpha_mode_off,0.3349,2.0,True,,SELL,,
2026-03-12 00:59:15,A_VALIDATION_PIPELINE_V1,SPY,rejection_reason,CHOP,CHOP,OFF,alpha_mode_off,0.3349,2.0,True,,SELL,,
2026-03-12 00:59:15,A_VALIDATION_PIPELINE_V1,SPY,plan_skipped,CHOP,CHOP,OFF,alpha_mode_off,0.3349,2.0,True,,SELL,,
2026-03-12 00:59:20,A_VALIDATION_PIPELINE_V1,SPY,rejection_reason,CHOP,CHOP,OFF,alpha_mode_off,0.3349,2.0,True,,SELL,,
2026-03-12 00:59:20,A_VALIDATION_PIPELINE_V1,SPY,plan_skipped,CHOP,CHOP,OFF,alpha_mode_off,0.3349,2.0,True,,SELL,,
2026-03-12 00:59:24,A_VALIDATION_PIPELINE_V1,SPY,rejection_reason,CHOP,CHOP,OFF,alpha_mode_off,0.3349,2.0,True,,SELL,,
2026-03-12 00:59:24,A_VALIDATION_PIPELINE_V1,SPY,plan_skipped,CHOP,CHOP,OFF,alpha_mode_off,0.3349,2.0,True,,SELL,,
2026-03-12 00:59:29,A_VALIDATION_PIPELINE_V1,SPY,rejection_reason,CHOP,CHOP,OFF,alpha_mode_off,0.3349,2.0,True,,SELL,,
2026-03-12 00:59:29,A_VALIDATION_PIPELINE_V1,SPY,plan_skipped,CHOP,CHOP,OFF,alpha_mode_off,0.3349,2.0,True,,SELL,,
2026-03-12 00:59:33,A_VALIDATION_PIPELINE_V1,SPY,rejection_reason,CHOP,CHOP,OFF,alpha_mode_off,0.3349,2.0,True,,SELL,,
2026-03-12 00:59:33,A_VALIDATION_PIPELINE_V1,SPY,plan_skipped,CHOP,CHOP,OFF,alpha_mode_off,0.3349,2.0,True,,SELL,,
2026-03-12 00:59:38,A_VALIDATION_PIPELINE_V1,SPY,rejection_reason,CHOP,CHOP,OFF,alpha_mode_off,0.3349,2.0,True,,SELL,,
2026-03-12 00:59:38,A_VALIDATION_PIPELINE_V1,SPY,plan_skipped,CHOP,CHOP,OFF,alpha_mode_off,0.3349,2.0,True,,SELL,,
2026-03-12 00:59:42,A_VALIDATION_PIPELINE_V1,SPY,rejection_reason,CHOP,CHOP,OFF,alpha_mode_off,0.3349,2.0,True,,SELL,,
2026-03-12 00:59:42,A_VALIDATION_PIPELINE_V1,SPY,plan_skipped,CHOP,CHOP,OFF,alpha_mode_off,0.3349,2.0,True,,SELL,,
2026-03-12 00:59:47,A_VALIDATION_PIPELINE_V1,SPY,rejection_reason,CHOP,CHOP,OFF,alpha_mode_off,0.3349,2.0,True,,SELL,,
2026-03-12 00:59:47,A_VALIDATION_PIPELINE_V1,SPY,plan_skipped,CHOP,CHOP,OFF,alpha_mode_off,0.3349,2.0,True,,SELL,,
2026-03-12 00:59:51,A_VALIDATION_PIPELINE_V1,SPY,rejection_reason,CHOP,CHOP,OFF,alpha_mode_off,0.3349,2.0,True,,SELL,,
2026-03-12 00:59:51,A_VALIDATION_PIPELINE_V1,SPY,plan_skipped,CHOP,CHOP,OFF,alpha_mode_off,0.3349,2.0,True,,SELL,,
2026-03-12 00:59:56,A_VALIDATION_PIPELINE_V1,SPY,rejection_reason,CHOP,CHOP,OFF,alpha_mode_off,0.3349,2.0,True,,SELL,,
2026-03-12 00:59:56,A_VALIDATION_PIPELINE_V1,SPY,plan_skipped,CHOP,CHOP,OFF,alpha_mode_off,0.3349,2.0,True,,SELL,,
2026-03-12 01:00:00,A_VALIDATION_PIPELINE_V1,SPY,rejection_reason,CHOP,CHOP,OFF,alpha_mode_off,0.3349,2.0,True,,SELL,,
2026-03-12 01:00:00,A_VALIDATION_PIPELINE_V1,SPY,plan_skipped,CHOP,CHOP,OFF,alpha_mode_off,0.3349,2.0,True,,SELL,,
2026-03-12 01:00:05,A_VALIDATION_PIPELINE_V1,SPY,rejection_reason,CHOP,CHOP,OFF,alpha_mode_off,0.3349,2.0,True,,SELL,,
2026-03-12 01:00:05,A_VALIDATION_PIPELINE_V1,SPY,plan_skipped,CHOP,CHOP,OFF,alpha_mode_off,0.3349,2.0,True,,SELL,,
2026-03-12 01:00:09,A_VALIDATION_PIPELINE_V1,SPY,rejection_reason,CHOP,CHOP,OFF,alpha_mode_off,0.3349,2.0,True,,SELL,,
2026-03-12 01:00:09,A_VALIDATION_PIPELINE_V1,SPY,plan_skipped,CHOP,CHOP,OFF,alpha_mode_off,0.3349,2.0,True,,SELL,,
2026-03-12 01:00:14,A_VALIDATION_PIPELINE_V1,SPY,rejection_reason,CHOP,CHOP,OFF,alpha_mode_off,0.3349,2.0,True,,SELL,,
2026-03-12 01:00:14,A_VALIDATION_PIPELINE_V1,SPY,plan_skipped,CHOP,CHOP,OFF,alpha_mode_off,0.3349,2.0,True,,SELL,,
2026-03-12 01:00:18,A_VALIDATION_PIPELINE_V1,SPY,rejection_reason,CHOP,CHOP,OFF,alpha_mode_off,0.3349,2.0,True,,SELL,,
2026-03-12 01:00:18,A_VALIDATION_PIPELINE_V1,SPY,plan_skipped,CHOP,CHOP,OFF,alpha_mode_off,0.3349,2.0,True,,SELL,,
2026-03-12 01:00:23,A_VALIDATION_PIPELINE_V1,SPY,rejection_reason,CHOP,CHOP,OFF,alpha_mode_off,0.3349,2.0,True,,SELL,,
2026-03-12 01:00:23,A_VALIDATION_PIPELINE_V1,SPY,plan_skipped,CHOP,CHOP,OFF,alpha_mode_off,0.3349,2.0,True,,SELL,,
2026-03-12 01:00:27,A_VALIDATION_PIPELINE_V1,SPY,rejection_reason,CHOP,CHOP,OFF,alpha_mode_off,0.3349,2.0,True,,SELL,,
2026-03-12 01:00:27,A_VALIDATION_PIPELINE_V1,SPY,plan_skipped,CHOP,CHOP,OFF,alpha_mode_off,0.3349,2.0,True,,SELL,,
2026-03-12 01:00:32,A_VALIDATION_PIPELINE_V1,SPY,rejection_reason,CHOP,CHOP,OFF,alpha_mode_off,0.3349,2.0,True,,SELL,,
2026-03-12 01:00:32,A_VALIDATION_PIPELINE_V1,SPY,plan_skipped,CHOP,CHOP,OFF,alpha_mode_off,0.3349,2.0,True,,SELL,,
2026-03-12 01:00:36,A_VALIDATION_PIPELINE_V1,SPY,rejection_reason,CHOP,CHOP,OFF,alpha_mode_off,0.3349,2.0,True,,SELL,,
2026-03-12 01:00:36,A_VALIDATION_PIPELINE_V1,SPY,plan_skipped,CHOP,CHOP,OFF,alpha_mode_off,0.3349,2.0,True,,SELL,,
2026-03-12 01:00:40,A_VALIDATION_PIPELINE_V1,SPY,rejection_reason,CHOP,CHOP,OFF,alpha_mode_off,0.3349,2.0,True,,SELL,,
2026-03-12 01:00:40,A_VALIDATION_PIPELINE_V1,SPY,plan_skipped,CHOP,CHOP,OFF,alpha_mode_off,0.3349,2.0,True,,SELL,,
2026-03-12 01:00:45,A_VALIDATION_PIPELINE_V1,SPY,rejection_reason,CHOP,CHOP,OFF,alpha_mode_off,0.3349,2.0,True,,SELL,,
2026-03-12 01:00:45,A_VALIDATION_PIPELINE_V1,SPY,plan_skipped,CHOP,CHOP,OFF,alpha_mode_off,0.3349,2.0,True,,SELL,,
2026-03-12 01:00:49,A_VALIDATION_PIPELINE_V1,SPY,rejection_reason,CHOP,CHOP,OFF,alpha_mode_off,0.3349,2.0,True,,SELL,,
2026-03-12 01:00:49,A_VALIDATION_PIPELINE_V1,SPY,plan_skipped,CHOP,CHOP,OFF,alpha_mode_off,0.3349,2.0,True,,SELL,,
2026-03-12 01:00:54,A_VALIDATION_PIPELINE_V1,SPY,rejection_reason,CHOP,CHOP,OFF,alpha_mode_off,0.3349,2.0,True,,SELL,,
2026-03-12 01:00:54,A_VALIDATION_PIPELINE_V1,SPY,plan_skipped,CHOP,CHOP,OFF,alpha_mode_off,0.3349,2.0,True,,SELL,,
2026-03-12 01:00:58,A_VALIDATION_PIPELINE_V1,SPY,rejection_reason,CHOP,CHOP,OFF,alpha_mode_off,0.3349,2.0,True,,SELL,,
2026-03-12 01:00:58,A_VALIDATION_PIPELINE_V1,SPY,plan_skipped,CHOP,CHOP,OFF,alpha_mode_off,0.3349,2.0,True,,SELL,,
2026-03-12 01:01:03,A_VALIDATION_PIPELINE_V1,SPY,rejection_reason,CHOP,CHOP,OFF,alpha_mode_off,0.3349,2.0,True,,SELL,,
2026-03-12 01:01:03,A_VALIDATION_PIPELINE_V1,SPY,plan_skipped,CHOP,CHOP,OFF,alpha_mode_off,0.3349,2.0,True,,SELL,,
2026-03-12 01:01:07,A_VALIDATION_PIPELINE_V1,SPY,rejection_reason,CHOP,CHOP,OFF,alpha_mode_off,0.3349,2.0,True,,SELL,,
2026-03-12 01:01:07,A_VALIDATION_PIPELINE_V1,SPY,plan_skipped,CHOP,CHOP,OFF,alpha_mode_off,0.3349,2.0,True,,SELL,,
2026-03-12 01:01:12,A_VALIDATION_PIPELINE_V1,SPY,rejection_reason,CHOP,CHOP,OFF,alpha_mode_off,0.3349,2.0,True,,SELL,,
2026-03-12 01:01:12,A_VALIDATION_PIPELINE_V1,SPY,plan_skipped,CHOP,CHOP,OFF,alpha_mode_off,0.3349,2.0,True,,SELL,,
2026-03-12 01:01:16,A_VALIDATION_PIPELINE_V1,SPY,rejection_reason,CHOP,CHOP,OFF,alpha_mode_off,0.3349,2.0,True,,SELL,,
2026-03-12 01:01:16,A_VALIDATION_PIPELINE_V1,SPY,plan_skipped,CHOP,CHOP,OFF,alpha_mode_off,0.3349,2.0,True,,SELL,,
2026-03-12 01:01:21,A_VALIDATION_PIPELINE_V1,SPY,rejection_reason,CHOP,CHOP,OFF,alpha_mode_off,0.3349,2.0,True,,SELL,,
2026-03-12 01:01:21,A_VALIDATION_PIPELINE_V1,SPY,plan_skipped,CHOP,CHOP,OFF,alpha_mode_off,0.3349,2.0,True,,SELL,,
2026-03-12 01:01:25,A_VALIDATION_PIPELINE_V1,SPY,rejection_reason,CHOP,CHOP,OFF,alpha_mode_off,0.3349,2.0,True,,SELL,,
2026-03-12 01:01:25,A_VALIDATION_PIPELINE_V1,SPY,plan_skipped,CHOP,CHOP,OFF,alpha_mode_off,0.3349,2.0,True,,SELL,,
2026-03-12 01:01:29,A_VALIDATION_PIPELINE_V1,SPY,rejection_reason,CHOP,CHOP,OFF,alpha_mode_off,0.3349,2.0,True,,SELL,,
2026-03-12 01:01:29,A_VALIDATION_PIPELINE_V1,SPY,plan_skipped,CHOP,CHOP,OFF,alpha_mode_off,0.3349,2.0,True,,SELL,,
2026-03-12 01:01:34,A_VALIDATION_PIPELINE_V1,SPY,rejection_reason,CHOP,CHOP,OFF,alpha_mode_off,0.3349,2.0,True,,SELL,,
2026-03-12 01:01:34,A_VALIDATION_PIPELINE_V1,SPY,plan_skipped,CHOP,CHOP,OFF,alpha_mode_off,0.3349,2.0,True,,SELL,,
2026-03-12 01:01:38,A_VALIDATION_PIPELINE_V1,SPY,rejection_reason,CHOP,CHOP,OFF,alpha_mode_off,0.3349,2.0,True,,SELL,,
2026-03-12 01:01:38,A_VALIDATION_PIPELINE_V1,SPY,plan_skipped,CHOP,CHOP,OFF,alpha_mode_off,0.3349,2.0,True,,SELL,,
2026-03-12 01:01:43,A_VALIDATION_PIPELINE_V1,SPY,rejection_reason,CHOP,CHOP,OFF,alpha_mode_off,0.3349,2.0,True,,SELL,,
2026-03-12 01:01:43,A_VALIDATION_PIPELINE_V1,SPY,plan_skipped,CHOP,CHOP,OFF,alpha_mode_off,0.3349,2.0,True,,SELL,,
2026-03-12 01:01:47,A_VALIDATION_PIPELINE_V1,SPY,rejection_reason,CHOP,CHOP,OFF,alpha_mode_off,0.3349,2.0,True,,SELL,,
2026-03-12 01:01:47,A_VALIDATION_PIPELINE_V1,SPY,plan_skipped,CHOP,CHOP,OFF,alpha_mode_off,0.3349,2.0,True,,SELL,,
2026-03-12 01:01:52,A_VALIDATION_PIPELINE_V1,SPY,rejection_reason,CHOP,CHOP,OFF,alpha_mode_off,0.3349,2.0,True,,SELL,,
2026-03-12 01:01:52,A_VALIDATION_PIPELINE_V1,SPY,plan_skipped,CHOP,CHOP,OFF,alpha_mode_off,0.3349,2.0,True,,SELL,,
2026-03-12 01:01:56,A_VALIDATION_PIPELINE_V1,SPY,rejection_reason,CHOP,CHOP,OFF,alpha_mode_off,0.3349,2.0,True,,SELL,,
2026-03-12 01:01:56,A_VALIDATION_PIPELINE_V1,SPY,plan_skipped,CHOP,CHOP,OFF,alpha_mode_off,0.3349,2.0,True,,SELL,,
2026-03-12 01:02:00,A_VALIDATION_PIPELINE_V1,SPY,rejection_reason,CHOP,CHOP,OFF,alpha_mode_off,0.3349,2.0,True,,SELL,,
2026-03-12 01:02:00,A_VALIDATION_PIPELINE_V1,SPY,plan_skipped,CHOP,CHOP,OFF,alpha_mode_off,0.3349,2.0,True,,SELL,,
2026-03-12 01:02:05,A_VALIDATION_PIPELINE_V1,SPY,rejection_reason,CHOP,CHOP,OFF,alpha_mode_off,0.3349,2.0,True,,SELL,,
2026-03-12 01:02:05,A_VALIDATION_PIPELINE_V1,SPY,plan_skipped,CHOP,CHOP,OFF,alpha_mode_off,0.3349,2.0,True,,SELL,,
2026-03-12 01:02:09,A_VALIDATION_PIPELINE_V1,SPY,rejection_reason,CHOP,CHOP,OFF,alpha_mode_off,0.3349,2.0,True,,SELL,,
2026-03-12 01:02:09,A_VALIDATION_PIPELINE_V1,SPY,plan_skipped,CHOP,CHOP,OFF,alpha_mode_off,0.3349,2.0,True,,SELL,,
2026-03-12 01:02:14,A_VALIDATION_PIPELINE_V1,SPY,rejection_reason,CHOP,CHOP,OFF,alpha_mode_off,0.3349,2.0,True,,SELL,,
2026-03-12 01:02:14,A_VALIDATION_PIPELINE_V1,SPY,plan_skipped,CHOP,CHOP,OFF,alpha_mode_off,0.3349,2.0,True,,SELL,,
2026-03-12 01:02:18,A_VALIDATION_PIPELINE_V1,SPY,rejection_reason,CHOP,CHOP,OFF,alpha_mode_off,0.3349,2.0,True,,SELL,,
2026-03-12 01:02:18,A_VALIDATION_PIPELINE_V1,SPY,plan_skipped,CHOP,CHOP,OFF,alpha_mode_off,0.3349,2.0,True,,SELL,,
2026-03-12 01:02:23,A_VALIDATION_PIPELINE_V1,SPY,rejection_reason,CHOP,CHOP,OFF,alpha_mode_off,0.3349,2.0,True,,SELL,,
2026-03-12 01:02:23,A_VALIDATION_PIPELINE_V1,SPY,plan_skipped,CHOP,CHOP,OFF,alpha_mode_off,0.3349,2.0,True,,SELL,,
2026-03-12 01:02:27,A_VALIDATION_PIPELINE_V1,SPY,rejection_reason,CHOP,CHOP,OFF,alpha_mode_off,0.3349,2.0,True,,SELL,,
2026-03-12 01:02:27,A_VALIDATION_PIPELINE_V1,SPY,plan_skipped,CHOP,CHOP,OFF,alpha_mode_off,0.3349,2.0,True,,SELL,,
2026-03-12 01:02:32,A_VALIDATION_PIPELINE_V1,SPY,rejection_reason,CHOP,CHOP,OFF,alpha_mode_off,0.3349,2.0,True,,SELL,,
2026-03-12 01:02:32,A_VALIDATION_PIPELINE_V1,SPY,plan_skipped,CHOP,CHOP,OFF,alpha_mode_off,0.3349,2.0,True,,SELL,,
2026-03-12 01:02:36,A_VALIDATION_PIPELINE_V1,SPY,rejection_reason,CHOP,CHOP,OFF,alpha_mode_off,0.3349,2.0,True,,SELL,,
2026-03-12 01:02:36,A_VALIDATION_PIPELINE_V1,SPY,plan_skipped,CHOP,CHOP,OFF,alpha_mode_off,0.3349,2.0,True,,SELL,,
2026-03-12 01:02:41,A_VALIDATION_PIPELINE_V1,SPY,rejection_reason,CHOP,CHOP,OFF,alpha_mode_off,0.3349,2.0,True,,SELL,,
2026-03-12 01:02:41,A_VALIDATION_PIPELINE_V1,SPY,plan_skipped,CHOP,CHOP,OFF,alpha_mode_off,0.3349,2.0,True,,SELL,,
2026-03-12 01:02:45,A_VALIDATION_PIPELINE_V1,SPY,rejection_reason,CHOP,CHOP,OFF,alpha_mode_off,0.3349,2.0,True,,SELL,,
2026-03-12 01:02:45,A_VALIDATION_PIPELINE_V1,SPY,plan_skipped,CHOP,CHOP,OFF,alpha_mode_off,0.3349,2.0,True,,SELL,,
2026-03-12 01:02:50,A_VALIDATION_PIPELINE_V1,SPY,rejection_reason,CHOP,CHOP,OFF,alpha_mode_off,0.3349,2.0,True,,SELL,,
2026-03-12 01:02:50,A_VALIDATION_PIPELINE_V1,SPY,plan_skipped,CHOP,CHOP,OFF,alpha_mode_off,0.3349,2.0,True,,SELL,,
2026-03-12 01:02:54,A_VALIDATION_PIPELINE_V1,SPY,rejection_reason,CHOP,CHOP,OFF,alpha_mode_off,0.3349,2.0,True,,SELL,,
2026-03-12 01:02:54,A_VALIDATION_PIPELINE_V1,SPY,plan_skipped,CHOP,CHOP,OFF,alpha_mode_off,0.3349,2.0,True,,SELL,,
2026-03-12 01:02:59,A_VALIDATION_PIPELINE_V1,SPY,rejection_reason,CHOP,CHOP,OFF,alpha_mode_off,0.3349,2.0,True,,SELL,,
2026-03-12 01:02:59,A_VALIDATION_PIPELINE_V1,SPY,plan_skipped,CHOP,CHOP,OFF,alpha_mode_off,0.3349,2.0,True,,SELL,,
2026-03-12 01:03:03,A_VALIDATION_PIPELINE_V1,SPY,rejection_reason,CHOP,CHOP,OFF,alpha_mode_off,0.3349,2.0,True,,SELL,,
2026-03-12 01:03:03,A_VALIDATION_PIPELINE_V1,SPY,plan_skipped,CHOP,CHOP,OFF,alpha_mode_off,0.3349,2.0,True,,SELL,,
2026-03-12 01:03:08,A_VALIDATION_PIPELINE_V1,SPY,rejection_reason,CHOP,CHOP,OFF,alpha_mode_off,0.3349,2.0,True,,SELL,,
2026-03-12 01:03:08,A_VALIDATION_PIPELINE_V1,SPY,plan_skipped,CHOP,CHOP,OFF,alpha_mode_off,0.3349,2.0,True,,SELL,,
2026-03-12 01:03:12,A_VALIDATION_PIPELINE_V1,SPY,rejection_reason,CHOP,CHOP,OFF,alpha_mode_off,0.3349,2.0,True,,SELL,,
2026-03-12 01:03:12,A_VALIDATION_PIPELINE_V1,SPY,plan_skipped,CHOP,CHOP,OFF,alpha_mode_off,0.3349,2.0,True,,SELL,,
2026-03-12 01:03:17,A_VALIDATION_PIPELINE_V1,SPY,rejection_reason,CHOP,CHOP,OFF,alpha_mode_off,0.3349,2.0,True,,SELL,,
2026-03-12 01:03:17,A_VALIDATION_PIPELINE_V1,SPY,plan_skipped,CHOP,CHOP,OFF,alpha_mode_off,0.3349,2.0,True,,SELL,,
2026-03-12 01:03:21,A_VALIDATION_PIPELINE_V1,SPY,rejection_reason,CHOP,CHOP,OFF,alpha_mode_off,0.3349,2.0,True,,SELL,,
2026-03-12 01:03:21,A_VALIDATION_PIPELINE_V1,SPY,plan_skipped,CHOP,CHOP,OFF,alpha_mode_off,0.3349,2.0,True,,SELL,,
2026-03-12 01:03:26,A_VALIDATION_PIPELINE_V1,SPY,rejection_reason,CHOP,CHOP,OFF,alpha_mode_off,0.3349,2.0,True,,SELL,,
2026-03-12 01:03:26,A_VALIDATION_PIPELINE_V1,SPY,plan_skipped,CHOP,CHOP,OFF,alpha_mode_off,0.3349,2.0,True,,SELL,,
2026-03-12 01:03:30,A_VALIDATION_PIPELINE_V1,SPY,rejection_reason,CHOP,CHOP,OFF,alpha_mode_off,0.3349,2.0,True,,SELL,,
2026-03-12 01:03:30,A_VALIDATION_PIPELINE_V1,SPY,plan_skipped,CHOP,CHOP,OFF,alpha_mode_off,0.3349,2.0,True,,SELL,,
2026-03-12 01:03:35,A_VALIDATION_PIPELINE_V1,SPY,rejection_reason,CHOP,CHOP,OFF,alpha_mode_off,0.3349,2.0,True,,SELL,,
2026-03-12 01:03:35,A_VALIDATION_PIPELINE_V1,SPY,plan_skipped,CHOP,CHOP,OFF,alpha_mode_off,0.3349,2.0,True,,SELL,,
2026-03-12 01:03:40,A_VALIDATION_PIPELINE_V1,SPY,rejection_reason,CHOP,CHOP,OFF,alpha_mode_off,0.3349,2.0,True,,SELL,,
2026-03-12 01:03:40,A_VALIDATION_PIPELINE_V1,SPY,plan_skipped,CHOP,CHOP,OFF,alpha_mode_off,0.3349,2.0,True,,SELL,,
2026-03-12 01:03:44,A_VALIDATION_PIPELINE_V1,SPY,rejection_reason,CHOP,CHOP,OFF,alpha_mode_off,0.3349,2.0,True,,SELL,,
2026-03-12 01:03:44,A_VALIDATION_PIPELINE_V1,SPY,plan_skipped,CHOP,CHOP,OFF,alpha_mode_off,0.3349,2.0,True,,SELL,,
2026-03-12 01:03:49,A_VALIDATION_PIPELINE_V1,SPY,rejection_reason,CHOP,CHOP,OFF,alpha_mode_off,0.3349,2.0,True,,SELL,,
2026-03-12 01:03:49,A_VALIDATION_PIPELINE_V1,SPY,plan_skipped,CHOP,CHOP,OFF,alpha_mode_off,0.3349,2.0,True,,SELL,,
2026-03-12 01:03:53,A_VALIDATION_PIPELINE_V1,SPY,rejection_reason,CHOP,CHOP,OFF,alpha_mode_off,0.3349,2.0,True,,SELL,,
2026-03-12 01:03:53,A_VALIDATION_PIPELINE_V1,SPY,plan_skipped,CHOP,CHOP,OFF,alpha_mode_off,0.3349,2.0,True,,SELL,,
2026-03-12 01:03:58,A_VALIDATION_PIPELINE_V1,SPY,rejection_reason,CHOP,CHOP,OFF,alpha_mode_off,0.3349,2.0,True,,SELL,,
2026-03-12 01:03:58,A_VALIDATION_PIPELINE_V1,SPY,plan_skipped,CHOP,CHOP,OFF,alpha_mode_off,0.3349,2.0,True,,SELL,,
2026-03-12 01:04:02,A_VALIDATION_PIPELINE_V1,SPY,rejection_reason,CHOP,CHOP,OFF,alpha_mode_off,0.3349,2.0,True,,SELL,,
2026-03-12 01:04:02,A_VALIDATION_PIPELINE_V1,SPY,plan_skipped,CHOP,CHOP,OFF,alpha_mode_off,0.3349,2.0,True,,SELL,,
2026-03-12 01:04:07,A_VALIDATION_PIPELINE_V1,SPY,rejection_reason,CHOP,CHOP,OFF,alpha_mode_off,0.3349,2.0,True,,SELL,,
2026-03-12 01:04:07,A_VALIDATION_PIPELINE_V1,SPY,plan_skipped,CHOP,CHOP,OFF,alpha_mode_off,0.3349,2.0,True,,SELL,,
2026-03-12 01:04:11,A_VALIDATION_PIPELINE_V1,SPY,rejection_reason,CHOP,CHOP,OFF,alpha_mode_off,0.3349,2.0,True,,SELL,,
2026-03-12 01:04:11,A_VALIDATION_PIPELINE_V1,SPY,plan_skipped,CHOP,CHOP,OFF,alpha_mode_off,0.3349,2.0,True,,SELL,,
2026-03-12 01:04:16,A_VALIDATION_PIPELINE_V1,SPY,rejection_reason,CHOP,CHOP,OFF,alpha_mode_off,0.3349,2.0,True,,SELL,,
2026-03-12 01:04:16,A_VALIDATION_PIPELINE_V1,SPY,plan_skipped,CHOP,CHOP,OFF,alpha_mode_off,0.3349,2.0,True,,SELL,,
2026-03-12 01:04:20,A_VALIDATION_PIPELINE_V1,SPY,rejection_reason,CHOP,CHOP,OFF,alpha_mode_off,0.3349,2.0,True,,SELL,,
2026-03-12 01:04:20,A_VALIDATION_PIPELINE_V1,SPY,plan_skipped,CHOP,CHOP,OFF,alpha_mode_off,0.3349,2.0,True,,SELL,,
2026-03-12 01:04:25,A_VALIDATION_PIPELINE_V1,SPY,rejection_reason,CHOP,CHOP,OFF,alpha_mode_off,0.3349,2.0,True,,SELL,,
2026-03-12 01:04:25,A_VALIDATION_PIPELINE_V1,SPY,plan_skipped,CHOP,CHOP,OFF,alpha_mode_off,0.3349,2.0,True,,SELL,,
2026-03-12 01:04:29,A_VALIDATION_PIPELINE_V1,SPY,rejection_reason,CHOP,CHOP,OFF,alpha_mode_off,0.3349,2.0,True,,SELL,,
2026-03-12 01:04:29,A_VALIDATION_PIPELINE_V1,SPY,plan_skipped,CHOP,CHOP,OFF,alpha_mode_off,0.3349,2.0,True,,SELL,,
2026-03-12 01:04:34,A_VALIDATION_PIPELINE_V1,SPY,rejection_reason,CHOP,CHOP,OFF,alpha_mode_off,0.3349,2.0,True,,SELL,,
2026-03-12 01:04:34,A_VALIDATION_PIPELINE_V1,SPY,plan_skipped,CHOP,CHOP,OFF,alpha_mode_off,0.3349,2.0,True,,SELL,,
2026-03-12 01:04:38,A_VALIDATION_PIPELINE_V1,SPY,rejection_reason,CHOP,CHOP,OFF,alpha_mode_off,0.3349,2.0,True,,SELL,,
2026-03-12 01:04:38,A_VALIDATION_PIPELINE_V1,SPY,plan_skipped,CHOP,CHOP,OFF,alpha_mode_off,0.3349,2.0,True,,SELL,,
2026-03-12 01:04:42,A_VALIDATION_PIPELINE_V1,SPY,rejection_reason,CHOP,CHOP,OFF,alpha_mode_off,0.3349,2.0,True,,SELL,,
2026-03-12 01:04:42,A_VALIDATION_PIPELINE_V1,SPY,plan_skipped,CHOP,CHOP,OFF,alpha_mode_off,0.3349,2.0,True,,SELL,,
2026-03-12 01:04:47,A_VALIDATION_PIPELINE_V1,SPY,rejection_reason,CHOP,CHOP,OFF,alpha_mode_off,0.3349,2.0,True,,SELL,,
2026-03-12 01:04:47,A_VALIDATION_PIPELINE_V1,SPY,plan_skipped,CHOP,CHOP,OFF,alpha_mode_off,0.3349,2.0,True,,SELL,,
2026-03-12 01:04:51,A_VALIDATION_PIPELINE_V1,SPY,rejection_reason,CHOP,CHOP,OFF,alpha_mode_off,0.3349,2.0,True,,SELL,,
2026-03-12 01:04:51,A_VALIDATION_PIPELINE_V1,SPY,plan_skipped,CHOP,CHOP,OFF,alpha_mode_off,0.3349,2.0,True,,SELL,,
2026-03-12 01:04:56,A_VALIDATION_PIPELINE_V1,SPY,rejection_reason,CHOP,CHOP,OFF,alpha_mode_off,0.3349,2.0,True,,SELL,,
2026-03-12 01:04:56,A_VALIDATION_PIPELINE_V1,SPY,plan_skipped,CHOP,CHOP,OFF,alpha_mode_off,0.3349,2.0,True,,SELL,,
2026-03-12 01:05:00,A_VALIDATION_PIPELINE_V1,SPY,rejection_reason,CHOP,CHOP,OFF,alpha_mode_off,0.3349,2.0,True,,SELL,,
2026-03-12 01:05:00,A_VALIDATION_PIPELINE_V1,SPY,plan_skipped,CHOP,CHOP,OFF,alpha_mode_off,0.3349,2.0,True,,SELL,,
2026-03-12 01:05:05,A_VALIDATION_PIPELINE_V1,SPY,rejection_reason,CHOP,CHOP,OFF,alpha_mode_off,0.3349,2.0,True,,SELL,,
2026-03-12 01:05:05,A_VALIDATION_PIPELINE_V1,SPY,plan_skipped,CHOP,CHOP,OFF,alpha_mode_off,0.3349,2.0,True,,SELL,,
2026-03-12 01:05:09,A_VALIDATION_PIPELINE_V1,SPY,rejection_reason,CHOP,CHOP,OFF,alpha_mode_off,0.3349,2.0,True,,SELL,,
2026-03-12 01:05:09,A_VALIDATION_PIPELINE_V1,SPY,plan_skipped,CHOP,CHOP,OFF,alpha_mode_off,0.3349,2.0,True,,SELL,,
2026-03-12 01:05:14,A_VALIDATION_PIPELINE_V1,SPY,rejection_reason,CHOP,CHOP,OFF,alpha_mode_off,0.3349,2.0,True,,SELL,,
2026-03-12 01:05:14,A_VALIDATION_PIPELINE_V1,SPY,plan_skipped,CHOP,CHOP,OFF,alpha_mode_off,0.3349,2.0,True,,SELL,,
2026-03-12 01:05:18,A_VALIDATION_PIPELINE_V1,SPY,rejection_reason,CHOP,CHOP,OFF,alpha_mode_off,0.3349,2.0,True,,SELL,,
2026-03-12 01:05:18,A_VALIDATION_PIPELINE_V1,SPY,plan_skipped,CHOP,CHOP,OFF,alpha_mode_off,0.3349,2.0,True,,SELL,,
2026-03-12 01:05:23,A_VALIDATION_PIPELINE_V1,SPY,rejection_reason,CHOP,CHOP,OFF,alpha_mode_off,0.3349,2.0,True,,SELL,,
2026-03-12 01:05:23,A_VALIDATION_PIPELINE_V1,SPY,plan_skipped,CHOP,CHOP,OFF,alpha_mode_off,0.3349,2.0,True,,SELL,,
2026-03-12 01:05:27,A_VALIDATION_PIPELINE_V1,SPY,rejection_reason,CHOP,CHOP,OFF,alpha_mode_off,0.3349,2.0,True,,SELL,,
2026-03-12 01:05:27,A_VALIDATION_PIPELINE_V1,SPY,plan_skipped,CHOP,CHOP,OFF,alpha_mode_off,0.3349,2.0,True,,SELL,,
2026-03-12 01:05:32,A_VALIDATION_PIPELINE_V1,SPY,rejection_reason,CHOP,CHOP,OFF,alpha_mode_off,0.3349,2.0,True,,SELL,,
2026-03-12 01:05:32,A_VALIDATION_PIPELINE_V1,SPY,plan_skipped,CHOP,CHOP,OFF,alpha_mode_off,0.3349,2.0,True,,SELL,,
2026-03-12 01:05:36,A_VALIDATION_PIPELINE_V1,SPY,rejection_reason,CHOP,CHOP,OFF,alpha_mode_off,0.3349,2.0,True,,SELL,,
2026-03-12 01:05:36,A_VALIDATION_PIPELINE_V1,SPY,plan_skipped,CHOP,CHOP,OFF,alpha_mode_off,0.3349,2.0,True,,SELL,,
2026-03-12 01:05:41,A_VALIDATION_PIPELINE_V1,SPY,rejection_reason,CHOP,CHOP,OFF,alpha_mode_off,0.3349,2.0,True,,SELL,,
2026-03-12 01:05:41,A_VALIDATION_PIPELINE_V1,SPY,plan_skipped,CHOP,CHOP,OFF,alpha_mode_off,0.3349,2.0,True,,SELL,,
2026-03-12 01:05:45,A_VALIDATION_PIPELINE_V1,SPY,rejection_reason,CHOP,CHOP,OFF,alpha_mode_off,0.3349,2.0,True,,SELL,,
2026-03-12 01:05:45,A_VALIDATION_PIPELINE_V1,SPY,plan_skipped,CHOP,CHOP,OFF,alpha_mode_off,0.3349,2.0,True,,SELL,,
2026-03-12 01:05:49,A_VALIDATION_PIPELINE_V1,SPY,rejection_reason,CHOP,CHOP,OFF,alpha_mode_off,0.3349,2.0,True,,SELL,,
2026-03-12 01:05:49,A_VALIDATION_PIPELINE_V1,SPY,plan_skipped,CHOP,CHOP,OFF,alpha_mode_off,0.3349,2.0,True,,SELL,,
2026-03-12 01:05:54,A_VALIDATION_PIPELINE_V1,SPY,rejection_reason,CHOP,CHOP,OFF,alpha_mode_off,0.3349,2.0,True,,SELL,,
2026-03-12 01:05:54,A_VALIDATION_PIPELINE_V1,SPY,plan_skipped,CHOP,CHOP,OFF,alpha_mode_off,0.3349,2.0,True,,SELL,,
2026-03-12 01:05:58,A_VALIDATION_PIPELINE_V1,SPY,rejection_reason,CHOP,CHOP,OFF,alpha_mode_off,0.3349,2.0,True,,SELL,,
2026-03-12 01:05:58,A_VALIDATION_PIPELINE_V1,SPY,plan_skipped,CHOP,CHOP,OFF,alpha_mode_off,0.3349,2.0,True,,SELL,,
2026-03-12 01:06:03,A_VALIDATION_PIPELINE_V1,SPY,rejection_reason,CHOP,CHOP,OFF,alpha_mode_off,0.3349,2.0,True,,SELL,,
2026-03-12 01:06:03,A_VALIDATION_PIPELINE_V1,SPY,plan_skipped,CHOP,CHOP,OFF,alpha_mode_off,0.3349,2.0,True,,SELL,,
2026-03-12 01:06:07,A_VALIDATION_PIPELINE_V1,SPY,rejection_reason,CHOP,CHOP,OFF,alpha_mode_off,0.3349,2.0,True,,SELL,,
2026-03-12 01:06:07,A_VALIDATION_PIPELINE_V1,SPY,plan_skipped,CHOP,CHOP,OFF,alpha_mode_off,0.3349,2.0,True,,SELL,,
2026-03-12 01:06:12,A_VALIDATION_PIPELINE_V1,SPY,rejection_reason,CHOP,CHOP,OFF,alpha_mode_off,0.3349,2.0,True,,SELL,,
2026-03-12 01:06:12,A_VALIDATION_PIPELINE_V1,SPY,plan_skipped,CHOP,CHOP,OFF,alpha_mode_off,0.3349,2.0,True,,SELL,,
2026-03-12 01:06:16,A_VALIDATION_PIPELINE_V1,SPY,rejection_reason,CHOP,CHOP,OFF,alpha_mode_off,0.3349,2.0,True,,SELL,,
2026-03-12 01:06:16,A_VALIDATION_PIPELINE_V1,SPY,plan_skipped,CHOP,CHOP,OFF,alpha_mode_off,0.3349,2.0,True,,SELL,,
2026-03-12 01:06:21,A_VALIDATION_PIPELINE_V1,SPY,rejection_reason,CHOP,CHOP,OFF,alpha_mode_off,0.3349,2.0,True,,SELL,,
2026-03-12 01:06:21,A_VALIDATION_PIPELINE_V1,SPY,plan_skipped,CHOP,CHOP,OFF,alpha_mode_off,0.3349,2.0,True,,SELL,,
2026-03-12 01:06:25,A_VALIDATION_PIPELINE_V1,SPY,rejection_reason,CHOP,CHOP,OFF,alpha_mode_off,0.3349,2.0,True,,SELL,,
2026-03-12 01:06:25,A_VALIDATION_PIPELINE_V1,SPY,plan_skipped,CHOP,CHOP,OFF,alpha_mode_off,0.3349,2.0,True,,SELL,,
2026-03-12 01:06:30,A_VALIDATION_PIPELINE_V1,SPY,rejection_reason,CHOP,CHOP,OFF,alpha_mode_off,0.3349,2.0,True,,SELL,,
2026-03-12 01:06:30,A_VALIDATION_PIPELINE_V1,SPY,plan_skipped,CHOP,CHOP,OFF,alpha_mode_off,0.3349,2.0,True,,SELL,,
2026-03-12 01:06:34,A_VALIDATION_PIPELINE_V1,SPY,rejection_reason,CHOP,CHOP,OFF,alpha_mode_off,0.3349,2.0,True,,SELL,,
2026-03-12 01:06:34,A_VALIDATION_PIPELINE_V1,SPY,plan_skipped,CHOP,CHOP,OFF,alpha_mode_off,0.3349,2.0,True,,SELL,,
2026-03-12 01:06:39,A_VALIDATION_PIPELINE_V1,SPY,rejection_reason,CHOP,CHOP,OFF,alpha_mode_off,0.3349,2.0,True,,SELL,,
2026-03-12 01:06:39,A_VALIDATION_PIPELINE_V1,SPY,plan_skipped,CHOP,CHOP,OFF,alpha_mode_off,0.3349,2.0,True,,SELL,,
2026-03-12 01:06:43,A_VALIDATION_PIPELINE_V1,SPY,rejection_reason,CHOP,CHOP,OFF,alpha_mode_off,0.3349,2.0,True,,SELL,,
2026-03-12 01:06:43,A_VALIDATION_PIPELINE_V1,SPY,plan_skipped,CHOP,CHOP,OFF,alpha_mode_off,0.3349,2.0,True,,SELL,,
2026-03-12 01:06:47,A_VALIDATION_PIPELINE_V1,SPY,rejection_reason,CHOP,CHOP,OFF,alpha_mode_off,0.3349,2.0,True,,SELL,,
2026-03-12 01:06:47,A_VALIDATION_PIPELINE_V1,SPY,plan_skipped,CHOP,CHOP,OFF,alpha_mode_off,0.3349,2.0,True,,SELL,,
2026-03-12 01:06:52,A_VALIDATION_PIPELINE_V1,SPY,rejection_reason,CHOP,CHOP,OFF,alpha_mode_off,0.3349,2.0,True,,SELL,,
2026-03-12 01:06:52,A_VALIDATION_PIPELINE_V1,SPY,plan_skipped,CHOP,CHOP,OFF,alpha_mode_off,0.3349,2.0,True,,SELL,,
2026-03-12 01:06:56,A_VALIDATION_PIPELINE_V1,SPY,rejection_reason,CHOP,CHOP,OFF,alpha_mode_off,0.3349,2.0,True,,SELL,,
2026-03-12 01:06:56,A_VALIDATION_PIPELINE_V1,SPY,plan_skipped,CHOP,CHOP,OFF,alpha_mode_off,0.3349,2.0,True,,SELL,,
2026-03-12 01:07:01,A_VALIDATION_PIPELINE_V1,SPY,rejection_reason,CHOP,CHOP,OFF,alpha_mode_off,0.3349,2.0,True,,SELL,,
2026-03-12 01:07:01,A_VALIDATION_PIPELINE_V1,SPY,plan_skipped,CHOP,CHOP,OFF,alpha_mode_off,0.3349,2.0,True,,SELL,,
2026-03-12 01:07:05,A_VALIDATION_PIPELINE_V1,SPY,rejection_reason,CHOP,CHOP,OFF,alpha_mode_off,0.3349,2.0,True,,SELL,,
2026-03-12 01:07:05,A_VALIDATION_PIPELINE_V1,SPY,plan_skipped,CHOP,CHOP,OFF,alpha_mode_off,0.3349,2.0,True,,SELL,,
2026-03-12 01:07:10,A_VALIDATION_PIPELINE_V1,SPY,rejection_reason,CHOP,CHOP,OFF,alpha_mode_off,0.3349,2.0,True,,SELL,,
2026-03-12 01:07:10,A_VALIDATION_PIPELINE_V1,SPY,plan_skipped,CHOP,CHOP,OFF,alpha_mode_off,0.3349,2.0,True,,SELL,,
2026-03-12 01:07:14,A_VALIDATION_PIPELINE_V1,SPY,rejection_reason,CHOP,CHOP,OFF,alpha_mode_off,0.3349,2.0,True,,SELL,,
2026-03-12 01:07:14,A_VALIDATION_PIPELINE_V1,SPY,plan_skipped,CHOP,CHOP,OFF,alpha_mode_off,0.3349,2.0,True,,SELL,,
2026-03-12 01:07:18,A_VALIDATION_PIPELINE_V1,SPY,rejection_reason,CHOP,CHOP,OFF,alpha_mode_off,0.3349,2.0,True,,SELL,,
2026-03-12 01:07:18,A_VALIDATION_PIPELINE_V1,SPY,plan_skipped,CHOP,CHOP,OFF,alpha_mode_off,0.3349,2.0,True,,SELL,,
2026-03-12 01:07:23,A_VALIDATION_PIPELINE_V1,SPY,rejection_reason,CHOP,CHOP,OFF,alpha_mode_off,0.3349,2.0,True,,SELL,,
2026-03-12 01:07:23,A_VALIDATION_PIPELINE_V1,SPY,plan_skipped,CHOP,CHOP,OFF,alpha_mode_off,0.3349,2.0,True,,SELL,,
2026-03-12 01:07:27,A_VALIDATION_PIPELINE_V1,SPY,rejection_reason,CHOP,CHOP,OFF,alpha_mode_off,0.3349,2.0,True,,SELL,,
2026-03-12 01:07:27,A_VALIDATION_PIPELINE_V1,SPY,plan_skipped,CHOP,CHOP,OFF,alpha_mode_off,0.3349,2.0,True,,SELL,,
2026-03-12 01:07:32,A_VALIDATION_PIPELINE_V1,SPY,rejection_reason,CHOP,CHOP,OFF,alpha_mode_off,0.3349,2.0,True,,SELL,,
2026-03-12 01:07:32,A_VALIDATION_PIPELINE_V1,SPY,plan_skipped,CHOP,CHOP,OFF,alpha_mode_off,0.3349,2.0,True,,SELL,,
2026-03-12 01:07:36,A_VALIDATION_PIPELINE_V1,SPY,rejection_reason,CHOP,CHOP,OFF,alpha_mode_off,0.3349,2.0,True,,SELL,,
2026-03-12 01:07:36,A_VALIDATION_PIPELINE_V1,SPY,plan_skipped,CHOP,CHOP,OFF,alpha_mode_off,0.3349,2.0,True,,SELL,,
2026-03-12 01:07:41,A_VALIDATION_PIPELINE_V1,SPY,rejection_reason,CHOP,CHOP,OFF,alpha_mode_off,0.3349,2.0,True,,SELL,,
2026-03-12 01:07:41,A_VALIDATION_PIPELINE_V1,SPY,plan_skipped,CHOP,CHOP,OFF,alpha_mode_off,0.3349,2.0,True,,SELL,,
2026-03-12 01:07:45,A_VALIDATION_PIPELINE_V1,SPY,rejection_reason,CHOP,CHOP,OFF,alpha_mode_off,0.3349,2.0,True,,SELL,,
2026-03-12 01:07:45,A_VALIDATION_PIPELINE_V1,SPY,plan_skipped,CHOP,CHOP,OFF,alpha_mode_off,0.3349,2.0,True,,SELL,,
2026-03-12 01:07:49,A_VALIDATION_PIPELINE_V1,SPY,rejection_reason,CHOP,CHOP,OFF,alpha_mode_off,0.3349,2.0,True,,SELL,,
2026-03-12 01:07:49,A_VALIDATION_PIPELINE_V1,SPY,plan_skipped,CHOP,CHOP,OFF,alpha_mode_off,0.3349,2.0,True,,SELL,,
2026-03-12 01:07:54,A_VALIDATION_PIPELINE_V1,SPY,rejection_reason,CHOP,CHOP,OFF,alpha_mode_off,0.3349,2.0,True,,SELL,,
2026-03-12 01:07:54,A_VALIDATION_PIPELINE_V1,SPY,plan_skipped,CHOP,CHOP,OFF,alpha_mode_off,0.3349,2.0,True,,SELL,,
2026-03-12 01:07:58,A_VALIDATION_PIPELINE_V1,SPY,rejection_reason,CHOP,CHOP,OFF,alpha_mode_off,0.3349,2.0,True,,SELL,,
2026-03-12 01:07:58,A_VALIDATION_PIPELINE_V1,SPY,plan_skipped,CHOP,CHOP,OFF,alpha_mode_off,0.3349,2.0,True,,SELL,,
2026-03-12 01:08:03,A_VALIDATION_PIPELINE_V1,SPY,rejection_reason,CHOP,CHOP,OFF,alpha_mode_off,0.3349,2.0,True,,SELL,,
2026-03-12 01:08:03,A_VALIDATION_PIPELINE_V1,SPY,plan_skipped,CHOP,CHOP,OFF,alpha_mode_off,0.3349,2.0,True,,SELL,,
2026-03-12 01:08:07,A_VALIDATION_PIPELINE_V1,SPY,rejection_reason,CHOP,CHOP,OFF,alpha_mode_off,0.3349,2.0,True,,SELL,,
2026-03-12 01:08:07,A_VALIDATION_PIPELINE_V1,SPY,plan_skipped,CHOP,CHOP,OFF,alpha_mode_off,0.3349,2.0,True,,SELL,,
2026-03-12 01:08:12,A_VALIDATION_PIPELINE_V1,SPY,rejection_reason,CHOP,CHOP,OFF,alpha_mode_off,0.3349,2.0,True,,SELL,,
2026-03-12 01:08:12,A_VALIDATION_PIPELINE_V1,SPY,plan_skipped,CHOP,CHOP,OFF,alpha_mode_off,0.3349,2.0,True,,SELL,,
2026-03-12 01:08:16,A_VALIDATION_PIPELINE_V1,SPY,rejection_reason,CHOP,CHOP,OFF,alpha_mode_off,0.3349,2.0,True,,SELL,,
2026-03-12 01:08:16,A_VALIDATION_PIPELINE_V1,SPY,plan_skipped,CHOP,CHOP,OFF,alpha_mode_off,0.3349,2.0,True,,SELL,,
2026-03-12 01:08:21,A_VALIDATION_PIPELINE_V1,SPY,rejection_reason,CHOP,CHOP,OFF,alpha_mode_off,0.3349,2.0,True,,SELL,,
2026-03-12 01:08:21,A_VALIDATION_PIPELINE_V1,SPY,plan_skipped,CHOP,CHOP,OFF,alpha_mode_off,0.3349,2.0,True,,SELL,,
2026-03-12 01:08:25,A_VALIDATION_PIPELINE_V1,SPY,rejection_reason,CHOP,CHOP,OFF,alpha_mode_off,0.3349,2.0,True,,SELL,,
2026-03-12 01:08:25,A_VALIDATION_PIPELINE_V1,SPY,plan_skipped,CHOP,CHOP,OFF,alpha_mode_off,0.3349,2.0,True,,SELL,,
2026-03-12 01:08:30,A_VALIDATION_PIPELINE_V1,SPY,rejection_reason,CHOP,CHOP,OFF,alpha_mode_off,0.3349,2.0,True,,SELL,,
2026-03-12 01:08:30,A_VALIDATION_PIPELINE_V1,SPY,plan_skipped,CHOP,CHOP,OFF,alpha_mode_off,0.3349,2.0,True,,SELL,,
2026-03-12 01:08:34,A_VALIDATION_PIPELINE_V1,SPY,rejection_reason,CHOP,CHOP,OFF,alpha_mode_off,0.3349,2.0,True,,SELL,,
2026-03-12 01:08:34,A_VALIDATION_PIPELINE_V1,SPY,plan_skipped,CHOP,CHOP,OFF,alpha_mode_off,0.3349,2.0,True,,SELL,,
2026-03-12 01:08:38,A_VALIDATION_PIPELINE_V1,SPY,rejection_reason,CHOP,CHOP,OFF,alpha_mode_off,0.3349,2.0,True,,SELL,,
2026-03-12 01:08:38,A_VALIDATION_PIPELINE_V1,SPY,plan_skipped,CHOP,CHOP,OFF,alpha_mode_off,0.3349,2.0,True,,SELL,,
2026-03-12 01:08:43,A_VALIDATION_PIPELINE_V1,SPY,rejection_reason,CHOP,CHOP,OFF,alpha_mode_off,0.3349,2.0,True,,SELL,,
2026-03-12 01:08:43,A_VALIDATION_PIPELINE_V1,SPY,plan_skipped,CHOP,CHOP,OFF,alpha_mode_off,0.3349,2.0,True,,SELL,,
2026-03-12 01:08:47,A_VALIDATION_PIPELINE_V1,SPY,rejection_reason,CHOP,CHOP,OFF,alpha_mode_off,0.3349,2.0,True,,SELL,,
2026-03-12 01:08:47,A_VALIDATION_PIPELINE_V1,SPY,plan_skipped,CHOP,CHOP,OFF,alpha_mode_off,0.3349,2.0,True,,SELL,,
2026-03-12 01:08:52,A_VALIDATION_PIPELINE_V1,SPY,rejection_reason,CHOP,CHOP,OFF,alpha_mode_off,0.3349,2.0,True,,SELL,,
2026-03-12 01:08:52,A_VALIDATION_PIPELINE_V1,SPY,plan_skipped,CHOP,CHOP,OFF,alpha_mode_off,0.3349,2.0,True,,SELL,,
2026-03-12 01:08:56,A_VALIDATION_PIPELINE_V1,SPY,rejection_reason,CHOP,CHOP,OFF,alpha_mode_off,0.3349,2.0,True,,SELL,,
2026-03-12 01:08:56,A_VALIDATION_PIPELINE_V1,SPY,plan_skipped,CHOP,CHOP,OFF,alpha_mode_off,0.3349,2.0,True,,SELL,,
2026-03-12 01:09:01,A_VALIDATION_PIPELINE_V1,SPY,rejection_reason,CHOP,CHOP,OFF,alpha_mode_off,0.3349,2.0,True,,SELL,,
2026-03-12 01:09:01,A_VALIDATION_PIPELINE_V1,SPY,plan_skipped,CHOP,CHOP,OFF,alpha_mode_off,0.3349,2.0,True,,SELL,,
2026-03-12 01:09:05,A_VALIDATION_PIPELINE_V1,SPY,rejection_reason,CHOP,CHOP,OFF,alpha_mode_off,0.3349,2.0,True,,SELL,,
2026-03-12 01:09:05,A_VALIDATION_PIPELINE_V1,SPY,plan_skipped,CHOP,CHOP,OFF,alpha_mode_off,0.3349,2.0,True,,SELL,,
2026-03-12 01:09:10,A_VALIDATION_PIPELINE_V1,SPY,rejection_reason,CHOP,CHOP,OFF,alpha_mode_off,0.3349,2.0,True,,SELL,,
2026-03-12 01:09:10,A_VALIDATION_PIPELINE_V1,SPY,plan_skipped,CHOP,CHOP,OFF,alpha_mode_off,0.3349,2.0,True,,SELL,,
2026-03-12 01:09:14,A_VALIDATION_PIPELINE_V1,SPY,rejection_reason,CHOP,CHOP,OFF,alpha_mode_off,0.3349,2.0,True,,SELL,,
2026-03-12 01:09:14,A_VALIDATION_PIPELINE_V1,SPY,plan_skipped,CHOP,CHOP,OFF,alpha_mode_off,0.3349,2.0,True,,SELL,,
2026-03-12 01:09:18,A_VALIDATION_PIPELINE_V1,SPY,rejection_reason,CHOP,CHOP,OFF,alpha_mode_off,0.3349,2.0,True,,SELL,,
2026-03-12 01:09:18,A_VALIDATION_PIPELINE_V1,SPY,plan_skipped,CHOP,CHOP,OFF,alpha_mode_off,0.3349,2.0,True,,SELL,,
2026-03-12 01:09:23,A_VALIDATION_PIPELINE_V1,SPY,rejection_reason,CHOP,CHOP,OFF,alpha_mode_off,0.3349,2.0,True,,SELL,,
2026-03-12 01:09:23,A_VALIDATION_PIPELINE_V1,SPY,plan_skipped,CHOP,CHOP,OFF,alpha_mode_off,0.3349,2.0,True,,SELL,,
2026-03-12 01:09:27,A_VALIDATION_PIPELINE_V1,SPY,rejection_reason,CHOP,CHOP,OFF,alpha_mode_off,0.3349,2.0,True,,SELL,,
2026-03-12 01:09:27,A_VALIDATION_PIPELINE_V1,SPY,plan_skipped,CHOP,CHOP,OFF,alpha_mode_off,0.3349,2.0,True,,SELL,,
2026-03-12 01:09:32,A_VALIDATION_PIPELINE_V1,SPY,rejection_reason,CHOP,CHOP,OFF,alpha_mode_off,0.3349,2.0,True,,SELL,,
2026-03-12 01:09:32,A_VALIDATION_PIPELINE_V1,SPY,plan_skipped,CHOP,CHOP,OFF,alpha_mode_off,0.3349,2.0,True,,SELL,,
2026-03-12 01:09:36,A_VALIDATION_PIPELINE_V1,SPY,rejection_reason,CHOP,CHOP,OFF,alpha_mode_off,0.3349,2.0,True,,SELL,,
2026-03-12 01:09:36,A_VALIDATION_PIPELINE_V1,SPY,plan_skipped,CHOP,CHOP,OFF,alpha_mode_off,0.3349,2.0,True,,SELL,,
2026-03-12 01:09:41,A_VALIDATION_PIPELINE_V1,SPY,rejection_reason,CHOP,CHOP,OFF,alpha_mode_off,0.3349,2.0,True,,SELL,,
2026-03-12 01:09:41,A_VALIDATION_PIPELINE_V1,SPY,plan_skipped,CHOP,CHOP,OFF,alpha_mode_off,0.3349,2.0,True,,SELL,,
2026-03-12 01:09:45,A_VALIDATION_PIPELINE_V1,SPY,rejection_reason,CHOP,CHOP,OFF,alpha_mode_off,0.3349,2.0,True,,SELL,,
2026-03-12 01:09:45,A_VALIDATION_PIPELINE_V1,SPY,plan_skipped,CHOP,CHOP,OFF,alpha_mode_off,0.3349,2.0,True,,SELL,,
2026-03-12 01:09:50,A_VALIDATION_PIPELINE_V1,SPY,rejection_reason,CHOP,CHOP,OFF,alpha_mode_off,0.3349,2.0,True,,SELL,,
2026-03-12 01:09:50,A_VALIDATION_PIPELINE_V1,SPY,plan_skipped,CHOP,CHOP,OFF,alpha_mode_off,0.3349,2.0,True,,SELL,,
2026-03-12 01:09:54,A_VALIDATION_PIPELINE_V1,SPY,rejection_reason,CHOP,CHOP,OFF,alpha_mode_off,0.3349,2.0,True,,SELL,,
2026-03-12 01:09:54,A_VALIDATION_PIPELINE_V1,SPY,plan_skipped,CHOP,CHOP,OFF,alpha_mode_off,0.3349,2.0,True,,SELL,,
2026-03-12 01:09:59,A_VALIDATION_PIPELINE_V1,SPY,rejection_reason,CHOP,CHOP,OFF,alpha_mode_off,0.3349,2.0,True,,SELL,,
2026-03-12 01:09:59,A_VALIDATION_PIPELINE_V1,SPY,plan_skipped,CHOP,CHOP,OFF,alpha_mode_off,0.3349,2.0,True,,SELL,,
2026-03-12 01:10:03,A_VALIDATION_PIPELINE_V1,SPY,rejection_reason,CHOP,CHOP,OFF,alpha_mode_off,0.3349,2.0,True,,SELL,,
2026-03-12 01:10:03,A_VALIDATION_PIPELINE_V1,SPY,plan_skipped,CHOP,CHOP,OFF,alpha_mode_off,0.3349,2.0,True,,SELL,,
2026-03-12 01:10:08,A_VALIDATION_PIPELINE_V1,SPY,rejection_reason,CHOP,CHOP,OFF,alpha_mode_off,0.3349,2.0,True,,SELL,,
2026-03-12 01:10:08,A_VALIDATION_PIPELINE_V1,SPY,plan_skipped,CHOP,CHOP,OFF,alpha_mode_off,0.3349,2.0,True,,SELL,,
2026-03-12 01:10:12,A_VALIDATION_PIPELINE_V1,SPY,rejection_reason,CHOP,CHOP,OFF,alpha_mode_off,0.3349,2.0,True,,SELL,,
2026-03-12 01:10:12,A_VALIDATION_PIPELINE_V1,SPY,plan_skipped,CHOP,CHOP,OFF,alpha_mode_off,0.3349,2.0,True,,SELL,,
2026-03-12 01:10:17,A_VALIDATION_PIPELINE_V1,SPY,rejection_reason,CHOP,CHOP,OFF,alpha_mode_off,0.3349,2.0,True,,SELL,,
2026-03-12 01:10:17,A_VALIDATION_PIPELINE_V1,SPY,plan_skipped,CHOP,CHOP,OFF,alpha_mode_off,0.3349,2.0,True,,SELL,,
2026-03-12 01:10:21,A_VALIDATION_PIPELINE_V1,SPY,rejection_reason,CHOP,CHOP,OFF,alpha_mode_off,0.3349,2.0,True,,SELL,,
2026-03-12 01:10:21,A_VALIDATION_PIPELINE_V1,SPY,plan_skipped,CHOP,CHOP,OFF,alpha_mode_off,0.3349,2.0,True,,SELL,,
2026-03-12 01:10:25,A_VALIDATION_PIPELINE_V1,SPY,rejection_reason,CHOP,CHOP,OFF,alpha_mode_off,0.3349,2.0,True,,SELL,,
2026-03-12 01:10:25,A_VALIDATION_PIPELINE_V1,SPY,plan_skipped,CHOP,CHOP,OFF,alpha_mode_off,0.3349,2.0,True,,SELL,,
2026-03-12 01:10:30,A_VALIDATION_PIPELINE_V1,SPY,rejection_reason,CHOP,CHOP,OFF,alpha_mode_off,0.3349,2.0,True,,SELL,,
2026-03-12 01:10:30,A_VALIDATION_PIPELINE_V1,SPY,plan_skipped,CHOP,CHOP,OFF,alpha_mode_off,0.3349,2.0,True,,SELL,,
2026-03-12 01:10:34,A_VALIDATION_PIPELINE_V1,SPY,rejection_reason,CHOP,CHOP,OFF,alpha_mode_off,0.3349,2.0,True,,SELL,,
2026-03-12 01:10:34,A_VALIDATION_PIPELINE_V1,SPY,plan_skipped,CHOP,CHOP,OFF,alpha_mode_off,0.3349,2.0,True,,SELL,,
2026-03-12 01:10:39,A_VALIDATION_PIPELINE_V1,SPY,rejection_reason,CHOP,CHOP,OFF,alpha_mode_off,0.3349,2.0,True,,SELL,,
2026-03-12 01:10:39,A_VALIDATION_PIPELINE_V1,SPY,plan_skipped,CHOP,CHOP,OFF,alpha_mode_off,0.3349,2.0,True,,SELL,,
2026-03-12 01:10:43,A_VALIDATION_PIPELINE_V1,SPY,rejection_reason,CHOP,CHOP,OFF,alpha_mode_off,0.3349,2.0,True,,SELL,,
2026-03-12 01:10:43,A_VALIDATION_PIPELINE_V1,SPY,plan_skipped,CHOP,CHOP,OFF,alpha_mode_off,0.3349,2.0,True,,SELL,,
2026-03-12 01:10:48,A_VALIDATION_PIPELINE_V1,SPY,rejection_reason,CHOP,CHOP,OFF,alpha_mode_off,0.3349,2.0,True,,SELL,,
2026-03-12 01:10:48,A_VALIDATION_PIPELINE_V1,SPY,plan_skipped,CHOP,CHOP,OFF,alpha_mode_off,0.3349,2.0,True,,SELL,,
2026-03-12 01:10:52,A_VALIDATION_PIPELINE_V1,SPY,rejection_reason,CHOP,CHOP,OFF,alpha_mode_off,0.3349,2.0,True,,SELL,,
2026-03-12 01:10:52,A_VALIDATION_PIPELINE_V1,SPY,plan_skipped,CHOP,CHOP,OFF,alpha_mode_off,0.3349,2.0,True,,SELL,,
2026-03-12 01:10:57,A_VALIDATION_PIPELINE_V1,SPY,rejection_reason,CHOP,CHOP,OFF,alpha_mode_off,0.3349,2.0,True,,SELL,,
2026-03-12 01:10:57,A_VALIDATION_PIPELINE_V1,SPY,plan_skipped,CHOP,CHOP,OFF,alpha_mode_off,0.3349,2.0,True,,SELL,,
2026-03-12 01:11:01,A_VALIDATION_PIPELINE_V1,SPY,rejection_reason,CHOP,CHOP,OFF,alpha_mode_off,0.3349,2.0,True,,SELL,,
2026-03-12 01:11:01,A_VALIDATION_PIPELINE_V1,SPY,plan_skipped,CHOP,CHOP,OFF,alpha_mode_off,0.3349,2.0,True,,SELL,,
2026-03-12 01:11:05,A_VALIDATION_PIPELINE_V1,SPY,rejection_reason,CHOP,CHOP,OFF,alpha_mode_off,0.3349,2.0,True,,SELL,,
2026-03-12 01:11:05,A_VALIDATION_PIPELINE_V1,SPY,plan_skipped,CHOP,CHOP,OFF,alpha_mode_off,0.3349,2.0,True,,SELL,,
2026-03-12 01:11:10,A_VALIDATION_PIPELINE_V1,SPY,rejection_reason,CHOP,CHOP,OFF,alpha_mode_off,0.3349,2.0,True,,SELL,,
2026-03-12 01:11:10,A_VALIDATION_PIPELINE_V1,SPY,plan_skipped,CHOP,CHOP,OFF,alpha_mode_off,0.3349,2.0,True,,SELL,,
2026-03-12 01:11:14,A_VALIDATION_PIPELINE_V1,SPY,rejection_reason,CHOP,CHOP,OFF,alpha_mode_off,0.3349,2.0,True,,SELL,,
2026-03-12 01:11:14,A_VALIDATION_PIPELINE_V1,SPY,plan_skipped,CHOP,CHOP,OFF,alpha_mode_off,0.3349,2.0,True,,SELL,,
2026-03-12 01:11:19,A_VALIDATION_PIPELINE_V1,SPY,rejection_reason,CHOP,CHOP,OFF,alpha_mode_off,0.3349,2.0,True,,SELL,,
2026-03-12 01:11:19,A_VALIDATION_PIPELINE_V1,SPY,plan_skipped,CHOP,CHOP,OFF,alpha_mode_off,0.3349,2.0,True,,SELL,,
2026-03-12 01:11:23,A_VALIDATION_PIPELINE_V1,SPY,rejection_reason,CHOP,CHOP,OFF,alpha_mode_off,0.3349,2.0,True,,SELL,,
2026-03-12 01:11:23,A_VALIDATION_PIPELINE_V1,SPY,plan_skipped,CHOP,CHOP,OFF,alpha_mode_off,0.3349,2.0,True,,SELL,,
2026-03-12 01:11:28,A_VALIDATION_PIPELINE_V1,SPY,rejection_reason,CHOP,CHOP,OFF,alpha_mode_off,0.3349,2.0,True,,SELL,,
2026-03-12 01:11:28,A_VALIDATION_PIPELINE_V1,SPY,plan_skipped,CHOP,CHOP,OFF,alpha_mode_off,0.3349,2.0,True,,SELL,,
2026-03-12 01:11:32,A_VALIDATION_PIPELINE_V1,SPY,rejection_reason,CHOP,CHOP,OFF,alpha_mode_off,0.3349,2.0,True,,SELL,,
2026-03-12 01:11:32,A_VALIDATION_PIPELINE_V1,SPY,plan_skipped,CHOP,CHOP,OFF,alpha_mode_off,0.3349,2.0,True,,SELL,,
2026-03-12 01:11:37,A_VALIDATION_PIPELINE_V1,SPY,rejection_reason,CHOP,CHOP,OFF,alpha_mode_off,0.3349,2.0,True,,SELL,,
2026-03-12 01:11:37,A_VALIDATION_PIPELINE_V1,SPY,plan_skipped,CHOP,CHOP,OFF,alpha_mode_off,0.3349,2.0,True,,SELL,,
2026-03-12 01:11:41,A_VALIDATION_PIPELINE_V1,SPY,rejection_reason,CHOP,CHOP,OFF,alpha_mode_off,0.3349,2.0,True,,SELL,,
2026-03-12 01:11:41,A_VALIDATION_PIPELINE_V1,SPY,plan_skipped,CHOP,CHOP,OFF,alpha_mode_off,0.3349,2.0,True,,SELL,,
2026-03-12 01:11:45,A_VALIDATION_PIPELINE_V1,SPY,rejection_reason,CHOP,CHOP,OFF,alpha_mode_off,0.3349,2.0,True,,SELL,,
2026-03-12 01:11:45,A_VALIDATION_PIPELINE_V1,SPY,plan_skipped,CHOP,CHOP,OFF,alpha_mode_off,0.3349,2.0,True,,SELL,,
2026-03-12 01:11:50,A_VALIDATION_PIPELINE_V1,SPY,rejection_reason,CHOP,CHOP,OFF,alpha_mode_off,0.3349,2.0,True,,SELL,,
2026-03-12 01:11:50,A_VALIDATION_PIPELINE_V1,SPY,plan_skipped,CHOP,CHOP,OFF,alpha_mode_off,0.3349,2.0,True,,SELL,,
2026-03-12 01:11:54,A_VALIDATION_PIPELINE_V1,SPY,rejection_reason,CHOP,CHOP,OFF,alpha_mode_off,0.3349,2.0,True,,SELL,,
2026-03-12 01:11:54,A_VALIDATION_PIPELINE_V1,SPY,plan_skipped,CHOP,CHOP,OFF,alpha_mode_off,0.3349,2.0,True,,SELL,,
2026-03-12 01:11:59,A_VALIDATION_PIPELINE_V1,SPY,rejection_reason,CHOP,CHOP,OFF,alpha_mode_off,0.3349,2.0,True,,SELL,,
2026-03-12 01:11:59,A_VALIDATION_PIPELINE_V1,SPY,plan_skipped,CHOP,CHOP,OFF,alpha_mode_off,0.3349,2.0,True,,SELL,,
2026-03-12 01:12:03,A_VALIDATION_PIPELINE_V1,SPY,rejection_reason,CHOP,CHOP,OFF,alpha_mode_off,0.3349,2.0,True,,SELL,,
2026-03-12 01:12:03,A_VALIDATION_PIPELINE_V1,SPY,plan_skipped,CHOP,CHOP,OFF,alpha_mode_off,0.3349,2.0,True,,SELL,,
2026-03-12 01:12:08,A_VALIDATION_PIPELINE_V1,SPY,rejection_reason,CHOP,CHOP,OFF,alpha_mode_off,0.3349,2.0,True,,SELL,,
2026-03-12 01:12:08,A_VALIDATION_PIPELINE_V1,SPY,plan_skipped,CHOP,CHOP,OFF,alpha_mode_off,0.3349,2.0,True,,SELL,,
2026-03-12 01:12:12,A_VALIDATION_PIPELINE_V1,SPY,rejection_reason,CHOP,CHOP,OFF,alpha_mode_off,0.3349,2.0,True,,SELL,,
2026-03-12 01:12:12,A_VALIDATION_PIPELINE_V1,SPY,plan_skipped,CHOP,CHOP,OFF,alpha_mode_off,0.3349,2.0,True,,SELL,,
2026-03-12 01:12:16,A_VALIDATION_PIPELINE_V1,SPY,rejection_reason,CHOP,CHOP,OFF,alpha_mode_off,0.3349,2.0,True,,SELL,,
2026-03-12 01:12:16,A_VALIDATION_PIPELINE_V1,SPY,plan_skipped,CHOP,CHOP,OFF,alpha_mode_off,0.3349,2.0,True,,SELL,,
2026-03-12 01:12:21,A_VALIDATION_PIPELINE_V1,SPY,rejection_reason,CHOP,CHOP,OFF,alpha_mode_off,0.3349,2.0,True,,SELL,,
2026-03-12 01:12:21,A_VALIDATION_PIPELINE_V1,SPY,plan_skipped,CHOP,CHOP,OFF,alpha_mode_off,0.3349,2.0,True,,SELL,,
2026-03-12 01:12:25,A_VALIDATION_PIPELINE_V1,SPY,rejection_reason,CHOP,CHOP,OFF,alpha_mode_off,0.3349,2.0,True,,SELL,,
2026-03-12 01:12:25,A_VALIDATION_PIPELINE_V1,SPY,plan_skipped,CHOP,CHOP,OFF,alpha_mode_off,0.3349,2.0,True,,SELL,,
2026-03-12 01:12:30,A_VALIDATION_PIPELINE_V1,SPY,rejection_reason,CHOP,CHOP,OFF,alpha_mode_off,0.3349,2.0,True,,SELL,,
2026-03-12 01:12:30,A_VALIDATION_PIPELINE_V1,SPY,plan_skipped,CHOP,CHOP,OFF,alpha_mode_off,0.3349,2.0,True,,SELL,,
2026-03-12 01:12:34,A_VALIDATION_PIPELINE_V1,SPY,rejection_reason,CHOP,CHOP,OFF,alpha_mode_off,0.3349,2.0,True,,SELL,,
2026-03-12 01:12:34,A_VALIDATION_PIPELINE_V1,SPY,plan_skipped,CHOP,CHOP,OFF,alpha_mode_off,0.3349,2.0,True,,SELL,,
2026-03-12 01:12:39,A_VALIDATION_PIPELINE_V1,SPY,rejection_reason,CHOP,CHOP,OFF,alpha_mode_off,0.3349,2.0,True,,SELL,,
2026-03-12 01:12:39,A_VALIDATION_PIPELINE_V1,SPY,plan_skipped,CHOP,CHOP,OFF,alpha_mode_off,0.3349,2.0,True,,SELL,,
2026-03-12 01:12:43,A_VALIDATION_PIPELINE_V1,SPY,rejection_reason,CHOP,CHOP,OFF,alpha_mode_off,0.3349,2.0,True,,SELL,,
2026-03-12 01:12:43,A_VALIDATION_PIPELINE_V1,SPY,plan_skipped,CHOP,CHOP,OFF,alpha_mode_off,0.3349,2.0,True,,SELL,,
2026-03-12 01:12:48,A_VALIDATION_PIPELINE_V1,SPY,rejection_reason,CHOP,CHOP,OFF,alpha_mode_off,0.3349,2.0,True,,SELL,,
2026-03-12 01:12:48,A_VALIDATION_PIPELINE_V1,SPY,plan_skipped,CHOP,CHOP,OFF,alpha_mode_off,0.3349,2.0,True,,SELL,,
2026-03-12 01:12:52,A_VALIDATION_PIPELINE_V1,SPY,rejection_reason,CHOP,CHOP,OFF,alpha_mode_off,0.3349,2.0,True,,SELL,,
2026-03-12 01:12:52,A_VALIDATION_PIPELINE_V1,SPY,plan_skipped,CHOP,CHOP,OFF,alpha_mode_off,0.3349,2.0,True,,SELL,,
2026-03-12 01:12:57,A_VALIDATION_PIPELINE_V1,SPY,rejection_reason,CHOP,CHOP,OFF,alpha_mode_off,0.3349,2.0,True,,SELL,,
2026-03-12 01:12:57,A_VALIDATION_PIPELINE_V1,SPY,plan_skipped,CHOP,CHOP,OFF,alpha_mode_off,0.3349,2.0,True,,SELL,,
2026-03-12 01:13:01,A_VALIDATION_PIPELINE_V1,SPY,rejection_reason,CHOP,CHOP,OFF,alpha_mode_off,0.3349,2.0,True,,SELL,,
2026-03-12 01:13:01,A_VALIDATION_PIPELINE_V1,SPY,plan_skipped,CHOP,CHOP,OFF,alpha_mode_off,0.3349,2.0,True,,SELL,,
2026-03-12 01:13:06,A_VALIDATION_PIPELINE_V1,SPY,rejection_reason,CHOP,CHOP,OFF,alpha_mode_off,0.3349,2.0,True,,SELL,,
2026-03-12 01:13:06,A_VALIDATION_PIPELINE_V1,SPY,plan_skipped,CHOP,CHOP,OFF,alpha_mode_off,0.3349,2.0,True,,SELL,,
2026-03-12 01:13:10,A_VALIDATION_PIPELINE_V1,SPY,rejection_reason,CHOP,CHOP,OFF,alpha_mode_off,0.3349,2.0,True,,SELL,,
2026-03-12 01:13:10,A_VALIDATION_PIPELINE_V1,SPY,plan_skipped,CHOP,CHOP,OFF,alpha_mode_off,0.3349,2.0,True,,SELL,,
2026-03-12 01:13:14,A_VALIDATION_PIPELINE_V1,SPY,rejection_reason,CHOP,CHOP,OFF,alpha_mode_off,0.3349,2.0,True,,SELL,,
2026-03-12 01:13:14,A_VALIDATION_PIPELINE_V1,SPY,plan_skipped,CHOP,CHOP,OFF,alpha_mode_off,0.3349,2.0,True,,SELL,,
2026-03-12 01:13:19,A_VALIDATION_PIPELINE_V1,SPY,rejection_reason,CHOP,CHOP,OFF,alpha_mode_off,0.3349,2.0,True,,SELL,,
2026-03-12 01:13:19,A_VALIDATION_PIPELINE_V1,SPY,plan_skipped,CHOP,CHOP,OFF,alpha_mode_off,0.3349,2.0,True,,SELL,,
2026-03-12 01:13:23,A_VALIDATION_PIPELINE_V1,SPY,rejection_reason,CHOP,CHOP,OFF,alpha_mode_off,0.3349,2.0,True,,SELL,,
2026-03-12 01:13:23,A_VALIDATION_PIPELINE_V1,SPY,plan_skipped,CHOP,CHOP,OFF,alpha_mode_off,0.3349,2.0,True,,SELL,,
2026-03-12 01:13:28,A_VALIDATION_PIPELINE_V1,SPY,rejection_reason,CHOP,CHOP,OFF,alpha_mode_off,0.3349,2.0,True,,SELL,,
2026-03-12 01:13:28,A_VALIDATION_PIPELINE_V1,SPY,plan_skipped,CHOP,CHOP,OFF,alpha_mode_off,0.3349,2.0,True,,SELL,,
2026-03-12 01:13:32,A_VALIDATION_PIPELINE_V1,SPY,rejection_reason,CHOP,CHOP,OFF,alpha_mode_off,0.3349,2.0,True,,SELL,,
2026-03-12 01:13:32,A_VALIDATION_PIPELINE_V1,SPY,plan_skipped,CHOP,CHOP,OFF,alpha_mode_off,0.3349,2.0,True,,SELL,,
2026-03-12 01:13:37,A_VALIDATION_PIPELINE_V1,SPY,rejection_reason,CHOP,CHOP,OFF,alpha_mode_off,0.3349,2.0,True,,SELL,,
2026-03-12 01:13:37,A_VALIDATION_PIPELINE_V1,SPY,plan_skipped,CHOP,CHOP,OFF,alpha_mode_off,0.3349,2.0,True,,SELL,,
2026-03-12 01:13:41,A_VALIDATION_PIPELINE_V1,SPY,rejection_reason,CHOP,CHOP,OFF,alpha_mode_off,0.3349,2.0,True,,SELL,,
2026-03-12 01:13:41,A_VALIDATION_PIPELINE_V1,SPY,plan_skipped,CHOP,CHOP,OFF,alpha_mode_off,0.3349,2.0,True,,SELL,,
2026-03-12 01:13:45,A_VALIDATION_PIPELINE_V1,SPY,rejection_reason,CHOP,CHOP,OFF,alpha_mode_off,0.3349,2.0,True,,SELL,,
2026-03-12 01:13:45,A_VALIDATION_PIPELINE_V1,SPY,plan_skipped,CHOP,CHOP,OFF,alpha_mode_off,0.3349,2.0,True,,SELL,,
2026-03-12 01:13:50,A_VALIDATION_PIPELINE_V1,SPY,rejection_reason,CHOP,CHOP,OFF,alpha_mode_off,0.3349,2.0,True,,SELL,,
2026-03-12 01:13:50,A_VALIDATION_PIPELINE_V1,SPY,plan_skipped,CHOP,CHOP,OFF,alpha_mode_off,0.3349,2.0,True,,SELL,,
2026-03-12 01:13:54,A_VALIDATION_PIPELINE_V1,SPY,rejection_reason,CHOP,CHOP,OFF,alpha_mode_off,0.3349,2.0,True,,SELL,,
2026-03-12 01:13:54,A_VALIDATION_PIPELINE_V1,SPY,plan_skipped,CHOP,CHOP,OFF,alpha_mode_off,0.3349,2.0,True,,SELL,,
2026-03-12 01:13:59,A_VALIDATION_PIPELINE_V1,SPY,rejection_reason,CHOP,CHOP,OFF,alpha_mode_off,0.3349,2.0,True,,SELL,,
2026-03-12 01:13:59,A_VALIDATION_PIPELINE_V1,SPY,plan_skipped,CHOP,CHOP,OFF,alpha_mode_off,0.3349,2.0,True,,SELL,,
2026-03-12 01:14:03,A_VALIDATION_PIPELINE_V1,SPY,rejection_reason,CHOP,CHOP,OFF,alpha_mode_off,0.3349,2.0,True,,SELL,,
2026-03-12 01:14:03,A_VALIDATION_PIPELINE_V1,SPY,plan_skipped,CHOP,CHOP,OFF,alpha_mode_off,0.3349,2.0,True,,SELL,,
2026-03-12 01:14:08,A_VALIDATION_PIPELINE_V1,SPY,rejection_reason,CHOP,CHOP,OFF,alpha_mode_off,0.3349,2.0,True,,SELL,,
2026-03-12 01:14:08,A_VALIDATION_PIPELINE_V1,SPY,plan_skipped,CHOP,CHOP,OFF,alpha_mode_off,0.3349,2.0,True,,SELL,,
2026-03-12 01:14:12,A_VALIDATION_PIPELINE_V1,SPY,rejection_reason,CHOP,CHOP,OFF,alpha_mode_off,0.3349,2.0,True,,SELL,,
2026-03-12 01:14:12,A_VALIDATION_PIPELINE_V1,SPY,plan_skipped,CHOP,CHOP,OFF,alpha_mode_off,0.3349,2.0,True,,SELL,,
2026-03-12 01:14:16,A_VALIDATION_PIPELINE_V1,SPY,rejection_reason,CHOP,CHOP,OFF,alpha_mode_off,0.3349,2.0,True,,SELL,,
2026-03-12 01:14:16,A_VALIDATION_PIPELINE_V1,SPY,plan_skipped,CHOP,CHOP,OFF,alpha_mode_off,0.3349,2.0,True,,SELL,,
2026-03-12 01:14:21,A_VALIDATION_PIPELINE_V1,SPY,rejection_reason,CHOP,CHOP,OFF,alpha_mode_off,0.3349,2.0,True,,SELL,,
2026-03-12 01:14:21,A_VALIDATION_PIPELINE_V1,SPY,plan_skipped,CHOP,CHOP,OFF,alpha_mode_off,0.3349,2.0,True,,SELL,,
2026-03-12 01:14:25,A_VALIDATION_PIPELINE_V1,SPY,rejection_reason,CHOP,CHOP,OFF,alpha_mode_off,0.3349,2.0,True,,SELL,,
2026-03-12 01:14:25,A_VALIDATION_PIPELINE_V1,SPY,plan_skipped,CHOP,CHOP,OFF,alpha_mode_off,0.3349,2.0,True,,SELL,,
2026-03-12 01:14:30,A_VALIDATION_PIPELINE_V1,SPY,rejection_reason,CHOP,CHOP,OFF,alpha_mode_off,0.3349,2.0,True,,SELL,,
2026-03-12 01:14:30,A_VALIDATION_PIPELINE_V1,SPY,plan_skipped,CHOP,CHOP,OFF,alpha_mode_off,0.3349,2.0,True,,SELL,,
2026-03-12 01:14:34,A_VALIDATION_PIPELINE_V1,SPY,rejection_reason,CHOP,CHOP,OFF,alpha_mode_off,0.3349,2.0,True,,SELL,,
2026-03-12 01:14:34,A_VALIDATION_PIPELINE_V1,SPY,plan_skipped,CHOP,CHOP,OFF,alpha_mode_off,0.3349,2.0,True,,SELL,,
2026-03-12 01:14:39,A_VALIDATION_PIPELINE_V1,SPY,rejection_reason,CHOP,CHOP,OFF,alpha_mode_off,0.3349,2.0,True,,SELL,,
2026-03-12 01:14:39,A_VALIDATION_PIPELINE_V1,SPY,plan_skipped,CHOP,CHOP,OFF,alpha_mode_off,0.3349,2.0,True,,SELL,,
2026-03-12 01:14:43,A_VALIDATION_PIPELINE_V1,SPY,rejection_reason,CHOP,CHOP,OFF,alpha_mode_off,0.3349,2.0,True,,SELL,,
2026-03-12 01:14:43,A_VALIDATION_PIPELINE_V1,SPY,plan_skipped,CHOP,CHOP,OFF,alpha_mode_off,0.3349,2.0,True,,SELL,,
2026-03-12 01:14:48,A_VALIDATION_PIPELINE_V1,SPY,rejection_reason,CHOP,CHOP,OFF,alpha_mode_off,0.3349,2.0,True,,SELL,,
2026-03-12 01:14:48,A_VALIDATION_PIPELINE_V1,SPY,plan_skipped,CHOP,CHOP,OFF,alpha_mode_off,0.3349,2.0,True,,SELL,,
2026-03-12 01:14:52,A_VALIDATION_PIPELINE_V1,SPY,rejection_reason,CHOP,CHOP,OFF,alpha_mode_off,0.3349,2.0,True,,SELL,,
2026-03-12 01:14:52,A_VALIDATION_PIPELINE_V1,SPY,plan_skipped,CHOP,CHOP,OFF,alpha_mode_off,0.3349,2.0,True,,SELL,,
2026-03-12 01:14:56,A_VALIDATION_PIPELINE_V1,SPY,rejection_reason,CHOP,CHOP,OFF,alpha_mode_off,0.3349,2.0,True,,SELL,,
2026-03-12 01:14:56,A_VALIDATION_PIPELINE_V1,SPY,plan_skipped,CHOP,CHOP,OFF,alpha_mode_off,0.3349,2.0,True,,SELL,,
2026-03-12 01:15:01,A_VALIDATION_PIPELINE_V1,SPY,rejection_reason,CHOP,CHOP,OFF,alpha_mode_off,0.3349,2.0,True,,SELL,,
2026-03-12 01:15:01,A_VALIDATION_PIPELINE_V1,SPY,plan_skipped,CHOP,CHOP,OFF,alpha_mode_off,0.3349,2.0,True,,SELL,,
2026-03-12 01:15:05,A_VALIDATION_PIPELINE_V1,SPY,rejection_reason,CHOP,CHOP,OFF,alpha_mode_off,0.3349,2.0,True,,SELL,,
2026-03-12 01:15:05,A_VALIDATION_PIPELINE_V1,SPY,plan_skipped,CHOP,CHOP,OFF,alpha_mode_off,0.3349,2.0,True,,SELL,,
2026-03-12 01:15:10,A_VALIDATION_PIPELINE_V1,SPY,rejection_reason,CHOP,CHOP,OFF,alpha_mode_off,0.3349,2.0,True,,SELL,,
2026-03-12 01:15:10,A_VALIDATION_PIPELINE_V1,SPY,plan_skipped,CHOP,CHOP,OFF,alpha_mode_off,0.3349,2.0,True,,SELL,,
2026-03-12 01:15:14,A_VALIDATION_PIPELINE_V1,SPY,rejection_reason,CHOP,CHOP,OFF,alpha_mode_off,0.3349,2.0,True,,SELL,,
2026-03-12 01:15:14,A_VALIDATION_PIPELINE_V1,SPY,plan_skipped,CHOP,CHOP,OFF,alpha_mode_off,0.3349,2.0,True,,SELL,,
2026-03-12 01:15:19,A_VALIDATION_PIPELINE_V1,SPY,rejection_reason,CHOP,CHOP,OFF,alpha_mode_off,0.3349,2.0,True,,SELL,,
2026-03-12 01:15:19,A_VALIDATION_PIPELINE_V1,SPY,plan_skipped,CHOP,CHOP,OFF,alpha_mode_off,0.3349,2.0,True,,SELL,,
2026-03-12 01:15:23,A_VALIDATION_PIPELINE_V1,SPY,rejection_reason,CHOP,CHOP,OFF,alpha_mode_off,0.3349,2.0,True,,SELL,,
2026-03-12 01:15:23,A_VALIDATION_PIPELINE_V1,SPY,plan_skipped,CHOP,CHOP,OFF,alpha_mode_off,0.3349,2.0,True,,SELL,,
2026-03-12 01:15:28,A_VALIDATION_PIPELINE_V1,SPY,rejection_reason,CHOP,CHOP,OFF,alpha_mode_off,0.3349,2.0,True,,SELL,,
2026-03-12 01:15:28,A_VALIDATION_PIPELINE_V1,SPY,plan_skipped,CHOP,CHOP,OFF,alpha_mode_off,0.3349,2.0,True,,SELL,,
2026-03-12 01:15:32,A_VALIDATION_PIPELINE_V1,SPY,rejection_reason,CHOP,CHOP,OFF,alpha_mode_off,0.3349,2.0,True,,SELL,,
2026-03-12 01:15:32,A_VALIDATION_PIPELINE_V1,SPY,plan_skipped,CHOP,CHOP,OFF,alpha_mode_off,0.3349,2.0,True,,SELL,,
2026-03-12 01:15:36,A_VALIDATION_PIPELINE_V1,SPY,rejection_reason,CHOP,CHOP,OFF,alpha_mode_off,0.3349,2.0,True,,SELL,,
2026-03-12 01:15:36,A_VALIDATION_PIPELINE_V1,SPY,plan_skipped,CHOP,CHOP,OFF,alpha_mode_off,0.3349,2.0,True,,SELL,,
2026-03-12 01:15:41,A_VALIDATION_PIPELINE_V1,SPY,rejection_reason,CHOP,CHOP,OFF,alpha_mode_off,0.3349,2.0,True,,SELL,,
2026-03-12 01:15:41,A_VALIDATION_PIPELINE_V1,SPY,plan_skipped,CHOP,CHOP,OFF,alpha_mode_off,0.3349,2.0,True,,SELL,,
2026-03-12 01:15:45,A_VALIDATION_PIPELINE_V1,SPY,rejection_reason,CHOP,CHOP,OFF,alpha_mode_off,0.3349,2.0,True,,SELL,,
2026-03-12 01:15:45,A_VALIDATION_PIPELINE_V1,SPY,plan_skipped,CHOP,CHOP,OFF,alpha_mode_off,0.3349,2.0,True,,SELL,,
2026-03-12 01:15:50,A_VALIDATION_PIPELINE_V1,SPY,rejection_reason,CHOP,CHOP,OFF,alpha_mode_off,0.3349,2.0,True,,SELL,,
2026-03-12 01:15:50,A_VALIDATION_PIPELINE_V1,SPY,plan_skipped,CHOP,CHOP,OFF,alpha_mode_off,0.3349,2.0,True,,SELL,,
2026-03-12 01:15:54,A_VALIDATION_PIPELINE_V1,SPY,rejection_reason,CHOP,CHOP,OFF,alpha_mode_off,0.3349,2.0,True,,SELL,,
2026-03-12 01:15:54,A_VALIDATION_PIPELINE_V1,SPY,plan_skipped,CHOP,CHOP,OFF,alpha_mode_off,0.3349,2.0,True,,SELL,,
2026-03-12 01:15:59,A_VALIDATION_PIPELINE_V1,SPY,rejection_reason,CHOP,CHOP,OFF,alpha_mode_off,0.3349,2.0,True,,SELL,,
2026-03-12 01:15:59,A_VALIDATION_PIPELINE_V1,SPY,plan_skipped,CHOP,CHOP,OFF,alpha_mode_off,0.3349,2.0,True,,SELL,,
2026-03-12 01:16:03,A_VALIDATION_PIPELINE_V1,SPY,rejection_reason,CHOP,CHOP,OFF,alpha_mode_off,0.3349,2.0,True,,SELL,,
2026-03-12 01:16:03,A_VALIDATION_PIPELINE_V1,SPY,plan_skipped,CHOP,CHOP,OFF,alpha_mode_off,0.3349,2.0,True,,SELL,,
2026-03-12 01:16:08,A_VALIDATION_PIPELINE_V1,SPY,rejection_reason,CHOP,CHOP,OFF,alpha_mode_off,0.3349,2.0,True,,SELL,,
2026-03-12 01:16:08,A_VALIDATION_PIPELINE_V1,SPY,plan_skipped,CHOP,CHOP,OFF,alpha_mode_off,0.3349,2.0,True,,SELL,,
2026-03-12 01:16:12,A_VALIDATION_PIPELINE_V1,SPY,rejection_reason,CHOP,CHOP,OFF,alpha_mode_off,0.3349,2.0,True,,SELL,,
2026-03-12 01:16:12,A_VALIDATION_PIPELINE_V1,SPY,plan_skipped,CHOP,CHOP,OFF,alpha_mode_off,0.3349,2.0,True,,SELL,,
2026-03-12 01:16:17,A_VALIDATION_PIPELINE_V1,SPY,rejection_reason,CHOP,CHOP,OFF,alpha_mode_off,0.3349,2.0,True,,SELL,,
2026-03-12 01:16:17,A_VALIDATION_PIPELINE_V1,SPY,plan_skipped,CHOP,CHOP,OFF,alpha_mode_off,0.3349,2.0,True,,SELL,,
2026-03-12 01:16:22,A_VALIDATION_PIPELINE_V1,SPY,rejection_reason,CHOP,CHOP,OFF,alpha_mode_off,0.3349,2.0,True,,SELL,,
2026-03-12 01:16:22,A_VALIDATION_PIPELINE_V1,SPY,plan_skipped,CHOP,CHOP,OFF,alpha_mode_off,0.3349,2.0,True,,SELL,,
2026-03-12 01:16:26,A_VALIDATION_PIPELINE_V1,SPY,rejection_reason,CHOP,CHOP,OFF,alpha_mode_off,0.3349,2.0,True,,SELL,,
2026-03-12 01:16:26,A_VALIDATION_PIPELINE_V1,SPY,plan_skipped,CHOP,CHOP,OFF,alpha_mode_off,0.3349,2.0,True,,SELL,,
2026-03-12 01:16:30,A_VALIDATION_PIPELINE_V1,SPY,rejection_reason,CHOP,CHOP,OFF,alpha_mode_off,0.3349,2.0,True,,SELL,,
2026-03-12 01:16:30,A_VALIDATION_PIPELINE_V1,SPY,plan_skipped,CHOP,CHOP,OFF,alpha_mode_off,0.3349,2.0,True,,SELL,,
2026-03-12 01:16:35,A_VALIDATION_PIPELINE_V1,SPY,rejection_reason,CHOP,CHOP,OFF,alpha_mode_off,0.3349,2.0,True,,SELL,,
2026-03-12 01:16:35,A_VALIDATION_PIPELINE_V1,SPY,plan_skipped,CHOP,CHOP,OFF,alpha_mode_off,0.3349,2.0,True,,SELL,,
2026-03-12 01:16:39,A_VALIDATION_PIPELINE_V1,SPY,rejection_reason,CHOP,CHOP,OFF,alpha_mode_off,0.3349,2.0,True,,SELL,,
2026-03-12 01:16:39,A_VALIDATION_PIPELINE_V1,SPY,plan_skipped,CHOP,CHOP,OFF,alpha_mode_off,0.3349,2.0,True,,SELL,,
2026-03-12 01:16:44,A_VALIDATION_PIPELINE_V1,SPY,rejection_reason,CHOP,CHOP,OFF,alpha_mode_off,0.3349,2.0,True,,SELL,,
2026-03-12 01:16:44,A_VALIDATION_PIPELINE_V1,SPY,plan_skipped,CHOP,CHOP,OFF,alpha_mode_off,0.3349,2.0,True,,SELL,,
2026-03-12 01:16:48,A_VALIDATION_PIPELINE_V1,SPY,rejection_reason,CHOP,CHOP,OFF,alpha_mode_off,0.3349,2.0,True,,SELL,,
2026-03-12 01:16:48,A_VALIDATION_PIPELINE_V1,SPY,plan_skipped,CHOP,CHOP,OFF,alpha_mode_off,0.3349,2.0,True,,SELL,,
2026-03-12 01:16:53,A_VALIDATION_PIPELINE_V1,SPY,rejection_reason,CHOP,CHOP,OFF,alpha_mode_off,0.3349,2.0,True,,SELL,,
2026-03-12 01:16:53,A_VALIDATION_PIPELINE_V1,SPY,plan_skipped,CHOP,CHOP,OFF,alpha_mode_off,0.3349,2.0,True,,SELL,,
2026-03-12 01:16:57,A_VALIDATION_PIPELINE_V1,SPY,rejection_reason,CHOP,CHOP,OFF,alpha_mode_off,0.3349,2.0,True,,SELL,,
2026-03-12 01:16:57,A_VALIDATION_PIPELINE_V1,SPY,plan_skipped,CHOP,CHOP,OFF,alpha_mode_off,0.3349,2.0,True,,SELL,,
2026-03-12 01:17:02,A_VALIDATION_PIPELINE_V1,SPY,rejection_reason,CHOP,CHOP,OFF,alpha_mode_off,0.3349,2.0,True,,SELL,,
2026-03-12 01:17:02,A_VALIDATION_PIPELINE_V1,SPY,plan_skipped,CHOP,CHOP,OFF,alpha_mode_off,0.3349,2.0,True,,SELL,,
2026-03-12 01:17:06,A_VALIDATION_PIPELINE_V1,SPY,rejection_reason,CHOP,CHOP,OFF,alpha_mode_off,0.3349,2.0,True,,SELL,,
2026-03-12 01:17:06,A_VALIDATION_PIPELINE_V1,SPY,plan_skipped,CHOP,CHOP,OFF,alpha_mode_off,0.3349,2.0,True,,SELL,,
2026-03-12 01:17:10,A_VALIDATION_PIPELINE_V1,SPY,rejection_reason,CHOP,CHOP,OFF,alpha_mode_off,0.3349,2.0,True,,SELL,,
2026-03-12 01:17:10,A_VALIDATION_PIPELINE_V1,SPY,plan_skipped,CHOP,CHOP,OFF,alpha_mode_off,0.3349,2.0,True,,SELL,,
2026-03-12 01:17:15,A_VALIDATION_PIPELINE_V1,SPY,rejection_reason,CHOP,CHOP,OFF,alpha_mode_off,0.3349,2.0,True,,SELL,,
2026-03-12 01:17:15,A_VALIDATION_PIPELINE_V1,SPY,plan_skipped,CHOP,CHOP,OFF,alpha_mode_off,0.3349,2.0,True,,SELL,,
2026-03-12 01:17:19,A_VALIDATION_PIPELINE_V1,SPY,rejection_reason,CHOP,CHOP,OFF,alpha_mode_off,0.3349,2.0,True,,SELL,,
2026-03-12 01:17:19,A_VALIDATION_PIPELINE_V1,SPY,plan_skipped,CHOP,CHOP,OFF,alpha_mode_off,0.3349,2.0,True,,SELL,,
2026-03-12 01:17:24,A_VALIDATION_PIPELINE_V1,SPY,rejection_reason,CHOP,CHOP,OFF,alpha_mode_off,0.3349,2.0,True,,SELL,,
2026-03-12 01:17:24,A_VALIDATION_PIPELINE_V1,SPY,plan_skipped,CHOP,CHOP,OFF,alpha_mode_off,0.3349,2.0,True,,SELL,,
2026-03-12 01:17:28,A_VALIDATION_PIPELINE_V1,SPY,rejection_reason,CHOP,CHOP,OFF,alpha_mode_off,0.3349,2.0,True,,SELL,,
2026-03-12 01:17:28,A_VALIDATION_PIPELINE_V1,SPY,plan_skipped,CHOP,CHOP,OFF,alpha_mode_off,0.3349,2.0,True,,SELL,,
2026-03-12 01:17:33,A_VALIDATION_PIPELINE_V1,SPY,rejection_reason,CHOP,CHOP,OFF,alpha_mode_off,0.3349,2.0,True,,SELL,,
2026-03-12 01:17:33,A_VALIDATION_PIPELINE_V1,SPY,plan_skipped,CHOP,CHOP,OFF,alpha_mode_off,0.3349,2.0,True,,SELL,,
2026-03-12 01:17:37,A_VALIDATION_PIPELINE_V1,SPY,rejection_reason,CHOP,CHOP,OFF,alpha_mode_off,0.3349,2.0,True,,SELL,,
2026-03-12 01:17:37,A_VALIDATION_PIPELINE_V1,SPY,plan_skipped,CHOP,CHOP,OFF,alpha_mode_off,0.3349,2.0,True,,SELL,,
2026-03-12 01:17:42,A_VALIDATION_PIPELINE_V1,SPY,rejection_reason,CHOP,CHOP,OFF,alpha_mode_off,0.3349,2.0,True,,SELL,,
2026-03-12 01:17:42,A_VALIDATION_PIPELINE_V1,SPY,plan_skipped,CHOP,CHOP,OFF,alpha_mode_off,0.3349,2.0,True,,SELL,,
2026-03-12 01:17:46,A_VALIDATION_PIPELINE_V1,SPY,rejection_reason,CHOP,CHOP,OFF,alpha_mode_off,0.3349,2.0,True,,SELL,,
2026-03-12 01:17:46,A_VALIDATION_PIPELINE_V1,SPY,plan_skipped,CHOP,CHOP,OFF,alpha_mode_off,0.3349,2.0,True,,SELL,,
2026-03-12 01:17:50,A_VALIDATION_PIPELINE_V1,SPY,rejection_reason,CHOP,CHOP,OFF,alpha_mode_off,0.3349,2.0,True,,SELL,,
2026-03-12 01:17:50,A_VALIDATION_PIPELINE_V1,SPY,plan_skipped,CHOP,CHOP,OFF,alpha_mode_off,0.3349,2.0,True,,SELL,,
2026-03-12 01:17:55,A_VALIDATION_PIPELINE_V1,SPY,rejection_reason,CHOP,CHOP,OFF,alpha_mode_off,0.3349,2.0,True,,SELL,,
2026-03-12 01:17:55,A_VALIDATION_PIPELINE_V1,SPY,plan_skipped,CHOP,CHOP,OFF,alpha_mode_off,0.3349,2.0,True,,SELL,,
2026-03-12 01:17:59,A_VALIDATION_PIPELINE_V1,SPY,rejection_reason,CHOP,CHOP,OFF,alpha_mode_off,0.3349,2.0,True,,SELL,,
2026-03-12 01:17:59,A_VALIDATION_PIPELINE_V1,SPY,plan_skipped,CHOP,CHOP,OFF,alpha_mode_off,0.3349,2.0,True,,SELL,,
2026-03-12 01:18:04,A_VALIDATION_PIPELINE_V1,SPY,rejection_reason,CHOP,CHOP,OFF,alpha_mode_off,0.3349,2.0,True,,SELL,,
2026-03-12 01:18:04,A_VALIDATION_PIPELINE_V1,SPY,plan_skipped,CHOP,CHOP,OFF,alpha_mode_off,0.3349,2.0,True,,SELL,,
2026-03-12 01:18:08,A_VALIDATION_PIPELINE_V1,SPY,rejection_reason,CHOP,CHOP,OFF,alpha_mode_off,0.3349,2.0,True,,SELL,,
2026-03-12 01:18:08,A_VALIDATION_PIPELINE_V1,SPY,plan_skipped,CHOP,CHOP,OFF,alpha_mode_off,0.3349,2.0,True,,SELL,,
2026-03-12 01:18:13,A_VALIDATION_PIPELINE_V1,SPY,rejection_reason,CHOP,CHOP,OFF,alpha_mode_off,0.3349,2.0,True,,SELL,,
2026-03-12 01:18:13,A_VALIDATION_PIPELINE_V1,SPY,plan_skipped,CHOP,CHOP,OFF,alpha_mode_off,0.3349,2.0,True,,SELL,,
2026-03-12 01:18:17,A_VALIDATION_PIPELINE_V1,SPY,rejection_reason,CHOP,CHOP,OFF,alpha_mode_off,0.3349,2.0,True,,SELL,,
2026-03-12 01:18:17,A_VALIDATION_PIPELINE_V1,SPY,plan_skipped,CHOP,CHOP,OFF,alpha_mode_off,0.3349,2.0,True,,SELL,,
2026-03-12 01:18:22,A_VALIDATION_PIPELINE_V1,SPY,rejection_reason,CHOP,CHOP,OFF,alpha_mode_off,0.3349,2.0,True,,SELL,,
2026-03-12 01:18:22,A_VALIDATION_PIPELINE_V1,SPY,plan_skipped,CHOP,CHOP,OFF,alpha_mode_off,0.3349,2.0,True,,SELL,,
2026-03-12 01:18:26,A_VALIDATION_PIPELINE_V1,SPY,rejection_reason,CHOP,CHOP,OFF,alpha_mode_off,0.3349,2.0,True,,SELL,,
2026-03-12 01:18:26,A_VALIDATION_PIPELINE_V1,SPY,plan_skipped,CHOP,CHOP,OFF,alpha_mode_off,0.3349,2.0,True,,SELL,,
2026-03-12 01:18:30,A_VALIDATION_PIPELINE_V1,SPY,rejection_reason,CHOP,CHOP,OFF,alpha_mode_off,0.3349,2.0,True,,SELL,,
2026-03-12 01:18:30,A_VALIDATION_PIPELINE_V1,SPY,plan_skipped,CHOP,CHOP,OFF,alpha_mode_off,0.3349,2.0,True,,SELL,,
2026-03-12 01:18:35,A_VALIDATION_PIPELINE_V1,SPY,rejection_reason,CHOP,CHOP,OFF,alpha_mode_off,0.3349,2.0,True,,SELL,,
2026-03-12 01:18:35,A_VALIDATION_PIPELINE_V1,SPY,plan_skipped,CHOP,CHOP,OFF,alpha_mode_off,0.3349,2.0,True,,SELL,,
2026-03-12 01:18:39,A_VALIDATION_PIPELINE_V1,SPY,rejection_reason,CHOP,CHOP,OFF,alpha_mode_off,0.3349,2.0,True,,SELL,,
2026-03-12 01:18:39,A_VALIDATION_PIPELINE_V1,SPY,plan_skipped,CHOP,CHOP,OFF,alpha_mode_off,0.3349,2.0,True,,SELL,,
2026-03-12 01:18:44,A_VALIDATION_PIPELINE_V1,SPY,rejection_reason,CHOP,CHOP,OFF,alpha_mode_off,0.3349,2.0,True,,SELL,,
2026-03-12 01:18:44,A_VALIDATION_PIPELINE_V1,SPY,plan_skipped,CHOP,CHOP,OFF,alpha_mode_off,0.3349,2.0,True,,SELL,,
2026-03-12 01:18:48,A_VALIDATION_PIPELINE_V1,SPY,rejection_reason,CHOP,CHOP,OFF,alpha_mode_off,0.3349,2.0,True,,SELL,,
2026-03-12 01:18:48,A_VALIDATION_PIPELINE_V1,SPY,plan_skipped,CHOP,CHOP,OFF,alpha_mode_off,0.3349,2.0,True,,SELL,,
2026-03-12 01:18:53,A_VALIDATION_PIPELINE_V1,SPY,rejection_reason,CHOP,CHOP,OFF,alpha_mode_off,0.3349,2.0,True,,SELL,,
2026-03-12 01:18:53,A_VALIDATION_PIPELINE_V1,SPY,plan_skipped,CHOP,CHOP,OFF,alpha_mode_off,0.3349,2.0,True,,SELL,,
2026-03-12 01:18:57,A_VALIDATION_PIPELINE_V1,SPY,rejection_reason,CHOP,CHOP,OFF,alpha_mode_off,0.3349,2.0,True,,SELL,,
2026-03-12 01:18:57,A_VALIDATION_PIPELINE_V1,SPY,plan_skipped,CHOP,CHOP,OFF,alpha_mode_off,0.3349,2.0,True,,SELL,,
2026-03-12 01:19:01,A_VALIDATION_PIPELINE_V1,SPY,rejection_reason,CHOP,CHOP,OFF,alpha_mode_off,0.3349,2.0,True,,SELL,,
2026-03-12 01:19:01,A_VALIDATION_PIPELINE_V1,SPY,plan_skipped,CHOP,CHOP,OFF,alpha_mode_off,0.3349,2.0,True,,SELL,,
2026-03-12 01:19:06,A_VALIDATION_PIPELINE_V1,SPY,rejection_reason,CHOP,CHOP,OFF,alpha_mode_off,0.3349,2.0,True,,SELL,,
2026-03-12 01:19:06,A_VALIDATION_PIPELINE_V1,SPY,plan_skipped,CHOP,CHOP,OFF,alpha_mode_off,0.3349,2.0,True,,SELL,,
2026-03-12 01:19:10,A_VALIDATION_PIPELINE_V1,SPY,rejection_reason,CHOP,CHOP,OFF,alpha_mode_off,0.3349,2.0,True,,SELL,,
2026-03-12 01:19:10,A_VALIDATION_PIPELINE_V1,SPY,plan_skipped,CHOP,CHOP,OFF,alpha_mode_off,0.3349,2.0,True,,SELL,,
2026-03-12 01:19:15,A_VALIDATION_PIPELINE_V1,SPY,rejection_reason,CHOP,CHOP,OFF,alpha_mode_off,0.3349,2.0,True,,SELL,,
2026-03-12 01:19:15,A_VALIDATION_PIPELINE_V1,SPY,plan_skipped,CHOP,CHOP,OFF,alpha_mode_off,0.3349,2.0,True,,SELL,,
2026-03-12 01:19:19,A_VALIDATION_PIPELINE_V1,SPY,rejection_reason,CHOP,CHOP,OFF,alpha_mode_off,0.3349,2.0,True,,SELL,,
2026-03-12 01:19:19,A_VALIDATION_PIPELINE_V1,SPY,plan_skipped,CHOP,CHOP,OFF,alpha_mode_off,0.3349,2.0,True,,SELL,,
2026-03-12 01:19:24,A_VALIDATION_PIPELINE_V1,SPY,rejection_reason,CHOP,CHOP,OFF,alpha_mode_off,0.3349,2.0,True,,SELL,,
2026-03-12 01:19:24,A_VALIDATION_PIPELINE_V1,SPY,plan_skipped,CHOP,CHOP,OFF,alpha_mode_off,0.3349,2.0,True,,SELL,,
2026-03-12 01:19:28,A_VALIDATION_PIPELINE_V1,SPY,rejection_reason,CHOP,CHOP,OFF,alpha_mode_off,0.3349,2.0,True,,SELL,,
2026-03-12 01:19:28,A_VALIDATION_PIPELINE_V1,SPY,plan_skipped,CHOP,CHOP,OFF,alpha_mode_off,0.3349,2.0,True,,SELL,,
2026-03-12 01:19:32,A_VALIDATION_PIPELINE_V1,SPY,rejection_reason,CHOP,CHOP,OFF,alpha_mode_off,0.3349,2.0,True,,SELL,,
2026-03-12 01:19:32,A_VALIDATION_PIPELINE_V1,SPY,plan_skipped,CHOP,CHOP,OFF,alpha_mode_off,0.3349,2.0,True,,SELL,,
2026-03-12 01:19:37,A_VALIDATION_PIPELINE_V1,SPY,rejection_reason,CHOP,CHOP,OFF,alpha_mode_off,0.3349,2.0,True,,SELL,,
2026-03-12 01:19:37,A_VALIDATION_PIPELINE_V1,SPY,plan_skipped,CHOP,CHOP,OFF,alpha_mode_off,0.3349,2.0,True,,SELL,,
2026-03-12 01:19:41,A_VALIDATION_PIPELINE_V1,SPY,rejection_reason,CHOP,CHOP,OFF,alpha_mode_off,0.3349,2.0,True,,SELL,,
2026-03-12 01:19:41,A_VALIDATION_PIPELINE_V1,SPY,plan_skipped,CHOP,CHOP,OFF,alpha_mode_off,0.3349,2.0,True,,SELL,,
2026-03-12 01:19:46,A_VALIDATION_PIPELINE_V1,SPY,rejection_reason,CHOP,CHOP,OFF,alpha_mode_off,0.3349,2.0,True,,SELL,,
2026-03-12 01:19:46,A_VALIDATION_PIPELINE_V1,SPY,plan_skipped,CHOP,CHOP,OFF,alpha_mode_off,0.3349,2.0,True,,SELL,,
2026-03-12 01:19:50,A_VALIDATION_PIPELINE_V1,SPY,rejection_reason,CHOP,CHOP,OFF,alpha_mode_off,0.3349,2.0,True,,SELL,,
2026-03-12 01:19:50,A_VALIDATION_PIPELINE_V1,SPY,plan_skipped,CHOP,CHOP,OFF,alpha_mode_off,0.3349,2.0,True,,SELL,,
2026-03-12 01:19:55,A_VALIDATION_PIPELINE_V1,SPY,rejection_reason,CHOP,CHOP,OFF,alpha_mode_off,0.3349,2.0,True,,SELL,,
2026-03-12 01:19:55,A_VALIDATION_PIPELINE_V1,SPY,plan_skipped,CHOP,CHOP,OFF,alpha_mode_off,0.3349,2.0,True,,SELL,,
2026-03-12 01:19:59,A_VALIDATION_PIPELINE_V1,SPY,rejection_reason,CHOP,CHOP,OFF,alpha_mode_off,0.3349,2.0,True,,SELL,,
2026-03-12 01:19:59,A_VALIDATION_PIPELINE_V1,SPY,plan_skipped,CHOP,CHOP,OFF,alpha_mode_off,0.3349,2.0,True,,SELL,,
2026-03-12 01:20:04,A_VALIDATION_PIPELINE_V1,SPY,rejection_reason,CHOP,CHOP,OFF,alpha_mode_off,0.3349,2.0,True,,SELL,,
2026-03-12 01:20:04,A_VALIDATION_PIPELINE_V1,SPY,plan_skipped,CHOP,CHOP,OFF,alpha_mode_off,0.3349,2.0,True,,SELL,,
2026-03-12 01:20:08,A_VALIDATION_PIPELINE_V1,SPY,rejection_reason,CHOP,CHOP,OFF,alpha_mode_off,0.3349,2.0,True,,SELL,,
2026-03-12 01:20:08,A_VALIDATION_PIPELINE_V1,SPY,plan_skipped,CHOP,CHOP,OFF,alpha_mode_off,0.3349,2.0,True,,SELL,,
2026-03-12 01:20:12,A_VALIDATION_PIPELINE_V1,SPY,rejection_reason,CHOP,CHOP,OFF,alpha_mode_off,0.3349,2.0,True,,SELL,,
2026-03-12 01:20:12,A_VALIDATION_PIPELINE_V1,SPY,plan_skipped,CHOP,CHOP,OFF,alpha_mode_off,0.3349,2.0,True,,SELL,,
2026-03-12 01:20:17,A_VALIDATION_PIPELINE_V1,SPY,rejection_reason,CHOP,CHOP,OFF,alpha_mode_off,0.3349,2.0,True,,SELL,,
2026-03-12 01:20:17,A_VALIDATION_PIPELINE_V1,SPY,plan_skipped,CHOP,CHOP,OFF,alpha_mode_off,0.3349,2.0,True,,SELL,,
2026-03-12 01:20:21,A_VALIDATION_PIPELINE_V1,SPY,rejection_reason,CHOP,CHOP,OFF,alpha_mode_off,0.3349,2.0,True,,SELL,,
2026-03-12 01:20:21,A_VALIDATION_PIPELINE_V1,SPY,plan_skipped,CHOP,CHOP,OFF,alpha_mode_off,0.3349,2.0,True,,SELL,,
2026-03-12 01:20:26,A_VALIDATION_PIPELINE_V1,SPY,rejection_reason,CHOP,CHOP,OFF,alpha_mode_off,0.3349,2.0,True,,SELL,,
2026-03-12 01:20:26,A_VALIDATION_PIPELINE_V1,SPY,plan_skipped,CHOP,CHOP,OFF,alpha_mode_off,0.3349,2.0,True,,SELL,,
2026-03-12 01:20:30,A_VALIDATION_PIPELINE_V1,SPY,rejection_reason,CHOP,CHOP,OFF,alpha_mode_off,0.3349,2.0,True,,SELL,,
2026-03-12 01:20:30,A_VALIDATION_PIPELINE_V1,SPY,plan_skipped,CHOP,CHOP,OFF,alpha_mode_off,0.3349,2.0,True,,SELL,,
2026-03-12 01:20:35,A_VALIDATION_PIPELINE_V1,SPY,rejection_reason,CHOP,CHOP,OFF,alpha_mode_off,0.3349,2.0,True,,SELL,,
2026-03-12 01:20:35,A_VALIDATION_PIPELINE_V1,SPY,plan_skipped,CHOP,CHOP,OFF,alpha_mode_off,0.3349,2.0,True,,SELL,,
2026-03-12 01:20:39,A_VALIDATION_PIPELINE_V1,SPY,rejection_reason,CHOP,CHOP,OFF,alpha_mode_off,0.3349,2.0,True,,SELL,,
2026-03-12 01:20:39,A_VALIDATION_PIPELINE_V1,SPY,plan_skipped,CHOP,CHOP,OFF,alpha_mode_off,0.3349,2.0,True,,SELL,,
2026-03-12 01:20:44,A_VALIDATION_PIPELINE_V1,SPY,rejection_reason,CHOP,CHOP,OFF,alpha_mode_off,0.3349,2.0,True,,SELL,,
2026-03-12 01:20:44,A_VALIDATION_PIPELINE_V1,SPY,plan_skipped,CHOP,CHOP,OFF,alpha_mode_off,0.3349,2.0,True,,SELL,,
2026-03-12 01:20:48,A_VALIDATION_PIPELINE_V1,SPY,rejection_reason,CHOP,CHOP,OFF,alpha_mode_off,0.3349,2.0,True,,SELL,,
2026-03-12 01:20:48,A_VALIDATION_PIPELINE_V1,SPY,plan_skipped,CHOP,CHOP,OFF,alpha_mode_off,0.3349,2.0,True,,SELL,,
2026-03-12 01:20:53,A_VALIDATION_PIPELINE_V1,SPY,rejection_reason,CHOP,CHOP,OFF,alpha_mode_off,0.3349,2.0,True,,SELL,,
2026-03-12 01:20:53,A_VALIDATION_PIPELINE_V1,SPY,plan_skipped,CHOP,CHOP,OFF,alpha_mode_off,0.3349,2.0,True,,SELL,,
2026-03-12 01:20:57,A_VALIDATION_PIPELINE_V1,SPY,rejection_reason,CHOP,CHOP,OFF,alpha_mode_off,0.3349,2.0,True,,SELL,,
2026-03-12 01:20:57,A_VALIDATION_PIPELINE_V1,SPY,plan_skipped,CHOP,CHOP,OFF,alpha_mode_off,0.3349,2.0,True,,SELL,,
2026-03-12 01:21:02,A_VALIDATION_PIPELINE_V1,SPY,rejection_reason,CHOP,CHOP,OFF,alpha_mode_off,0.3349,2.0,True,,SELL,,
2026-03-12 01:21:02,A_VALIDATION_PIPELINE_V1,SPY,plan_skipped,CHOP,CHOP,OFF,alpha_mode_off,0.3349,2.0,True,,SELL,,
2026-03-12 01:21:06,A_VALIDATION_PIPELINE_V1,SPY,rejection_reason,CHOP,CHOP,OFF,alpha_mode_off,0.3349,2.0,True,,SELL,,
2026-03-12 01:21:06,A_VALIDATION_PIPELINE_V1,SPY,plan_skipped,CHOP,CHOP,OFF,alpha_mode_off,0.3349,2.0,True,,SELL,,
2026-03-12 01:21:11,A_VALIDATION_PIPELINE_V1,SPY,rejection_reason,CHOP,CHOP,OFF,alpha_mode_off,0.3349,2.0,True,,SELL,,
2026-03-12 01:21:11,A_VALIDATION_PIPELINE_V1,SPY,plan_skipped,CHOP,CHOP,OFF,alpha_mode_off,0.3349,2.0,True,,SELL,,
2026-03-12 01:21:15,A_VALIDATION_PIPELINE_V1,SPY,rejection_reason,CHOP,CHOP,OFF,alpha_mode_off,0.3349,2.0,True,,SELL,,
2026-03-12 01:21:15,A_VALIDATION_PIPELINE_V1,SPY,plan_skipped,CHOP,CHOP,OFF,alpha_mode_off,0.3349,2.0,True,,SELL,,
2026-03-12 01:21:19,A_VALIDATION_PIPELINE_V1,SPY,rejection_reason,CHOP,CHOP,OFF,alpha_mode_off,0.3349,2.0,True,,SELL,,
2026-03-12 01:21:19,A_VALIDATION_PIPELINE_V1,SPY,plan_skipped,CHOP,CHOP,OFF,alpha_mode_off,0.3349,2.0,True,,SELL,,
2026-03-12 01:21:24,A_VALIDATION_PIPELINE_V1,SPY,rejection_reason,CHOP,CHOP,OFF,alpha_mode_off,0.3349,2.0,True,,SELL,,
2026-03-12 01:21:24,A_VALIDATION_PIPELINE_V1,SPY,plan_skipped,CHOP,CHOP,OFF,alpha_mode_off,0.3349,2.0,True,,SELL,,
2026-03-12 01:21:28,A_VALIDATION_PIPELINE_V1,SPY,rejection_reason,CHOP,CHOP,OFF,alpha_mode_off,0.3349,2.0,True,,SELL,,
2026-03-12 01:21:28,A_VALIDATION_PIPELINE_V1,SPY,plan_skipped,CHOP,CHOP,OFF,alpha_mode_off,0.3349,2.0,True,,SELL,,
2026-03-12 01:21:33,A_VALIDATION_PIPELINE_V1,SPY,rejection_reason,CHOP,CHOP,OFF,alpha_mode_off,0.3349,2.0,True,,SELL,,
2026-03-12 01:21:33,A_VALIDATION_PIPELINE_V1,SPY,plan_skipped,CHOP,CHOP,OFF,alpha_mode_off,0.3349,2.0,True,,SELL,,
2026-03-12 01:21:37,A_VALIDATION_PIPELINE_V1,SPY,rejection_reason,CHOP,CHOP,OFF,alpha_mode_off,0.3349,2.0,True,,SELL,,
2026-03-12 01:21:37,A_VALIDATION_PIPELINE_V1,SPY,plan_skipped,CHOP,CHOP,OFF,alpha_mode_off,0.3349,2.0,True,,SELL,,
2026-03-12 01:21:42,A_VALIDATION_PIPELINE_V1,SPY,rejection_reason,CHOP,CHOP,OFF,alpha_mode_off,0.3349,2.0,True,,SELL,,
2026-03-12 01:21:42,A_VALIDATION_PIPELINE_V1,SPY,plan_skipped,CHOP,CHOP,OFF,alpha_mode_off,0.3349,2.0,True,,SELL,,
2026-03-12 01:21:46,A_VALIDATION_PIPELINE_V1,SPY,rejection_reason,CHOP,CHOP,OFF,alpha_mode_off,0.3349,2.0,True,,SELL,,
2026-03-12 01:21:46,A_VALIDATION_PIPELINE_V1,SPY,plan_skipped,CHOP,CHOP,OFF,alpha_mode_off,0.3349,2.0,True,,SELL,,
2026-03-12 01:21:51,A_VALIDATION_PIPELINE_V1,SPY,rejection_reason,CHOP,CHOP,OFF,alpha_mode_off,0.3349,2.0,True,,SELL,,
2026-03-12 01:21:51,A_VALIDATION_PIPELINE_V1,SPY,plan_skipped,CHOP,CHOP,OFF,alpha_mode_off,0.3349,2.0,True,,SELL,,
2026-03-12 01:21:55,A_VALIDATION_PIPELINE_V1,SPY,rejection_reason,CHOP,CHOP,OFF,alpha_mode_off,0.3349,2.0,True,,SELL,,
2026-03-12 01:21:55,A_VALIDATION_PIPELINE_V1,SPY,plan_skipped,CHOP,CHOP,OFF,alpha_mode_off,0.3349,2.0,True,,SELL,,
2026-03-12 01:21:59,A_VALIDATION_PIPELINE_V1,SPY,rejection_reason,CHOP,CHOP,OFF,alpha_mode_off,0.3349,2.0,True,,SELL,,
2026-03-12 01:21:59,A_VALIDATION_PIPELINE_V1,SPY,plan_skipped,CHOP,CHOP,OFF,alpha_mode_off,0.3349,2.0,True,,SELL,,
2026-03-12 01:22:04,A_VALIDATION_PIPELINE_V1,SPY,rejection_reason,CHOP,CHOP,OFF,alpha_mode_off,0.3349,2.0,True,,SELL,,
2026-03-12 01:22:04,A_VALIDATION_PIPELINE_V1,SPY,plan_skipped,CHOP,CHOP,OFF,alpha_mode_off,0.3349,2.0,True,,SELL,,
2026-03-12 01:22:08,A_VALIDATION_PIPELINE_V1,SPY,rejection_reason,CHOP,CHOP,OFF,alpha_mode_off,0.3349,2.0,True,,SELL,,
2026-03-12 01:22:08,A_VALIDATION_PIPELINE_V1,SPY,plan_skipped,CHOP,CHOP,OFF,alpha_mode_off,0.3349,2.0,True,,SELL,,
2026-03-12 01:22:13,A_VALIDATION_PIPELINE_V1,SPY,rejection_reason,CHOP,CHOP,OFF,alpha_mode_off,0.3349,2.0,True,,SELL,,
2026-03-12 01:22:13,A_VALIDATION_PIPELINE_V1,SPY,plan_skipped,CHOP,CHOP,OFF,alpha_mode_off,0.3349,2.0,True,,SELL,,
2026-03-12 01:22:17,A_VALIDATION_PIPELINE_V1,SPY,rejection_reason,CHOP,CHOP,OFF,alpha_mode_off,0.3349,2.0,True,,SELL,,
2026-03-12 01:22:17,A_VALIDATION_PIPELINE_V1,SPY,plan_skipped,CHOP,CHOP,OFF,alpha_mode_off,0.3349,2.0,True,,SELL,,
2026-03-12 01:22:22,A_VALIDATION_PIPELINE_V1,SPY,rejection_reason,CHOP,CHOP,OFF,alpha_mode_off,0.3349,2.0,True,,SELL,,
2026-03-12 01:22:22,A_VALIDATION_PIPELINE_V1,SPY,plan_skipped,CHOP,CHOP,OFF,alpha_mode_off,0.3349,2.0,True,,SELL,,
2026-03-12 01:22:26,A_VALIDATION_PIPELINE_V1,SPY,rejection_reason,CHOP,CHOP,OFF,alpha_mode_off,0.3349,2.0,True,,SELL,,
2026-03-12 01:22:26,A_VALIDATION_PIPELINE_V1,SPY,plan_skipped,CHOP,CHOP,OFF,alpha_mode_off,0.3349,2.0,True,,SELL,,
2026-03-12 01:22:31,A_VALIDATION_PIPELINE_V1,SPY,rejection_reason,CHOP,CHOP,OFF,alpha_mode_off,0.3349,2.0,True,,SELL,,
2026-03-12 01:22:31,A_VALIDATION_PIPELINE_V1,SPY,plan_skipped,CHOP,CHOP,OFF,alpha_mode_off,0.3349,2.0,True,,SELL,,
2026-03-12 01:22:35,A_VALIDATION_PIPELINE_V1,SPY,rejection_reason,CHOP,CHOP,OFF,alpha_mode_off,0.3349,2.0,True,,SELL,,
2026-03-12 01:22:35,A_VALIDATION_PIPELINE_V1,SPY,plan_skipped,CHOP,CHOP,OFF,alpha_mode_off,0.3349,2.0,True,,SELL,,
2026-03-12 01:22:40,A_VALIDATION_PIPELINE_V1,SPY,rejection_reason,CHOP,CHOP,OFF,alpha_mode_off,0.3349,2.0,True,,SELL,,
2026-03-12 01:22:40,A_VALIDATION_PIPELINE_V1,SPY,plan_skipped,CHOP,CHOP,OFF,alpha_mode_off,0.3349,2.0,True,,SELL,,
2026-03-12 01:22:44,A_VALIDATION_PIPELINE_V1,SPY,rejection_reason,CHOP,CHOP,OFF,alpha_mode_off,0.3349,2.0,True,,SELL,,
2026-03-12 01:22:44,A_VALIDATION_PIPELINE_V1,SPY,plan_skipped,CHOP,CHOP,OFF,alpha_mode_off,0.3349,2.0,True,,SELL,,
2026-03-12 01:22:48,A_VALIDATION_PIPELINE_V1,SPY,rejection_reason,CHOP,CHOP,OFF,alpha_mode_off,0.3349,2.0,True,,SELL,,
2026-03-12 01:22:48,A_VALIDATION_PIPELINE_V1,SPY,plan_skipped,CHOP,CHOP,OFF,alpha_mode_off,0.3349,2.0,True,,SELL,,
2026-03-12 01:22:53,A_VALIDATION_PIPELINE_V1,SPY,rejection_reason,CHOP,CHOP,OFF,alpha_mode_off,0.3349,2.0,True,,SELL,,
2026-03-12 01:22:53,A_VALIDATION_PIPELINE_V1,SPY,plan_skipped,CHOP,CHOP,OFF,alpha_mode_off,0.3349,2.0,True,,SELL,,
2026-03-12 01:22:57,A_VALIDATION_PIPELINE_V1,SPY,rejection_reason,CHOP,CHOP,OFF,alpha_mode_off,0.3349,2.0,True,,SELL,,
2026-03-12 01:22:57,A_VALIDATION_PIPELINE_V1,SPY,plan_skipped,CHOP,CHOP,OFF,alpha_mode_off,0.3349,2.0,True,,SELL,,
2026-03-12 01:23:02,A_VALIDATION_PIPELINE_V1,SPY,rejection_reason,CHOP,CHOP,OFF,alpha_mode_off,0.3349,2.0,True,,SELL,,
2026-03-12 01:23:02,A_VALIDATION_PIPELINE_V1,SPY,plan_skipped,CHOP,CHOP,OFF,alpha_mode_off,0.3349,2.0,True,,SELL,,
2026-03-12 01:23:06,A_VALIDATION_PIPELINE_V1,SPY,rejection_reason,CHOP,CHOP,OFF,alpha_mode_off,0.3349,2.0,True,,SELL,,
2026-03-12 01:23:06,A_VALIDATION_PIPELINE_V1,SPY,plan_skipped,CHOP,CHOP,OFF,alpha_mode_off,0.3349,2.0,True,,SELL,,
2026-03-12 01:23:11,A_VALIDATION_PIPELINE_V1,SPY,rejection_reason,CHOP,CHOP,OFF,alpha_mode_off,0.3349,2.0,True,,SELL,,
2026-03-12 01:23:11,A_VALIDATION_PIPELINE_V1,SPY,plan_skipped,CHOP,CHOP,OFF,alpha_mode_off,0.3349,2.0,True,,SELL,,
2026-03-12 01:23:15,A_VALIDATION_PIPELINE_V1,SPY,rejection_reason,CHOP,CHOP,OFF,alpha_mode_off,0.3349,2.0,True,,SELL,,
2026-03-12 01:23:15,A_VALIDATION_PIPELINE_V1,SPY,plan_skipped,CHOP,CHOP,OFF,alpha_mode_off,0.3349,2.0,True,,SELL,,
2026-03-12 01:23:20,A_VALIDATION_PIPELINE_V1,SPY,rejection_reason,CHOP,CHOP,OFF,alpha_mode_off,0.3349,2.0,True,,SELL,,
2026-03-12 01:23:20,A_VALIDATION_PIPELINE_V1,SPY,plan_skipped,CHOP,CHOP,OFF,alpha_mode_off,0.3349,2.0,True,,SELL,,
2026-03-12 01:23:24,A_VALIDATION_PIPELINE_V1,SPY,rejection_reason,CHOP,CHOP,OFF,alpha_mode_off,0.3349,2.0,True,,SELL,,
2026-03-12 01:23:24,A_VALIDATION_PIPELINE_V1,SPY,plan_skipped,CHOP,CHOP,OFF,alpha_mode_off,0.3349,2.0,True,,SELL,,
2026-03-12 01:23:28,A_VALIDATION_PIPELINE_V1,SPY,rejection_reason,CHOP,CHOP,OFF,alpha_mode_off,0.3349,2.0,True,,SELL,,
2026-03-12 01:23:28,A_VALIDATION_PIPELINE_V1,SPY,plan_skipped,CHOP,CHOP,OFF,alpha_mode_off,0.3349,2.0,True,,SELL,,
2026-03-12 01:23:33,A_VALIDATION_PIPELINE_V1,SPY,rejection_reason,CHOP,CHOP,OFF,alpha_mode_off,0.3349,2.0,True,,SELL,,
2026-03-12 01:23:33,A_VALIDATION_PIPELINE_V1,SPY,plan_skipped,CHOP,CHOP,OFF,alpha_mode_off,0.3349,2.0,True,,SELL,,
2026-03-12 01:23:37,A_VALIDATION_PIPELINE_V1,SPY,rejection_reason,CHOP,CHOP,OFF,alpha_mode_off,0.3349,2.0,True,,SELL,,
2026-03-12 01:23:37,A_VALIDATION_PIPELINE_V1,SPY,plan_skipped,CHOP,CHOP,OFF,alpha_mode_off,0.3349,2.0,True,,SELL,,
2026-03-12 01:23:42,A_VALIDATION_PIPELINE_V1,SPY,rejection_reason,CHOP,CHOP,OFF,alpha_mode_off,0.3349,2.0,True,,SELL,,
2026-03-12 01:23:42,A_VALIDATION_PIPELINE_V1,SPY,plan_skipped,CHOP,CHOP,OFF,alpha_mode_off,0.3349,2.0,True,,SELL,,
2026-03-12 01:23:46,A_VALIDATION_PIPELINE_V1,SPY,rejection_reason,CHOP,CHOP,OFF,alpha_mode_off,0.3349,2.0,True,,SELL,,
2026-03-12 01:23:46,A_VALIDATION_PIPELINE_V1,SPY,plan_skipped,CHOP,CHOP,OFF,alpha_mode_off,0.3349,2.0,True,,SELL,,
2026-03-12 01:23:51,A_VALIDATION_PIPELINE_V1,SPY,rejection_reason,CHOP,CHOP,OFF,alpha_mode_off,0.3349,2.0,True,,SELL,,
2026-03-12 01:23:51,A_VALIDATION_PIPELINE_V1,SPY,plan_skipped,CHOP,CHOP,OFF,alpha_mode_off,0.3349,2.0,True,,SELL,,
2026-03-12 01:23:55,A_VALIDATION_PIPELINE_V1,SPY,rejection_reason,CHOP,CHOP,OFF,alpha_mode_off,0.3349,2.0,True,,SELL,,
2026-03-12 01:23:55,A_VALIDATION_PIPELINE_V1,SPY,plan_skipped,CHOP,CHOP,OFF,alpha_mode_off,0.3349,2.0,True,,SELL,,
2026-03-12 01:23:59,A_VALIDATION_PIPELINE_V1,SPY,rejection_reason,CHOP,CHOP,OFF,alpha_mode_off,0.3349,2.0,True,,SELL,,
2026-03-12 01:23:59,A_VALIDATION_PIPELINE_V1,SPY,plan_skipped,CHOP,CHOP,OFF,alpha_mode_off,0.3349,2.0,True,,SELL,,
2026-03-12 01:24:04,A_VALIDATION_PIPELINE_V1,SPY,rejection_reason,CHOP,CHOP,OFF,alpha_mode_off,0.3349,2.0,True,,SELL,,
2026-03-12 01:24:04,A_VALIDATION_PIPELINE_V1,SPY,plan_skipped,CHOP,CHOP,OFF,alpha_mode_off,0.3349,2.0,True,,SELL,,
2026-03-12 01:24:09,A_VALIDATION_PIPELINE_V1,SPY,rejection_reason,CHOP,CHOP,OFF,alpha_mode_off,0.3349,2.0,True,,SELL,,
2026-03-12 01:24:09,A_VALIDATION_PIPELINE_V1,SPY,plan_skipped,CHOP,CHOP,OFF,alpha_mode_off,0.3349,2.0,True,,SELL,,
2026-03-12 01:24:13,A_VALIDATION_PIPELINE_V1,SPY,rejection_reason,CHOP,CHOP,OFF,alpha_mode_off,0.3349,2.0,True,,SELL,,
2026-03-12 01:24:13,A_VALIDATION_PIPELINE_V1,SPY,plan_skipped,CHOP,CHOP,OFF,alpha_mode_off,0.3349,2.0,True,,SELL,,
2026-03-12 01:24:18,A_VALIDATION_PIPELINE_V1,SPY,rejection_reason,CHOP,CHOP,OFF,alpha_mode_off,0.3349,2.0,True,,SELL,,
2026-03-12 01:24:18,A_VALIDATION_PIPELINE_V1,SPY,plan_skipped,CHOP,CHOP,OFF,alpha_mode_off,0.3349,2.0,True,,SELL,,
2026-03-12 01:24:22,A_VALIDATION_PIPELINE_V1,SPY,rejection_reason,CHOP,CHOP,OFF,alpha_mode_off,0.3349,2.0,True,,SELL,,
2026-03-12 01:24:22,A_VALIDATION_PIPELINE_V1,SPY,plan_skipped,CHOP,CHOP,OFF,alpha_mode_off,0.3349,2.0,True,,SELL,,
2026-03-12 01:24:27,A_VALIDATION_PIPELINE_V1,SPY,rejection_reason,CHOP,CHOP,OFF,alpha_mode_off,0.3349,2.0,True,,SELL,,
2026-03-12 01:24:27,A_VALIDATION_PIPELINE_V1,SPY,plan_skipped,CHOP,CHOP,OFF,alpha_mode_off,0.3349,2.0,True,,SELL,,
2026-03-12 01:24:31,A_VALIDATION_PIPELINE_V1,SPY,rejection_reason,CHOP,CHOP,OFF,alpha_mode_off,0.3349,2.0,True,,SELL,,
2026-03-12 01:24:31,A_VALIDATION_PIPELINE_V1,SPY,plan_skipped,CHOP,CHOP,OFF,alpha_mode_off,0.3349,2.0,True,,SELL,,
2026-03-12 01:24:35,A_VALIDATION_PIPELINE_V1,SPY,rejection_reason,CHOP,CHOP,OFF,alpha_mode_off,0.3349,2.0,True,,SELL,,
2026-03-12 01:24:35,A_VALIDATION_PIPELINE_V1,SPY,plan_skipped,CHOP,CHOP,OFF,alpha_mode_off,0.3349,2.0,True,,SELL,,
2026-03-12 01:24:40,A_VALIDATION_PIPELINE_V1,SPY,rejection_reason,CHOP,CHOP,OFF,alpha_mode_off,0.3349,2.0,True,,SELL,,
2026-03-12 01:24:40,A_VALIDATION_PIPELINE_V1,SPY,plan_skipped,CHOP,CHOP,OFF,alpha_mode_off,0.3349,2.0,True,,SELL,,
2026-03-12 01:24:44,A_VALIDATION_PIPELINE_V1,SPY,rejection_reason,CHOP,CHOP,OFF,alpha_mode_off,0.3349,2.0,True,,SELL,,
2026-03-12 01:24:44,A_VALIDATION_PIPELINE_V1,SPY,plan_skipped,CHOP,CHOP,OFF,alpha_mode_off,0.3349,2.0,True,,SELL,,
2026-03-12 01:24:49,A_VALIDATION_PIPELINE_V1,SPY,rejection_reason,CHOP,CHOP,OFF,alpha_mode_off,0.3349,2.0,True,,SELL,,
2026-03-12 01:24:49,A_VALIDATION_PIPELINE_V1,SPY,plan_skipped,CHOP,CHOP,OFF,alpha_mode_off,0.3349,2.0,True,,SELL,,
2026-03-12 01:24:53,A_VALIDATION_PIPELINE_V1,SPY,rejection_reason,CHOP,CHOP,OFF,alpha_mode_off,0.3349,2.0,True,,SELL,,
2026-03-12 01:24:53,A_VALIDATION_PIPELINE_V1,SPY,plan_skipped,CHOP,CHOP,OFF,alpha_mode_off,0.3349,2.0,True,,SELL,,
